model,signal,correlation,p_value,raw_auroc,predictive_power,direction,n
llama,attention_collapse_detected,-0.03429985416476914,0.03851878412463367,0.49285877411856394,0.5071412258814361,lower_more_failure,3640
llama,attn_entropy_norm_mean,0.21423632825620198,4.696250608547303e-39,0.7145767943905954,0.7145767943905954,higher_more_failure,3640
llama,attn_entropy_norm_std,-0.12753007134091315,1.1352760826067789e-14,0.37995498688744767,0.6200450131125523,lower_more_failure,3640
llama,collapsed_rate_mean,-0.19691544449719833,3.823851319779514e-33,0.30065651904822144,0.6993434809517786,lower_more_failure,3640
llama,collapsed_rate_mean_zscore,-0.19691544449719833,3.823851319779514e-33,0.30065651904822144,0.6993434809517786,lower_more_failure,3640
llama,compound_density_per_100t,0.01675356499488652,0.3122525694476969,0.5188253632164255,0.5188253632164255,higher_more_failure,3640
llama,concentration_max_mean,-0.08960076859480537,6.13340417445746e-08,0.41170357906032795,0.588296420939672,lower_more_failure,3640
llama,concentration_min_mean,-0.10272664270180579,5.22953828912357e-10,0.39759516894349933,0.6024048310565007,lower_more_failure,3640
llama,cs_confident_repetition_risk,-0.015136397747311594,0.36126671632687507,0.4930302688136897,0.5069697311863103,lower_more_failure,3640
llama,early10_entropy_mean,0.20444387675590311,1.2000662903495357e-35,0.6799476007297863,0.6799476007297863,higher_more_failure,3640
llama,early10_entropy_slope,-0.06810559174410594,3.9167128322101446e-05,0.45758944679377084,0.5424105532062291,lower_more_failure,3640
llama,early10_margin_mean,-0.19994785104131946,3.8572574056247155e-34,0.3151325390808394,0.6848674609191606,lower_more_failure,3640
llama,early10_margin_slope,0.015200909466327838,0.35922359660771414,0.5017527267232034,0.5017527267232034,higher_more_failure,3640
llama,early10_surprisal_mean,0.14533490596960247,1.2269332702742161e-18,0.6314086591237301,0.6314086591237301,higher_more_failure,3640
llama,early10_surprisal_slope,-0.035527220011247924,0.0320823325558201,0.49422393981045587,0.5057760601895441,lower_more_failure,3640
llama,early25p_entropy_mean,0.21380726404403794,6.678257147514362e-39,0.7167654742125464,0.7167654742125464,higher_more_failure,3640
llama,early25p_entropy_slope,-0.11237700231808195,1.0520668121050263e-11,0.36824410656782236,0.6317558934321776,lower_more_failure,3640
llama,early25p_margin_mean,-0.23866645775828235,2.5739856756296894e-48,0.2648913852781143,0.7351086147218857,lower_more_failure,3640
llama,early25p_margin_slope,0.08461300664462579,3.182209077754488e-07,0.6157517028489343,0.6157517028489343,higher_more_failure,3640
llama,early25p_surprisal_mean,0.19353619766274097,4.71568782947554e-32,0.6969162367272019,0.6969162367272019,higher_more_failure,3640
llama,early25p_surprisal_slope,-0.09577439522137286,7.054232105323107e-09,0.3947833351303487,0.6052166648696513,lower_more_failure,3640
llama,early50p_entropy_mean,0.17983868576109316,7.784943847428465e-28,0.6818663037544603,0.6818663037544603,higher_more_failure,3640
llama,early50p_entropy_slope,-0.10664395244785066,1.1164490690877172e-10,0.3646053626900556,0.6353946373099444,lower_more_failure,3640
llama,early50p_margin_mean,-0.21379310192554044,6.756233210126036e-39,0.2879124256396455,0.7120875743603545,lower_more_failure,3640
llama,early50p_margin_slope,0.08953180741573719,6.278471427206269e-08,0.6212318922402046,0.6212318922402046,higher_more_failure,3640
llama,early50p_surprisal_mean,0.16626583231306516,5.630255781477399e-24,0.6665243204098213,0.6665243204098213,higher_more_failure,3640
llama,early50p_surprisal_slope,-0.09097817140987524,3.831378524228023e-08,0.3859148520348864,0.6140851479651136,lower_more_failure,3640
llama,entropy_diff_std,0.06652004081174645,5.90976773043249e-05,0.5649790852880474,0.5649790852880474,higher_more_failure,3640
llama,entropy_early_late_delta,-0.12052490459566062,2.9717825672497444e-13,0.35517655039269735,0.6448234496073026,lower_more_failure,3640
llama,entropy_max,-0.10230035865234723,6.165420036910943e-10,0.40293570052611516,0.5970642994738848,lower_more_failure,3640
llama,entropy_mean,0.14484848341790857,1.6000970612095486e-18,0.6370594942264869,0.6370594942264869,higher_more_failure,3640
llama,entropy_p90,0.14731103707760995,4.132852104372977e-19,0.6470656153985257,0.6470656153985257,higher_more_failure,3640
llama,entropy_range,-0.10230035865234723,6.165420036910943e-10,0.40293570052611516,0.5970642994738848,lower_more_failure,3640
llama,entropy_range_approx,-0.13560498365504434,2.0945124814048916e-16,0.3694904145502212,0.6305095854497789,lower_more_failure,3640
llama,entropy_slope,-0.09747726884269035,3.7911580523362084e-09,0.3620838812815238,0.6379161187184762,lower_more_failure,3640
llama,entropy_std,0.07054885750342767,2.04216963762601e-05,0.5742601744321785,0.5742601744321785,higher_more_failure,3640
llama,failure_risk,0.0021646000231640866,0.8961306337695111,0.5038089650974337,0.5038089650974337,higher_more_failure,3640
llama,failure_risk_is_zero,-0.00944019016884925,0.5691074357986927,0.4929160805142124,0.5070839194857877,lower_more_failure,3640
llama,focused_head_mean,-0.22226963706710462,5.5872480996821063e-42,0.27543873352016635,0.7245612664798337,lower_more_failure,3640
llama,focused_head_mean_zscore,-0.22226963706710465,5.5872480996821063e-42,0.27543873352016635,0.7245612664798337,lower_more_failure,3640
llama,focused_head_rate,-0.22226963706710462,5.5872480996821063e-42,0.27543873352016635,0.7245612664798337,lower_more_failure,3640
llama,hidden_max_abs_last_layer_mean,-0.05129194042902366,0.001964540492092083,0.44158950112872375,0.5584104988712763,lower_more_failure,3640
llama,hidden_max_abs_last_layer_mean_zscore,-0.05129194042902368,0.001964540492092083,0.44158950112872375,0.5584104988712763,lower_more_failure,3640
llama,hidden_std_last_layer_mean,0.08559979430727883,2.3139909932237966e-07,0.5707869823640629,0.5707869823640629,higher_more_failure,3640
llama,hidden_std_last_layer_mean_zscore,0.08559979430727885,2.3139909932237966e-07,0.5707869823640629,0.5707869823640629,higher_more_failure,3640
llama,high_entropy_frac,-0.05023508111597958,0.0024319946225841603,0.42605819443253506,0.573941805567465,lower_more_failure,3640
llama,high_entropy_steps,-0.051305423366671495,0.0019591497269659665,0.42386611867602697,0.576133881323973,lower_more_failure,3640
llama,l2_norm_cross_layer_max,-0.03544058072688036,0.032504327304771305,0.44020947822314516,0.5597905217768548,lower_more_failure,3640
llama,l2_norm_cross_layer_max_zscore,-0.035440580726880354,0.032504327304771305,0.44020947822314516,0.5597905217768548,lower_more_failure,3640
llama,l2_norm_last_layer_mean,0.0852824733917661,2.564617319916407e-07,0.5702877799841919,0.5702877799841919,higher_more_failure,3640
llama,l2_norm_last_layer_mean_zscore,0.08528247339176608,2.564617319916407e-07,0.5702877799841919,0.5702877799841919,higher_more_failure,3640
llama,l2_norm_slope,-0.02143407222373173,0.1960547621761012,0.4602977046029346,0.5397022953970654,lower_more_failure,3640
llama,late50p_entropy_mean,0.07137629918548132,1.6301596708610016e-05,0.5581379751230814,0.5581379751230814,higher_more_failure,3640
llama,late50p_margin_mean,-0.09548148656452118,7.84103697733362e-09,0.42483990291023105,0.575160097089769,lower_more_failure,3640
llama,late50p_surprisal_mean,0.06844802889126705,3.579588753351678e-05,0.5559467483502125,0.5559467483502125,higher_more_failure,3640
llama,margin_diff_std,0.1562721026383115,2.4624292204630442e-21,0.6481718410804505,0.6481718410804505,higher_more_failure,3640
llama,margin_early_late_delta,0.12797668480746002,9.161949288379056e-15,0.6444201823786654,0.6444201823786654,higher_more_failure,3640
llama,margin_mean,-0.17592979041535978,1.0842778972439406e-26,0.3361194146427604,0.6638805853572396,lower_more_failure,3640
llama,margin_min,-0.07410279493582254,7.626170010840543e-06,0.42780243131934603,0.572197568680654,lower_more_failure,3640
llama,margin_range,0.07410279493582264,7.626170010840543e-06,0.572197568680654,0.572197568680654,higher_more_failure,3640
llama,margin_slope,0.10208193981209751,6.706333274003735e-10,0.635260497894945,0.635260497894945,higher_more_failure,3640
llama,margin_std,0.1650658872843419,1.192773166840719e-23,0.6576609312161946,0.6576609312161946,higher_more_failure,3640
llama,max_compound_severity,-0.015136397747311611,0.36126671632687507,0.4930302688136897,0.5069697311863103,lower_more_failure,3640
llama,n_compound_signals,-0.015136397747311594,0.36126671632687507,0.4930302688136897,0.5069697311863103,lower_more_failure,3640
llama,n_warning_signals,0.005449230228909491,0.7424166768637188,0.5062485195847791,0.5062485195847791,higher_more_failure,3640
llama,perplexity_max,-0.10332870714767883,4.1398739074089786e-10,0.40293570052611516,0.5970642994738848,lower_more_failure,3640
llama,perplexity_mean,0.06931217176918908,2.84704158353911e-05,0.5944498543568567,0.5944498543568567,higher_more_failure,3640
llama,repetition_detected,-0.014519793175197263,0.3811608259165758,0.4989332520572996,0.5010667479427005,lower_more_failure,3640
llama,risk_score,-0.008540110162022807,0.6064986030373446,0.5730953688791462,0.5730953688791462,higher_more_failure,3640
llama,risk_score_is_one,-0.015524448560326646,0.3490867522629231,0.4987808594940567,0.5012191405059433,lower_more_failure,3640
llama,risk_score_is_zero,-0.015524448560326557,0.34908675226292996,0.4987808594940567,0.5012191405059433,lower_more_failure,3640
llama,surprisal_diff_std,0.07796037085652067,2.4882529750126726e-06,0.5729094414621536,0.5729094414621536,higher_more_failure,3640
llama,surprisal_early_late_delta,-0.10595365813844035,1.4716169885100845e-10,0.3706908774161013,0.6293091225838987,lower_more_failure,3640
llama,surprisal_max,-0.04084072963940132,0.013731887843328006,0.4600523483311953,0.5399476516688047,lower_more_failure,3640
llama,surprisal_mean,0.13654526604549433,1.294781522327243e-16,0.6296750345324096,0.6296750345324096,higher_more_failure,3640
llama,surprisal_p90,0.1476955634156332,3.338395368085051e-19,0.6488247094990233,0.6488247094990233,higher_more_failure,3640
llama,surprisal_range,-0.04084072963940132,0.013731887843328006,0.4600523483311953,0.5399476516688047,lower_more_failure,3640
llama,surprisal_slope,-0.08167555089705623,8.046519743908345e-07,0.3771635286816388,0.6228364713183612,lower_more_failure,3640
llama,surprisal_std,0.07815927452497362,2.345249865097773e-06,0.5766891166240335,0.5766891166240335,higher_more_failure,3640
llama,surprisal_volatility,-0.15139165566274806,2.502196592731173e-18,0.3570099333342333,0.6429900666657666,lower_more_failure,3291
llama,topk_mass_mean,0.043040417467736354,0.009402994255107608,0.5747271154337584,0.5747271154337584,higher_more_failure,3640
llama,topk_mass_std,-0.08134114047974325,8.925232512856039e-07,0.4024025388006748,0.5975974611993252,lower_more_failure,3640
llama,warning_density_per_100t,-0.013930401846130166,0.40079241699294227,0.5031038841850479,0.5031038841850479,higher_more_failure,3640
mistral7b,attn_entropy_norm_mean,0.13594678119737913,1.7592205211962932e-16,0.5388036667165861,0.5388036667165861,higher_more_failure,3640
mistral7b,attn_entropy_norm_std,0.11004798735829686,2.7869772812266673e-11,0.5526038259334284,0.5526038259334284,higher_more_failure,3640
mistral7b,collapsed_rate_mean,-0.35286991916812444,3.322500728065874e-107,0.2959826910799158,0.7040173089200842,lower_more_failure,3640
mistral7b,collapsed_rate_mean_zscore,-0.3528699191681245,3.322500728065874e-107,0.2959826910799158,0.7040173089200842,lower_more_failure,3640
mistral7b,compound_density_per_100t,-0.2611470612396888,7.995702992071467e-58,0.3561081728685042,0.6438918271314957,lower_more_failure,3640
mistral7b,concentration_max_mean,0.6324741546344451,0.0,0.802194039615042,0.802194039615042,higher_more_failure,3640
mistral7b,concentration_min_mean,-0.10495608674537871,2.186757620767756e-10,0.4741152824522546,0.5258847175477455,lower_more_failure,3640
mistral7b,cs_confident_repetition_risk,0.06450857988864903,9.832913120577294e-05,0.5112854789510606,0.5112854789510606,higher_more_failure,3640
mistral7b,early10_entropy_mean,-0.045314853343288414,0.0062490272502604746,0.5097552632201212,0.5097552632201212,higher_more_failure,3640
mistral7b,early10_entropy_slope,0.5279591142510838,1.8481448783430937e-260,0.8241360121698418,0.8241360121698418,higher_more_failure,3640
mistral7b,early10_margin_mean,0.08689795988575734,1.5135969199210393e-07,0.5320982730490025,0.5320982730490025,higher_more_failure,3640
mistral7b,early10_margin_slope,-0.5235102687102355,2.3844849398985582e-255,0.1854229887050626,0.8145770112949374,lower_more_failure,3640
mistral7b,early10_surprisal_mean,-0.11238842971080464,1.0469981009712134e-11,0.4404878971553783,0.5595121028446217,lower_more_failure,3640
mistral7b,early10_surprisal_slope,0.42402532756697353,8.241867163773667e-159,0.7655790527386086,0.7655790527386086,higher_more_failure,3640
mistral7b,early25p_entropy_mean,-0.017235244255366416,0.29854254183929085,0.5227728953031031,0.5227728953031031,higher_more_failure,3640
mistral7b,early25p_entropy_slope,0.1599945833858259,2.6758016762148606e-22,0.6280981469366522,0.6280981469366522,higher_more_failure,3640
mistral7b,early25p_margin_mean,-0.052483100558489586,0.0015374114125640609,0.44963655997036367,0.5503634400296363,lower_more_failure,3640
mistral7b,early25p_margin_slope,-0.14720113657072334,4.392404749898294e-19,0.3711127050310946,0.6288872949689054,lower_more_failure,3640
mistral7b,early25p_surprisal_mean,-0.04874019878594706,0.003267830432768421,0.5003028272812542,0.5003028272812542,higher_more_failure,3640
mistral7b,early25p_surprisal_slope,0.1367315921297399,1.1766045050860795e-16,0.6366151445168715,0.6366151445168715,higher_more_failure,3640
mistral7b,early50p_entropy_mean,0.02015041807551571,0.22420244520317423,0.5390319300707017,0.5390319300707017,higher_more_failure,3640
mistral7b,early50p_entropy_slope,0.18782112935751843,2.972366913751869e-30,0.613663957878475,0.613663957878475,higher_more_failure,3640
mistral7b,early50p_margin_mean,-0.09906381439839673,2.105605048970402e-09,0.4239370699371803,0.5760629300628197,lower_more_failure,3640
mistral7b,early50p_margin_slope,-0.16341329984517775,3.3232701193145845e-23,0.3956270542519567,0.6043729457480433,lower_more_failure,3640
mistral7b,early50p_surprisal_mean,-0.010000478230421174,0.5464017019010502,0.520010719549779,0.520010719549779,higher_more_failure,3640
mistral7b,early50p_surprisal_slope,0.16158595191287609,1.0191482099250019e-22,0.6081093394077448,0.6081093394077448,higher_more_failure,3640
mistral7b,entropy_diff_std,0.016776884902424346,0.3115794115710661,0.5161775346611912,0.5161775346611912,higher_more_failure,3640
mistral7b,entropy_early_late_delta,0.17081168938566546,3.11271832160257e-25,0.6049735558165381,0.6049735558165381,higher_more_failure,3640
mistral7b,entropy_max,-0.16193821946029935,8.219765763276168e-23,0.4123985780832499,0.58760142191675,lower_more_failure,3640
mistral7b,entropy_mean,0.12678107635179856,1.6237759553951234e-14,0.596127720282807,0.596127720282807,higher_more_failure,3640
mistral7b,entropy_p90,0.18391615249449964,4.676106474186363e-29,0.6319124149726887,0.6319124149726887,higher_more_failure,3640
mistral7b,entropy_range,-0.16193821946029935,8.219765763276168e-23,0.4123985780832499,0.58760142191675,lower_more_failure,3640
mistral7b,entropy_range_approx,-0.19042803532076877,4.563920767058145e-31,0.39474111499081743,0.6052588850091826,lower_more_failure,3640
mistral7b,entropy_slope,0.2297055939079061,8.611878684650419e-45,0.648797597559726,0.648797597559726,higher_more_failure,3640
mistral7b,entropy_std,-0.025273788312119534,0.12737177323872936,0.49973153833421347,0.5002684616657865,lower_more_failure,3640
mistral7b,failure_risk,0.002070195120102673,0.9006366805428754,0.5001442410007015,0.5001442410007015,higher_more_failure,3640
mistral7b,focused_head_mean,0.11618533660448195,2.0482758390606792e-12,0.6859228665337231,0.6859228665337231,higher_more_failure,3640
mistral7b,focused_head_mean_zscore,0.11618533660448195,2.0482758390606792e-12,0.6859228665337231,0.6859228665337231,higher_more_failure,3640
mistral7b,focused_head_rate,0.11618533660448195,2.0482758390606792e-12,0.6859228665337231,0.6859228665337231,higher_more_failure,3640
mistral7b,hidden_max_abs_last_layer_mean,-0.6445433614159732,0.0,0.11806480598403102,0.881935194015969,lower_more_failure,3640
mistral7b,hidden_max_abs_last_layer_mean_zscore,-0.6445433614159733,0.0,0.11806480598403102,0.881935194015969,lower_more_failure,3640
mistral7b,hidden_std_last_layer_mean,-0.0017089896574783462,0.9179057235268787,0.4807289293849658,0.5192710706150342,lower_more_failure,3640
mistral7b,hidden_std_last_layer_mean_zscore,-0.001708989657478356,0.9179057235268787,0.4807289293849658,0.5192710706150342,lower_more_failure,3640
mistral7b,high_entropy_frac,-0.13023690422262213,3.0602199132678136e-15,0.45415090919122575,0.5458490908087743,lower_more_failure,3640
mistral7b,high_entropy_steps,-0.12271854822402187,1.0904253167791473e-13,0.4541211151484579,0.5458788848515421,lower_more_failure,3640
mistral7b,l2_norm_cross_layer_max,-0.587010860050317,0.0,0.14824695951005354,0.8517530404899465,lower_more_failure,3640
mistral7b,l2_norm_cross_layer_max_zscore,-0.587010860050317,0.0,0.14824695951005354,0.8517530404899465,lower_more_failure,3640
mistral7b,l2_norm_last_layer_mean,-0.002582585752787386,0.8762219071998061,0.48029289593366487,0.5197071040663351,lower_more_failure,3640
mistral7b,l2_norm_last_layer_mean_zscore,-0.002582585752787385,0.8762219071998061,0.48029289593366487,0.5197071040663351,lower_more_failure,3640
mistral7b,l2_norm_slope,0.22655910790924308,1.372197281562767e-43,0.6950467797999542,0.6950467797999542,higher_more_failure,3640
mistral7b,late50p_entropy_mean,0.19118336806911904,2.6383561917067503e-31,0.6395794153116158,0.6395794153116158,higher_more_failure,3640
mistral7b,late50p_margin_mean,-0.2246880657100798,6.9781284020224745e-43,0.3526820155906393,0.6473179844093607,lower_more_failure,3640
mistral7b,late50p_surprisal_mean,0.1567159944641033,1.8951705585399765e-21,0.6233197499822655,0.6233197499822655,higher_more_failure,3640
mistral7b,margin_diff_std,0.19759384861963925,2.2963603656201445e-33,0.6191391255684908,0.6191391255684908,higher_more_failure,3640
mistral7b,margin_early_late_delta,-0.13064319393203416,2.50760253549173e-15,0.4199440376445366,0.5800559623554634,lower_more_failure,3640
mistral7b,margin_mean,-0.19711700895213333,3.286899079772455e-33,0.37112720795138365,0.6288727920486163,lower_more_failure,3640
mistral7b,margin_min,-0.19973003144025345,4.5538679201040885e-34,0.3785790290925428,0.6214209709074572,lower_more_failure,3640
mistral7b,margin_range,0.19973003144025345,4.5538679201040885e-34,0.6214209709074572,0.6214209709074572,higher_more_failure,3640
mistral7b,margin_slope,-0.22086145116522202,1.854961119957282e-41,0.369368255945015,0.630631744054985,lower_more_failure,3640
mistral7b,margin_std,0.18428924170817895,3.6031987416142727e-29,0.6104783599088838,0.6104783599088838,higher_more_failure,3640
mistral7b,max_compound_severity,0.06450857988864923,9.832913120576748e-05,0.5112854789510606,0.5112854789510606,higher_more_failure,3640
mistral7b,n_compound_signals,0.06450857988864903,9.832913120577294e-05,0.5112854789510606,0.5112854789510606,higher_more_failure,3640
mistral7b,n_warning_signals,-0.13108519131508947,2.0176954110288987e-15,0.43298578871452104,0.567014211285479,lower_more_failure,3640
mistral7b,perplexity_max,-0.1998349712714757,4.203917125544627e-34,0.4123985780832499,0.58760142191675,lower_more_failure,3640
mistral7b,perplexity_mean,-0.0011420344178244613,0.9450866913524583,0.5353232811280749,0.5353232811280749,higher_more_failure,3640
mistral7b,risk_score,0.0602591411704331,0.000275151401716378,0.5113056569271149,0.5113056569271149,higher_more_failure,3640
mistral7b,risk_score_is_one,0.06450857988864903,9.832913120577294e-05,0.5112854789510606,0.5112854789510606,higher_more_failure,3640
mistral7b,surprisal_diff_std,0.032134215678213465,0.05255378231836916,0.5287294968905423,0.5287294968905423,higher_more_failure,3640
mistral7b,surprisal_early_late_delta,0.15131493686129285,4.3528714455666737e-20,0.5873301227230808,0.5873301227230808,higher_more_failure,3640
mistral7b,surprisal_max,0.020134722529214055,0.2245636182815398,0.5125122368389939,0.5125122368389939,higher_more_failure,3640
mistral7b,surprisal_mean,0.08517980396753815,2.6511779828229717e-07,0.5727433377209922,0.5727433377209922,higher_more_failure,3640
mistral7b,surprisal_p90,0.12363234142240936,7.143416760398059e-14,0.6035383972696675,0.6035383972696675,higher_more_failure,3640
mistral7b,surprisal_range,0.020134722529214055,0.2245636182815398,0.5125122368389939,0.5125122368389939,higher_more_failure,3640
mistral7b,surprisal_slope,0.20078281853977076,2.0375659431612963e-34,0.6373547934516163,0.6373547934516163,higher_more_failure,3640
mistral7b,surprisal_std,0.0017658964960468272,0.9151822547784028,0.510283989248922,0.510283989248922,higher_more_failure,3640
mistral7b,surprisal_volatility,-0.19655431952290117,6.103845905412484e-32,0.384367408023838,0.615632591976162,lower_more_failure,3514
mistral7b,topk_mass_mean,0.254890606557812,4.4233288273745654e-55,0.6902912407090668,0.6902912407090668,higher_more_failure,3640
mistral7b,topk_mass_std,-0.2969780289624717,5.109626966605682e-75,0.3281525328877364,0.6718474671122636,lower_more_failure,3640
mistral7b,warning_density_per_100t,-0.2693028395352448,1.6341213330059246e-61,0.31766581803564253,0.6823341819643575,lower_more_failure,3640
mixtral,attention_collapse_detected,0.007774870362342924,0.6400017287386882,0.5001924041482132,0.5001924041482132,higher_more_failure,3621
mixtral,attn_entropy_norm_mean,0.4910263771827306,4.148912510022161e-219,0.7890467042878543,0.7890467042878543,higher_more_failure,3621
mixtral,attn_entropy_norm_std,-0.47754597005750504,1.0855383330580252e-205,0.2020208019851641,0.7979791980148359,lower_more_failure,3621
mixtral,collapsed_rate_mean,-0.5182013094036578,4.662320122334182e-248,0.1698749254581994,0.8301250745418006,lower_more_failure,3621
mixtral,collapsed_rate_mean_zscore,-0.5182013094036577,4.662320122334182e-248,0.1698749254581994,0.8301250745418006,lower_more_failure,3621
mixtral,compound_density_per_100t,-0.09367065106659456,1.6319518485520078e-08,0.48546206440005446,0.5145379355999455,lower_more_failure,3621
mixtral,concentration_max_mean,-0.39637557664683476,1.5957306912990951e-136,0.2512166981755958,0.7487833018244042,lower_more_failure,3621
mixtral,concentration_min_mean,-0.10770524269924625,8.149937804758055e-11,0.3777401092083914,0.6222598907916086,lower_more_failure,3621
mixtral,cs_confident_repetition_risk,0.08345586543075019,4.931056157567071e-07,0.5188002712949256,0.5188002712949256,higher_more_failure,3621
mixtral,early10_entropy_mean,0.02700339257735627,0.10423556022928883,0.5437972422410531,0.5437972422410531,higher_more_failure,3621
mixtral,early10_entropy_slope,0.5098831015774201,6.45676408355306e-239,0.8158841215980679,0.8158841215980679,higher_more_failure,3621
mixtral,early10_margin_mean,-0.022355958956080942,0.17863564967544363,0.4726863951145253,0.5273136048854747,lower_more_failure,3621
mixtral,early10_margin_slope,-0.47346322797371576,9.596812271081707e-202,0.20470769122467863,0.7952923087753214,lower_more_failure,3621
mixtral,early10_surprisal_mean,0.030331175042929783,0.06800700093259075,0.5443775006616536,0.5443775006616536,higher_more_failure,3621
mixtral,early10_surprisal_slope,0.43767882536359665,2.3278792816767914e-169,0.7849859106689708,0.7849859106689708,higher_more_failure,3621
mixtral,early25p_entropy_mean,0.24220094647606802,1.6973371814927187e-49,0.6696540922010155,0.6696540922010155,higher_more_failure,3621
mixtral,early25p_entropy_slope,0.12301799371716472,1.1263503130761383e-13,0.5470512638409252,0.5470512638409252,higher_more_failure,3618
mixtral,early25p_margin_mean,-0.2938769739186441,4.70523761435079e-73,0.3100921983079265,0.6899078016920734,lower_more_failure,3621
mixtral,early25p_margin_slope,-0.11823319099118318,9.729327759781208e-13,0.44542125262343224,0.5545787473765678,lower_more_failure,3618
mixtral,early25p_surprisal_mean,0.22203215705246165,1.1092819374614998e-41,0.6599381057684693,0.6599381057684693,higher_more_failure,3621
mixtral,early25p_surprisal_slope,0.08436702466078494,3.7354166759280904e-07,0.5381223564396512,0.5381223564396512,higher_more_failure,3618
mixtral,early50p_entropy_mean,0.186576391974917,1.0110452990747457e-29,0.6295319891779859,0.6295319891779859,higher_more_failure,3621
mixtral,early50p_entropy_slope,0.044044600089851595,0.00803147279151606,0.44976457990237984,0.5502354200976202,lower_more_failure,3621
mixtral,early50p_margin_mean,-0.23672080068043477,2.676837358556345e-47,0.3451478279822304,0.6548521720177696,lower_more_failure,3621
mixtral,early50p_margin_slope,-0.029708879902389764,0.07385645644875208,0.5544584965468786,0.5544584965468786,higher_more_failure,3621
mixtral,early50p_surprisal_mean,0.1780926916090648,3.463788352064536e-27,0.6273250103732404,0.6273250103732404,higher_more_failure,3621
mixtral,early50p_surprisal_slope,0.02859779984973196,0.08531924522895093,0.4438729855099539,0.5561270144900461,lower_more_failure,3621
mixtral,entropy_diff_std,0.08230234903353353,7.077390756101899e-07,0.5482849801571589,0.5482849801571589,higher_more_failure,3621
mixtral,entropy_early_late_delta,-0.24814932022019517,6.228604641207392e-52,0.33080703130636424,0.6691929686936358,lower_more_failure,3620
mixtral,entropy_max,-0.08603340069721349,2.1617042506437081e-07,0.4474095328217448,0.5525904671782552,lower_more_failure,3621
mixtral,entropy_mean,0.1049290217098743,2.4615524460122374e-10,0.5716438929197304,0.5716438929197304,higher_more_failure,3621
mixtral,entropy_p90,0.16853795548344233,1.7638922311026824e-24,0.6057276870415383,0.6057276870415383,higher_more_failure,3621
mixtral,entropy_range,-0.08603340069721349,2.1617042506437081e-07,0.4474095328217448,0.5525904671782552,lower_more_failure,3621
mixtral,entropy_range_approx,-0.10637160549617873,1.390894226817922e-10,0.4356474966477343,0.5643525033522657,lower_more_failure,3621
mixtral,entropy_slope,-0.0008329792542590016,0.960037107797085,0.40450103867780274,0.5954989613221973,lower_more_failure,3621
mixtral,entropy_std,0.04724100657010381,0.004464600930571391,0.5321849665517995,0.5321849665517995,higher_more_failure,3621
mixtral,failure_risk,-0.03866245652393654,0.019988159763617862,0.4967910643249203,0.5032089356750797,lower_more_failure,3621
mixtral,focused_head_mean,-0.5259255578466722,8.897929590009615e-257,0.1679791438641522,0.8320208561358478,lower_more_failure,3621
mixtral,focused_head_mean_zscore,-0.5259255578466722,8.897929590009615e-257,0.1679791438641522,0.8320208561358478,lower_more_failure,3621
mixtral,focused_head_rate,-0.5259255578466722,8.897929590009615e-257,0.1679791438641522,0.8320208561358478,lower_more_failure,3621
mixtral,hidden_max_abs_last_layer_mean,-0.461339101204794,2.457003333342603e-190,0.20928342400188446,0.7907165759981155,lower_more_failure,3621
mixtral,hidden_max_abs_last_layer_mean_zscore,-0.461339101204794,2.457003333342603e-190,0.20928342400188446,0.7907165759981155,lower_more_failure,3621
mixtral,hidden_std_last_layer_mean,-0.012496571260162213,0.4522027892998084,0.4389307202920888,0.5610692797079112,lower_more_failure,3621
mixtral,hidden_std_last_layer_mean_zscore,-0.012496571260162216,0.4522027892998084,0.4389307202920888,0.5610692797079112,lower_more_failure,3621
mixtral,high_entropy_frac,-0.0907805086306212,4.447099758382038e-08,0.47940311055065155,0.5205968894493485,lower_more_failure,3621
mixtral,high_entropy_steps,-0.10391133190389831,3.6653299580430284e-10,0.47940311055065155,0.5205968894493485,lower_more_failure,3621
mixtral,l2_norm_cross_layer_max,0.19451015962993268,3.321973441898436e-32,0.6273894835310849,0.6273894835310849,higher_more_failure,3621
mixtral,l2_norm_cross_layer_max_zscore,0.1945101596299327,3.321973441897893e-32,0.6273894835310849,0.6273894835310849,higher_more_failure,3621
mixtral,l2_norm_last_layer_mean,-0.01219973255955956,0.46301599695347895,0.43912227833586825,0.5608777216641317,lower_more_failure,3621
mixtral,l2_norm_last_layer_mean_zscore,-0.012199732559559527,0.46301599695347895,0.43912227833586825,0.5608777216641317,lower_more_failure,3621
mixtral,l2_norm_slope,-0.01597927767625703,0.3364122311911778,0.4469511134395905,0.5530488865604095,lower_more_failure,3621
mixtral,late50p_entropy_mean,-0.02644621730067484,0.11158184818952083,0.5006530234018949,0.5006530234018949,higher_more_failure,3621
mixtral,late50p_margin_mean,-0.005356977205934635,0.7472665242429646,0.4868398608598181,0.5131601391401819,lower_more_failure,3621
mixtral,late50p_surprisal_mean,-0.02889658279993725,0.08210388025971364,0.503798162802677,0.503798162802677,higher_more_failure,3621
mixtral,margin_diff_std,0.1999829597492305,5.548371619317974e-34,0.6129811711303752,0.6129811711303752,higher_more_failure,3621
mixtral,margin_early_late_delta,0.28088197999172726,1.2831086082765057e-66,0.6829078571261634,0.6829078571261634,higher_more_failure,3620
mixtral,margin_mean,-0.15228537957687732,3.131425253492817e-20,0.403332737675812,0.596667262324188,lower_more_failure,3621
mixtral,margin_min,-0.130842231826131,2.686177691995846e-15,0.4391021410503473,0.5608978589496527,lower_more_failure,3621
mixtral,margin_range,0.13084223182613094,2.6861776919961378e-15,0.5608978589496527,0.5608978589496527,higher_more_failure,3621
mixtral,margin_slope,0.041758895440283154,0.011968915559571658,0.613583259045364,0.613583259045364,higher_more_failure,3621
mixtral,margin_std,0.1859288188293711,1.59454751491778e-29,0.6035332305824108,0.6035332305824108,higher_more_failure,3621
mixtral,max_compound_severity,0.08345586543075026,4.931056157567071e-07,0.5188002712949256,0.5188002712949256,higher_more_failure,3621
mixtral,n_compound_signals,0.08345586543075019,4.931056157567071e-07,0.5188002712949256,0.5188002712949256,higher_more_failure,3621
mixtral,n_warning_signals,-0.18435969705054708,4.7760919033733934e-29,0.4025639671873932,0.5974360328126068,lower_more_failure,3621
mixtral,perplexity_max,-0.1490590604167936,1.9346994935948302e-19,0.4474095328217448,0.5525904671782552,lower_more_failure,3621
mixtral,perplexity_mean,0.03082501742554828,0.06364081337577729,0.5399153150994443,0.5399153150994443,higher_more_failure,3621
mixtral,repetition_detected,-0.029436424097238945,0.07654382023522788,0.4987389659520807,0.5012610340479193,lower_more_failure,3621
mixtral,risk_score,0.07397119867845127,8.359405124127402e-06,0.518691800706531,0.518691800706531,higher_more_failure,3621
mixtral,risk_score_is_one,0.08345586543075019,4.931056157567071e-07,0.5188002712949256,0.5188002712949256,higher_more_failure,3621
mixtral,surprisal_diff_std,0.08633949970217364,1.9569383863189298e-07,0.5525764218446566,0.5525764218446566,higher_more_failure,3621
mixtral,surprisal_early_late_delta,-0.23417397576137355,2.7692411348048352e-46,0.33878240269833515,0.6612175973016649,lower_more_failure,3620
mixtral,surprisal_max,-0.0024291245547668804,0.883825316394897,0.4927871289239785,0.5072128710760215,lower_more_failure,3621
mixtral,surprisal_mean,0.099084531702375,2.3003967937779324e-09,0.5713074817969093,0.5713074817969093,higher_more_failure,3621
mixtral,surprisal_p90,0.1195509478162721,5.300597691612654e-13,0.5969642449804008,0.5969642449804008,higher_more_failure,3621
mixtral,surprisal_range,-0.0024291245547668804,0.883825316394897,0.4927871289239785,0.5072128710760215,lower_more_failure,3621
mixtral,surprisal_slope,-0.08423811428816905,3.848934165118339e-07,0.3959591067573962,0.6040408932426038,lower_more_failure,3621
mixtral,surprisal_std,0.06238269850810941,0.00017249520216578302,0.5374321678075539,0.5374321678075539,higher_more_failure,3621
mixtral,surprisal_volatility,-0.11312572256768222,5.474099717116601e-11,0.4403051135885456,0.5596948864114544,lower_more_failure,3341
mixtral,topk_mass_mean,0.20273707674045832,6.758417578505938e-35,0.6159735040704392,0.6159735040704392,higher_more_failure,3621
mixtral,topk_mass_std,-0.22153347242975166,1.69367960231836e-41,0.38641301809512785,0.6135869819048722,lower_more_failure,3621
mixtral,warning_density_per_100t,-0.14836942186917237,2.8406576585801237e-19,0.4126288870883787,0.5873711129116213,lower_more_failure,3621
qwen,attention_collapse_detected,-0.0026544629542413697,0.872805900542472,0.4998591152437306,0.5001408847562694,lower_more_failure,3640
qwen,attn_entropy_norm_mean,0.11977048404623518,4.177892696023799e-13,0.7080991704829406,0.7080991704829406,higher_more_failure,3640
qwen,attn_entropy_norm_std,-0.09584056332916956,6.887422897510725e-09,0.31781433556581484,0.6821856644341852,lower_more_failure,3640
qwen,collapsed_rate_mean,-0.09453840810762174,1.0997951819095314e-08,0.310790224146099,0.689209775853901,lower_more_failure,3640
qwen,collapsed_rate_mean_zscore,-0.09453840810762171,1.0997951819095314e-08,0.310790224146099,0.689209775853901,lower_more_failure,3640
qwen,compound_density_per_100t,-0.041563656879184556,0.01214654367435123,0.3460671478422958,0.6539328521577041,lower_more_failure,3640
qwen,concentration_max_mean,-0.13578537879523608,1.91038392548168e-16,0.24055065813307572,0.7594493418669243,lower_more_failure,3640
qwen,concentration_min_mean,-0.12563698334941184,2.793630441421631e-14,0.23202016355017202,0.767979836449828,lower_more_failure,3640
qwen,cs_confident_repetition_risk,0.021898819575945482,0.1865303004570127,0.5205691744153282,0.5205691744153282,higher_more_failure,3640
qwen,cs_degenerating_generation,-0.0026544629542413663,0.872805900542472,0.4998591152437306,0.5001408847562694,lower_more_failure,3640
qwen,early10_entropy_mean,-0.048048103440459226,0.0037371423217727297,0.4160621007620162,0.5839378992379838,lower_more_failure,3640
qwen,early10_entropy_slope,0.027025367792608664,0.10305007230897756,0.5601577909270217,0.5601577909270217,higher_more_failure,3640
qwen,early10_margin_mean,0.0036028218281090652,0.827980026874657,0.5148083812496324,0.5148083812496324,higher_more_failure,3640
qwen,early10_margin_slope,0.006265114625902047,0.7055320998051873,0.4866283336274883,0.5133716663725116,lower_more_failure,3640
qwen,early10_surprisal_mean,-0.05876135945160944,0.0003895528953880462,0.3954557699274521,0.6045442300725479,lower_more_failure,3640
qwen,early10_surprisal_slope,0.005431804068575428,0.7432113214239037,0.5232707557306036,0.5232707557306036,higher_more_failure,3640
qwen,early25p_entropy_mean,-0.01641564089999091,0.3221146056835348,0.48413885353868447,0.5158611464613155,lower_more_failure,3640
qwen,early25p_entropy_slope,0.0069734920164356866,0.6742670085309738,0.5942127849577059,0.5942127849577059,higher_more_failure,3635
qwen,early25p_margin_mean,-0.009549324088311913,0.5646496462608607,0.47181530782545156,0.5281846921745484,lower_more_failure,3640
qwen,early25p_margin_slope,-0.006945018487566731,0.6755210070732933,0.43548607149058616,0.5645139285094138,lower_more_failure,3635
qwen,early25p_surprisal_mean,-0.017273652729930103,0.2974668874460167,0.48490675286955925,0.5150932471304408,lower_more_failure,3640
qwen,early25p_surprisal_slope,0.0056791852299868965,0.7321337648515711,0.5936794582392777,0.5936794582392777,higher_more_failure,3635
qwen,early50p_entropy_mean,-0.02110480215752873,0.20301517643472564,0.45716329317343685,0.5428367068265632,lower_more_failure,3640
qwen,early50p_entropy_slope,0.005621644448747692,0.7345693821440709,0.5428398031948327,0.5428398031948327,higher_more_failure,3640
qwen,early50p_margin_mean,0.006410016305840507,0.6990502165201051,0.5102009852643834,0.5102009852643834,higher_more_failure,3640
qwen,early50p_margin_slope,0.0017152578271188979,0.9176056913406662,0.4849315238157166,0.5150684761842834,lower_more_failure,3640
qwen,early50p_surprisal_mean,-0.020728562240888492,0.21118670645481277,0.45784449419276135,0.5421555058072387,lower_more_failure,3640
qwen,early50p_surprisal_slope,0.006778685056719287,0.6826580716158948,0.5484287479215628,0.5484287479215628,higher_more_failure,3640
qwen,entropy_diff_std,-0.0528741051482782,0.0014170332034253292,0.39000616177285663,0.6099938382271434,lower_more_failure,3640
qwen,entropy_early_late_delta,-0.03322633970717756,0.04513568851044065,0.43996342162773755,0.5600365783722625,lower_more_failure,3636
qwen,entropy_max,-0.028202084264185887,0.08889534948740363,0.4392631882065525,0.5607368117934475,lower_more_failure,3640
qwen,entropy_mean,-0.04449011413702969,0.0072615948692982555,0.4133218148433702,0.5866781851566298,lower_more_failure,3640
qwen,entropy_p90,-0.03256427929361107,0.04946892422272562,0.4185593217714942,0.5814406782285058,lower_more_failure,3640
qwen,entropy_range,-0.028202084264185887,0.08889534948740363,0.4392631882065525,0.5607368117934475,lower_more_failure,3640
qwen,entropy_range_approx,-0.020228531068206178,0.22241114585803748,0.4562003226415737,0.5437996773584264,lower_more_failure,3640
qwen,entropy_slope,0.006508776185363221,0.6946448913762284,0.5101390578989903,0.5101390578989903,higher_more_failure,3640
qwen,entropy_std,-0.05151729891951591,0.0018762008778136323,0.3910806015624274,0.6089193984375726,lower_more_failure,3640
qwen,failure_risk,-0.0068133153876822885,0.6811258147892372,0.48917354834514604,0.510826451654854,lower_more_failure,3640
qwen,failure_risk_is_zero,0.0029713743810570203,0.8577735907282752,0.5046491969568893,0.5046491969568893,higher_more_failure,3640
qwen,focused_head_mean,-0.10691766158206922,1.000147104764013e-10,0.2801470155654433,0.7198529844345567,lower_more_failure,3640
qwen,focused_head_mean_zscore,-0.10691766158206922,1.000147104764013e-10,0.2801470155654433,0.7198529844345567,lower_more_failure,3640
qwen,focused_head_rate,-0.10691766158206924,1.000147104764013e-10,0.2801470155654433,0.7198529844345567,lower_more_failure,3640
qwen,hidden_max_abs_last_layer_mean,0.013793826155853532,0.40542669427241756,0.531290349549014,0.531290349549014,higher_more_failure,3640
qwen,hidden_max_abs_last_layer_mean_zscore,0.013793826155853535,0.40542669427241756,0.531290349549014,0.531290349549014,higher_more_failure,3640
qwen,hidden_std_last_layer_mean,-0.021136326964703942,0.20234109004247877,0.4650342613149037,0.5349657386850963,lower_more_failure,3640
qwen,hidden_std_last_layer_mean_zscore,-0.02113632696470394,0.20234109004247877,0.4650342613149037,0.5349657386850963,lower_more_failure,3640
qwen,high_entropy_frac,-0.006460206154363672,0.6968101497852071,0.4981313417492623,0.5018686582507377,lower_more_failure,3640
qwen,high_entropy_steps,-0.004819338000319675,0.7713082225854965,0.4981530163271499,0.5018469836728501,lower_more_failure,3640
qwen,l2_norm_cross_layer_max,0.014968757498797326,0.3666099423779264,0.5978390445846067,0.5978390445846067,higher_more_failure,3640
qwen,l2_norm_cross_layer_max_zscore,0.014968757498797326,0.3666099423779264,0.5978390445846067,0.5978390445846067,higher_more_failure,3640
qwen,l2_norm_last_layer_mean,-0.020988923205157033,0.20550703300914033,0.4652850671447459,0.5347149328552541,lower_more_failure,3640
qwen,l2_norm_last_layer_mean_zscore,-0.020988923205157037,0.20550703300914033,0.4652850671447459,0.5347149328552541,lower_more_failure,3640
qwen,l2_norm_slope,0.03535043045858012,0.03294845962123715,0.5468031545799931,0.5468031545799931,higher_more_failure,3640
qwen,late50p_entropy_mean,-0.046262508724992754,0.005243765050083817,0.42242358937202557,0.5775764106279744,lower_more_failure,3640
qwen,late50p_margin_mean,0.0428758705956745,0.00967858392744731,0.5715818416579196,0.5715818416579196,higher_more_failure,3640
qwen,late50p_surprisal_mean,-0.04757199603360493,0.004094696744498294,0.42381385872510124,0.5761861412748988,lower_more_failure,3640
qwen,margin_diff_std,-0.017211507971533216,0.29920858828899943,0.45411646679609485,0.5458835332039051,lower_more_failure,3640
qwen,margin_early_late_delta,0.04508822027876015,0.006543328463408269,0.5849687688897844,0.5849687688897844,higher_more_failure,3636
qwen,margin_mean,0.03465625397979309,0.03654552094501417,0.5650159927421127,0.5650159927421127,higher_more_failure,3640
qwen,margin_min,-0.030758245280637805,0.06352189608112092,0.43924460999693454,0.5607553900030655,lower_more_failure,3640
qwen,margin_p90,0.00265446295424137,0.872805900542472,0.5001408847562694,0.5001408847562694,higher_more_failure,3640
qwen,margin_range,0.030758245280637822,0.06352189608112092,0.5607553900030654,0.5607553900030654,higher_more_failure,3640
qwen,margin_slope,-0.00554825252935225,0.737906425330708,0.5045005712799457,0.5045005712799457,higher_more_failure,3640
qwen,margin_std,-0.021324617813441932,0.19834884655471652,0.4377521604909601,0.5622478395090399,lower_more_failure,3640
qwen,max_compound_severity,0.02163998488461662,0.19179176469467157,0.5202951458234636,0.5202951458234636,higher_more_failure,3640
qwen,n_compound_signals,0.02177701958587442,0.18899275795036946,0.5204282896590589,0.5204282896590589,higher_more_failure,3640
qwen,n_warning_signals,-0.004737541414489002,0.7750843619382661,0.494212887704012,0.505787112295988,lower_more_failure,3640
qwen,perplexity_max,-0.039771452432596145,0.01641152055921003,0.4392631882065525,0.5607368117934475,lower_more_failure,3640
qwen,perplexity_mean,-0.0462779650801341,0.005228654953771057,0.39815580305859255,0.6018441969414074,lower_more_failure,3640
qwen,risk_score,-0.006422043771494386,0.6985131687138992,0.43976479986623684,0.5602352001337632,lower_more_failure,3640
qwen,risk_score_is_zero,-0.00994987934600713,0.5484336621939417,0.4980276134122288,0.5019723865877712,lower_more_failure,3640
qwen,surprisal_diff_std,-0.050342059545104005,0.0023804246662889016,0.3960007307429116,0.6039992692570884,lower_more_failure,3640
qwen,surprisal_early_late_delta,-0.032124005880160726,0.05275910866404089,0.4362683860568204,0.5637316139431796,lower_more_failure,3636
qwen,surprisal_max,-0.025184286772535525,0.1287252862514709,0.43473629779631473,0.5652637022036853,lower_more_failure,3640
qwen,surprisal_mean,-0.045490067577168856,0.0060510184709892485,0.4117798234450813,0.5882201765549187,lower_more_failure,3640
qwen,surprisal_p90,-0.036678632579323106,0.02690489125063661,0.4328722840979815,0.5671277159020185,lower_more_failure,3640
qwen,surprisal_range,-0.025184286772535525,0.1287252862514709,0.43473629779631473,0.5652637022036853,lower_more_failure,3640
qwen,surprisal_slope,0.007147460684675016,0.6664095161036975,0.5038936830990931,0.5038936830990931,higher_more_failure,3640
qwen,surprisal_std,-0.051054972666698145,0.0020615345018038782,0.39189185004907745,0.6081081499509225,lower_more_failure,3640
qwen,surprisal_volatility,0.022754099988745037,0.17860125093813806,0.5669847684592403,0.5669847684592403,higher_more_failure,3496
qwen,topk_mass_mean,0.032968268902138775,0.046710844014026115,0.6336082908356788,0.6336082908356788,higher_more_failure,3640
qwen,topk_mass_std,-0.05826323052162997,0.0004365497814915137,0.36969088955564017,0.6303091104443599,lower_more_failure,3640
qwen,warning_density_per_100t,-0.03012277086922818,0.06919145837234995,0.46086345325567646,0.5391365467443235,lower_more_failure,3640
