model,dataset,signal,predictive_power_in_confident,confident_correct_mean,confident_wrong_mean,delta,n_confident_correct,n_confident_wrong
llama,gsm8k,attn_entropy_norm_mean,0.5138042005420054,0.3523744913391557,0.3526094532073269,0.0002349618681711796,288,41
llama,gsm8k,attn_entropy_norm_std,0.5917174796747968,0.1299575947868228,0.13161306394901542,0.0016554691621926132,288,41
llama,gsm8k,collapsed_rate_mean,0.5011009485094851,0.011516752010634679,0.011526583836196341,9.83182556166251e-06,288,41
llama,gsm8k,collapsed_rate_mean_zscore,0.5011009485094851,0.1284302883641578,0.13101545578848073,0.0025851674243229372,288,41
llama,gsm8k,compound_density_per_100t,0.5092310298102981,0.2031865519945435,0.19586255911578723,-0.007323992878756264,288,41
llama,gsm8k,concentration_max_mean,0.516260162601626,0.9226886488105264,0.9221451983573973,-0.0005434504531290907,288,41
llama,gsm8k,concentration_min_mean,0.5266768292682927,0.1877699753841004,0.1873262059850138,-0.0004437693990866076,288,41
llama,gsm8k,cs_confident_repetition_risk,0.5017361111111112,0.9965277777777778,1.0,0.00347222222222221,288,41
llama,gsm8k,early10_entropy_mean,0.5436144986449865,0.7735571776151575,0.8357998789221597,0.06224270130700216,288,41
llama,gsm8k,early10_entropy_slope,0.5564871273712737,-0.04184153662492983,-0.027812427833065177,0.014029108791864652,288,41
llama,gsm8k,early10_margin_mean,0.5453929539295392,0.6737392030863298,0.6590652217952216,-0.014673981291108196,288,41
llama,gsm8k,early10_margin_slope,0.5282012195121951,0.011712801744314758,0.0090084256415709,-0.002704376102743858,288,41
llama,gsm8k,early10_surprisal_mean,0.5026253387533876,0.7439375926841694,0.7637530537158205,0.019815461031651105,288,41
llama,gsm8k,early10_surprisal_slope,0.5434451219512195,-0.025235114199599475,-0.006953313915807319,0.018281800283792157,288,41
llama,gsm8k,early25p_entropy_mean,0.6159383468834688,0.3470509769785795,0.39001321775672504,0.04296224077814553,288,41
llama,gsm8k,early25p_entropy_slope,0.5512364498644986,-0.003640959749104586,-0.004180944077181437,-0.0005399843280768511,288,41
llama,gsm8k,early25p_margin_mean,0.5987466124661247,0.8321449384010403,0.818410948054909,-0.01373399034613132,288,41
llama,gsm8k,early25p_margin_slope,0.5573340108401084,0.0015423236726572248,0.0017171905562639003,0.00017486688360667554,288,41
llama,gsm8k,early25p_surprisal_mean,0.5837567750677507,0.33974912353687226,0.37885012396644,0.03910100042956777,288,41
llama,gsm8k,early25p_surprisal_slope,0.5128726287262872,-0.003683299512522776,-0.00396214550104192,-0.00027884598851914393,288,41
llama,gsm8k,early50p_entropy_mean,0.6331300813008129,0.24875888554522962,0.280837583350387,0.032078697805157375,288,41
llama,gsm8k,early50p_entropy_slope,0.5410738482384825,-0.0018687277246008487,-0.001985208991613586,-0.00011648126701273732,288,41
llama,gsm8k,early50p_margin_mean,0.5943428184281843,0.8793123158091665,0.8694632403740138,-0.009849075435152677,288,41
llama,gsm8k,early50p_margin_slope,0.5330284552845528,0.0008772223355634351,0.0009119581551889156,3.473581962548048e-05,288,41
llama,gsm8k,early50p_surprisal_mean,0.6242378048780488,0.2414909204933904,0.2772616765086118,0.03577075601522137,288,41
llama,gsm8k,early50p_surprisal_slope,0.5252371273712738,-0.0018777722066664992,-0.0018632235454786746,1.4548661187824621e-05,288,41
llama,gsm8k,entropy_diff_std,0.6122967479674797,0.4541648418172486,0.4811097240111268,0.026944882193878195,288,41
llama,gsm8k,entropy_early_late_delta,0.6165311653116532,-0.3369148981180517,-0.38330126066499415,-0.04638636254694245,288,41
llama,gsm8k,entropy_max,0.5685975609756098,2.8372138919651175,2.9831404818642437,0.1459265898991262,288,41
llama,gsm8k,entropy_mean,0.606029810298103,0.13240023196259995,0.14544729731310221,0.013047065350502263,288,41
llama,gsm8k,entropy_p90,0.5798187669376694,0.4694370404331636,0.5586246196286576,0.08918757919549403,288,41
llama,gsm8k,entropy_range,0.5685975609756098,2.8372138919651175,2.9831404818642437,0.1459265898991262,288,41
llama,gsm8k,entropy_range_approx,0.5613990514905149,2.704813660002517,2.837693184551142,0.13287952454862495,288,41
llama,gsm8k,entropy_slope,0.622459349593496,-0.0009379090097376129,-0.0010516503710224455,-0.00011374136128483267,288,41
llama,gsm8k,entropy_std,0.6389735772357723,0.4009586535179255,0.43297422073542485,0.032015567217499374,288,41
llama,gsm8k,failure_risk,0.5225694444444444,0.028819444444444446,0.0,-0.028819444444444446,288,41
llama,gsm8k,failure_risk_is_zero,0.5225694444444444,0.9548611111111112,1.0,0.04513888888888884,288,41
llama,gsm8k,focused_head_mean,0.5158367208672087,4.855536908998868,4.857700595402668,0.002163686403799936,288,41
llama,gsm8k,focused_head_mean_zscore,0.5158367208672087,-0.3195314508199567,-0.3153891305550873,0.004142320264869381,288,41
llama,gsm8k,focused_head_rate,0.5158367208672087,0.15173552840621463,0.15180314360633337,6.7615200118748e-05,288,41
llama,gsm8k,hidden_max_abs_last_layer_mean,0.5071985094850948,23.33314846099464,23.35313914504908,0.019990684054441488,288,41
llama,gsm8k,hidden_max_abs_last_layer_mean_zscore,0.5071985094850948,-0.9503217749367407,-0.9417354757754565,0.008586299161284283,288,41
llama,gsm8k,hidden_std_last_layer_mean,0.5174457994579946,2.1997436742633543,2.199672785483349,-7.088878000516274e-05,288,41
llama,gsm8k,hidden_std_last_layer_mean_zscore,0.5174457994579946,0.516964531894295,0.5142184948465061,-0.002746037047788974,288,41
llama,gsm8k,high_entropy_frac,0.5358231707317073,0.0002780490451388889,0.0006669207317073171,0.00038887168656842825,288,41
llama,gsm8k,high_entropy_steps,0.5358231707317073,0.1423611111111111,0.34146341463414637,0.19910230352303526,288,41
llama,gsm8k,l2_norm_cross_layer_max,0.5468326558265583,149.47102080451117,149.3424727277058,-0.12854807680537306,288,41
llama,gsm8k,l2_norm_cross_layer_max_zscore,0.5468326558265583,0.1242357633079446,-0.004412278014109182,-0.1286480413220538,288,41
llama,gsm8k,l2_norm_last_layer_mean,0.517699864498645,140.78661425898449,140.78214507906753,-0.004469179916952726,288,41
llama,gsm8k,l2_norm_last_layer_mean_zscore,0.517699864498645,0.5178049291846407,0.5150991901596235,-0.002705739025017251,288,41
llama,gsm8k,l2_norm_slope,0.5185467479674797,0.003935289566230541,0.004577385841423323,0.0006420962751927817,288,41
llama,gsm8k,late50p_entropy_mean,0.5100779132791327,0.016049382812097685,0.010062156692696615,-0.005987226119401071,288,41
llama,gsm8k,late50p_margin_mean,0.5088922764227642,0.9923309569179976,0.9950967595774991,0.0027658026595015484,288,41
llama,gsm8k,late50p_surprisal_mean,0.5110941734417344,0.015539290779159375,0.00990428046137376,-0.005635010317785615,288,41
llama,gsm8k,margin_diff_std,0.5057588075880759,0.23000457553385414,0.23090633300749006,0.0009017574736359113,288,41
llama,gsm8k,margin_early_late_delta,0.5962906504065041,0.1625189030912959,0.1784477359340044,0.01592883284270849,288,41
llama,gsm8k,margin_min,0.5226541327913279,0.014260623552319076,0.010940889396318576,-0.0033197341560005002,288,41
llama,gsm8k,margin_range,0.5226541327913279,0.985739376447681,0.9890591106036815,0.003319734156000509,288,41
llama,gsm8k,margin_slope,0.5955284552845528,0.0004509346218306788,0.00048738874894142234,3.6454127110743535e-05,288,41
llama,gsm8k,margin_std,0.5542005420054201,0.19377267745037857,0.1988172329668328,0.005044555516454219,288,41
llama,gsm8k,max_compound_severity,0.5017361111111112,0.398611111111111,0.39999999999999997,0.0013888888888889395,288,41
llama,gsm8k,n_compound_signals,0.5017361111111112,0.9965277777777778,1.0,0.00347222222222221,288,41
llama,gsm8k,n_warning_signals,0.5225694444444444,0.04513888888888889,0.0,-0.04513888888888889,288,41
llama,gsm8k,perplexity_max,0.5685975609756098,7.685450105337186,8.759431647340788,1.0739815420036019,288,41
llama,gsm8k,perplexity_mean,0.634569783197832,1.162505708435042,1.1878051133774008,0.025299404942358716,288,41
llama,gsm8k,repetition_detected,0.5069444444444444,0.013888888888888888,0.0,-0.013888888888888888,288,41
llama,gsm8k,risk_score,0.5021595528455285,0.40773744841149506,0.40107098250232337,-0.006666465909171693,288,41
llama,gsm8k,risk_score_is_one,0.5069444444444444,0.013888888888888888,0.0,-0.013888888888888888,288,41
llama,gsm8k,surprisal_diff_std,0.6066226287262872,0.637728788223848,0.6895095048982285,0.051780716674380445,288,41
llama,gsm8k,surprisal_early_late_delta,0.586890243902439,-0.3294595165142599,-0.37207065049841154,-0.04261113398415162,288,41
llama,gsm8k,surprisal_max,0.6138634823848239,4.761840094754536,5.1596416929399265,0.3978015981853904,288,41
llama,gsm8k,surprisal_mean,0.6084010840108403,0.12851004549380818,0.14358050287086863,0.015070457377060448,288,41
llama,gsm8k,surprisal_p90,0.5810467479674797,0.1982763444131558,0.241903736265255,0.043627391852099184,288,41
llama,gsm8k,surprisal_range,0.6138634823848239,4.761840094754536,5.1596416929399265,0.3978015981853904,288,41
llama,gsm8k,surprisal_slope,0.5907012195121951,-0.0009229869383938189,-0.0010264819485454502,-0.00010349501015163127,288,41
llama,gsm8k,surprisal_std,0.6270325203252033,0.5085415247389046,0.5571520122689481,0.04861048753004349,288,41
llama,gsm8k,surprisal_volatility,0.5031229235880399,3.835802632046735,3.826188769469669,-0.00961386257706609,215,35
llama,gsm8k,topk_mass_mean,0.5917598238482384,0.9998203646609424,0.9996616719507929,-0.00015869271014945507,288,41
llama,gsm8k,topk_mass_std,0.5884569783197833,0.0026208433902130453,0.0042666067767177145,0.0016457633865046692,288,41
llama,gsm8k,warning_density_per_100t,0.5225694444444444,0.01374844917309371,0.0,-0.01374844917309371,288,41
llama,humaneval,attention_collapse_detected,0.5023769808173478,0.01818181818181818,0.022935779816513763,0.004753961634695582,110,218
llama,humaneval,attn_entropy_norm_mean,0.6429941618015013,0.3481094266961169,0.3405582122847555,-0.007551214411361362,110,218
llama,humaneval,attn_entropy_norm_std,0.5822351959966638,0.135664248229504,0.13711599522718315,0.0014517469976791653,110,218
llama,humaneval,collapsed_rate_mean,0.6263552960800667,0.01167256107263955,0.01312874405887149,0.0014561829862319402,110,218
llama,humaneval,collapsed_rate_mean_zscore,0.6263552960800667,0.16939852045728537,0.5522853807103065,0.38288686025302116,110,218
llama,humaneval,compound_density_per_100t,0.5090909090909091,0.2014508625843098,0.1953125,-0.006138362584309803,110,218
llama,humaneval,concentration_max_mean,0.5573811509591327,0.9219229274778846,0.9227735376959547,0.0008506102180700914,110,218
llama,humaneval,concentration_min_mean,0.62256046705588,0.19559117560290298,0.20526404001690243,0.009672864413999449,110,218
llama,humaneval,cs_confident_repetition_risk,0.5045454545454545,0.990909090909091,1.0,0.009090909090909038,110,218
llama,humaneval,early10_entropy_mean,0.5057756463719767,0.42812187006613833,0.44691052100993856,0.018788650943800222,110,218
llama,humaneval,early10_entropy_slope,0.5189115929941618,-0.05328700970117828,-0.045446008355518354,0.007841001345659925,110,218
llama,humaneval,early10_margin_mean,0.5000208507089241,0.8055689289624042,0.8038594061457509,-0.0017095228166532639,110,218
llama,humaneval,early10_margin_slope,0.5189115929941618,0.020097753131356783,0.017289191208757028,-0.0028085619225997546,110,218
llama,humaneval,early10_surprisal_mean,0.5062343619683068,0.45238121561016936,0.4833087935421117,0.03092757793194234,110,218
llama,humaneval,early10_surprisal_slope,0.5083194328607172,-0.06198175277402105,-0.056045706424465574,0.005936046349555475,110,218
llama,humaneval,early25p_entropy_mean,0.5640116763969976,0.20737363475446505,0.1866778796575949,-0.02069575509687016,110,218
llama,humaneval,early25p_entropy_slope,0.5631359466221852,-0.0014295953494657932,-0.0020430195528151444,-0.0006134242033493512,110,218
llama,humaneval,early25p_margin_mean,0.5744370308590492,0.9082444090070737,0.9167538876239415,0.008509478616867794,110,218
llama,humaneval,early25p_margin_slope,0.5492493744787323,0.0007637006763609676,0.0009607212095745423,0.00019702053321357465,110,218
llama,humaneval,early25p_surprisal_mean,0.5533361134278566,0.20442917586665885,0.18743853445547112,-0.016990641411187724,110,218
llama,humaneval,early25p_surprisal_slope,0.5708090075062552,-0.0014626124271982434,-0.002245958181236175,-0.0007833457540379317,110,218
llama,humaneval,early50p_entropy_mean,0.5267723102585489,0.14097688470064515,0.1337426722466276,-0.007234212454017563,110,218
llama,humaneval,early50p_entropy_slope,0.5334445371142619,-0.0010972594000622747,-0.0009633657396008726,0.0001338936604614021,110,218
llama,humaneval,early50p_margin_mean,0.5261050875729775,0.9394985925083588,0.9415647307371586,0.002066138228799863,110,218
llama,humaneval,early50p_margin_slope,0.5517514595496247,0.0005192741233149021,0.0004460987726342623,-7.317535068063983e-05,110,218
llama,humaneval,early50p_surprisal_mean,0.5144286905754796,0.13573302447785693,0.13047534811978304,-0.005257676358073893,110,218
llama,humaneval,early50p_surprisal_slope,0.5291909924937448,-0.001121314069658897,-0.0010242211889605738,9.709288069832309e-05,110,218
llama,humaneval,entropy_diff_std,0.523394495412844,0.4093843216367196,0.4106081991956627,0.0012238775589430984,110,218
llama,humaneval,entropy_early_late_delta,0.5714345287739783,-0.18591636643474116,-0.1599518250982796,0.02596454133646156,110,218
llama,humaneval,entropy_max,0.5164720600500418,3.2405198436634852,3.2926236321489664,0.05210378848548114,110,218
llama,humaneval,entropy_mean,0.5042952460383654,0.08248470662340072,0.0815046527523015,-0.000980053871099229,110,218
llama,humaneval,entropy_p90,0.5111759799833193,0.05593477335900608,0.06290867595264574,0.006973902593639655,110,218
llama,humaneval,entropy_range,0.5164720600500418,3.2405198436634852,3.2926236321489664,0.05210378848548114,110,218
llama,humaneval,entropy_range_approx,0.5172226855713095,3.1580351370400845,3.211118979396665,0.05308384235658048,110,218
llama,humaneval,entropy_slope,0.5614261884904086,-0.0004879621329851045,-0.00043266693653146567,5.529519645363886e-05,110,218
llama,humaneval,entropy_std,0.501209341117598,0.3436655361625626,0.33803572682353245,-0.0056298093390301784,110,218
llama,humaneval,failure_risk,0.5050250208507089,0.03,0.03715596330275229,0.00715596330275229,110,218
llama,humaneval,failure_risk_is_zero,0.5048790658882402,0.9363636363636364,0.926605504587156,-0.009758131776480439,110,218
llama,humaneval,focused_head_mean,0.637281067556297,5.18034850797711,5.444932290173452,0.2645837821963424,110,218
llama,humaneval,focused_head_mean_zscore,0.637281067556297,0.30231174528698534,0.8088503826897014,0.5065386374027161,110,218
llama,humaneval,focused_head_rate,0.637281067556297,0.16188589087428468,0.17015413406792038,0.0082682431936357,110,218
llama,humaneval,hidden_max_abs_last_layer_mean,0.6790658882402002,24.302423108526636,25.675363558148025,1.3729404496213888,110,218
llama,humaneval,hidden_max_abs_last_layer_mean_zscore,0.6790658882402002,-0.5340037504763346,0.05569480105757531,0.5896985515339099,110,218
llama,humaneval,hidden_std_last_layer_mean,0.5731025854879066,2.1903853957379567,2.1843146347545446,-0.006070760983412082,110,218
llama,humaneval,hidden_std_last_layer_mean_zscore,0.5731025854879066,0.1544504706772766,-0.0807141712813831,-0.23516464195865971,110,218
llama,humaneval,high_entropy_frac,0.5298790658882402,0.001675915019093373,0.001263259747706422,-0.00041265527138695094,110,218
llama,humaneval,high_entropy_steps,0.5288156797331108,0.8545454545454545,0.6467889908256881,-0.20775646371976642,110,218
llama,humaneval,l2_norm_cross_layer_max,0.5015221017514596,149.0808321866122,149.07167795163775,-0.009154234974459996,110,218
llama,humaneval,l2_norm_cross_layer_max_zscore,0.5015221017514596,-0.26625628205230367,-0.2754176357538358,-0.009161353701532149,110,218
llama,humaneval,l2_norm_last_layer_mean,0.5734361968306922,140.18629010983364,139.7981542486253,-0.3881358612083261,110,218
llama,humaneval,l2_norm_last_layer_mean_zscore,0.5734361968306922,0.15435559212357028,-0.08063032614297493,-0.2349859182665452,110,218
llama,humaneval,l2_norm_slope,0.5300250208507089,0.0023753364366764225,0.0018529218038467997,-0.0005224146328296228,110,218
llama,humaneval,late50p_entropy_mean,0.5891576313594662,0.02399239743066955,0.02926663325797544,0.005274235827305889,110,218
llama,humaneval,late50p_margin_mean,0.5851125938281901,0.9893514461662454,0.9871587528781874,-0.002192693288057934,110,218
llama,humaneval,late50p_surprisal_mean,0.5834445371142619,0.024463503306438993,0.027435348134504805,0.0029718448280658116,110,218
llama,humaneval,margin_diff_std,0.523185988323603,0.17492926789598706,0.17671089182381253,0.0017816239278254653,110,218
llama,humaneval,margin_early_late_delta,0.583861551292744,0.08243076752669908,0.0713546103412027,-0.011076157185496371,110,218
llama,humaneval,margin_min,0.5433694745621351,0.0258332277902148,0.025317035530001746,-0.0005161922602130546,110,218
llama,humaneval,margin_range,0.5433694745621351,0.9741667722097852,0.9746829644699982,0.0005161922602130442,110,218
llama,humaneval,margin_slope,0.5726855713094244,0.00021401157328179588,0.00019144479942012244,-2.2566773861673432e-05,110,218
llama,humaneval,margin_std,0.5050458715596331,0.14394016573579488,0.14332232617634613,-0.0006178395594487462,110,218
llama,humaneval,max_compound_severity,0.5045454545454545,0.3963636363636363,0.4,0.0036363636363637153,110,218
llama,humaneval,n_compound_signals,0.5045454545454545,0.990909090909091,1.0,0.009090909090909038,110,218
llama,humaneval,n_warning_signals,0.5050250208507089,0.06363636363636363,0.0779816513761468,0.014345287739783164,110,218
llama,humaneval,perplexity_max,0.5164720600500418,11.489969140005858,11.540103364818394,0.05013422481253649,110,218
llama,humaneval,perplexity_mean,0.5032944120100084,1.1230813434652278,1.11638565339749,-0.006695690067737736,110,218
llama,humaneval,repetition_detected,0.5022935779816513,0.0,0.0045871559633027525,0.0045871559633027525,110,218
llama,humaneval,risk_score,0.5117389491242702,0.40185119750438814,0.4098099042994856,0.00795870679509747,110,218
llama,humaneval,risk_score_is_one,0.5022935779816513,0.0,0.0045871559633027525,0.0045871559633027525,110,218
llama,humaneval,surprisal_diff_std,0.5003753127606339,0.5557981138852244,0.5552512122173793,-0.0005469016678451011,110,218
llama,humaneval,surprisal_early_late_delta,0.5579649708090075,-0.18247565480413955,-0.1625871821022698,0.019888472701869747,110,218
llama,humaneval,surprisal_max,0.5307130942452043,4.922863079064802,5.019127649627026,0.09626457056222382,110,218
llama,humaneval,surprisal_mean,0.5118849040867389,0.08009974491139625,0.07895534812714392,-0.0011443967842523356,110,218
llama,humaneval,surprisal_p90,0.5113844870725605,0.014367515687995323,0.016425690727508453,0.0020581750395131295,110,218
llama,humaneval,surprisal_range,0.5307130942452043,4.922863079064802,5.019127649627026,0.09626457056222382,110,218
llama,humaneval,surprisal_slope,0.5459132610508757,-0.00047251574186142896,-0.00043559671826704584,3.6919023594383124e-05,110,218
llama,humaneval,surprisal_std,0.5097581317764803,0.43336304297917877,0.4306738117830258,-0.002689231196152997,110,218
llama,humaneval,surprisal_volatility,0.5095457537853851,4.9430417575938685,4.956930700202967,0.013888942609098898,31,49
llama,humaneval,topk_mass_mean,0.5178899082568807,0.9993057081754201,0.9994349330033543,0.00012922482793420453,110,218
llama,humaneval,topk_mass_std,0.5152001668056714,0.008478448185265618,0.007753973232833536,-0.0007244749524320821,110,218
llama,humaneval,warning_density_per_100t,0.5050250208507089,0.012428977272727272,0.01523079128440367,0.0028018140116763974,110,218
mistral7b,gsm8k,attn_entropy_norm_mean,0.5884615384615384,0.4015831773741557,0.3999229799644109,-0.0016601974097448235,91,20
mistral7b,gsm8k,attn_entropy_norm_std,0.6021978021978023,0.10816088621775186,0.1073294867494748,-0.0008313994682770526,91,20
mistral7b,gsm8k,collapsed_rate_mean,0.5247252747252746,0.0015840522810147875,0.0015744863869121312,-9.565894102656286e-06,91,20
mistral7b,gsm8k,collapsed_rate_mean_zscore,0.5247252747252746,-0.24486880861592986,-0.2659603656801851,-0.02109155706425525,91,20
mistral7b,gsm8k,compound_density_per_100t,0.6508241758241758,0.4709858432973324,0.41040888704283224,-0.06057695625450016,91,20
mistral7b,gsm8k,concentration_max_mean,0.5428571428571428,0.8526301871116764,0.8531971809518627,0.000566993840186325,91,20
mistral7b,gsm8k,concentration_min_mean,0.6824175824175824,0.1681376502659665,0.16153354531288136,-0.006604104953085138,91,20
mistral7b,gsm8k,cs_confident_repetition_risk,0.5054945054945055,0.989010989010989,1.0,0.01098901098901095,91,20
mistral7b,gsm8k,early10_entropy_mean,0.6565934065934066,0.44657434524465095,0.544572647720345,0.09799830247569402,91,20
mistral7b,gsm8k,early10_entropy_slope,0.6434065934065933,0.03507054089656247,0.06699726669576085,0.031926725799198384,91,20
mistral7b,gsm8k,early10_margin_mean,0.6648351648351648,0.841568174483357,0.8010437314957379,-0.040524442987619036,91,20
mistral7b,gsm8k,early10_margin_slope,0.6054945054945056,-0.020856557820703125,-0.02962314877997745,-0.008766590959274324,91,20
mistral7b,gsm8k,early10_surprisal_mean,0.6615384615384615,0.37596324926911956,0.5380448669418058,0.1620816176726862,91,20
mistral7b,gsm8k,early10_surprisal_slope,0.6467032967032966,0.04982645772830531,0.0967239455798979,0.04689748785159259,91,20
mistral7b,gsm8k,early25p_entropy_mean,0.5978021978021978,0.3098413415213768,0.2835225288320873,-0.02631881268928954,91,20
mistral7b,gsm8k,early25p_entropy_slope,0.5467032967032966,-0.005909377454562341,-0.006729916299544207,-0.0008205388449818657,91,20
mistral7b,gsm8k,early25p_margin_mean,0.5879120879120878,0.8649225787176046,0.876908885107266,0.01198630638966136,91,20
mistral7b,gsm8k,early25p_margin_slope,0.5730769230769232,0.0015401568698164823,0.0021860188030273435,0.0006458619332108612,91,20
mistral7b,gsm8k,early25p_surprisal_mean,0.5956043956043956,0.29173085102426866,0.2607945583912814,-0.03093629263298725,91,20
mistral7b,gsm8k,early25p_surprisal_slope,0.6076923076923076,-0.004205082350031436,-0.0077730640214941065,-0.0035679816714626706,91,20
mistral7b,gsm8k,early50p_entropy_mean,0.5027472527472527,0.1964449640458684,0.19638815166105747,-5.6812384810922545e-05,91,20
mistral7b,gsm8k,early50p_entropy_slope,0.6175824175824176,-0.004305377476575573,-0.0030889093753265163,0.001216468101249057,91,20
mistral7b,gsm8k,early50p_margin_mean,0.5016483516483516,0.910939201071551,0.9110189371745963,7.973610304523593e-05,91,20
mistral7b,gsm8k,early50p_margin_slope,0.6269230769230769,0.0016592456226417805,0.0011512066893279535,-0.000508038933313827,91,20
mistral7b,gsm8k,early50p_surprisal_mean,0.5093406593406594,0.1890038754199606,0.18618791243717553,-0.0028159629827850807,91,20
mistral7b,gsm8k,early50p_surprisal_slope,0.5934065934065933,-0.003873142158870635,-0.0029666973016571835,0.0009064448572134514,91,20
mistral7b,gsm8k,entropy_diff_std,0.5214285714285715,0.5530720214311411,0.5470472538033495,-0.006024767627791583,91,20
mistral7b,gsm8k,entropy_early_late_delta,0.6362637362637362,-0.1841086417094285,-0.14692409615970622,0.03718454554972228,91,20
mistral7b,gsm8k,entropy_max,0.5175824175824176,2.5591849861658096,2.6005779720408615,0.04139298587505191,91,20
mistral7b,gsm8k,entropy_mean,0.5175824175824176,0.15696156569746855,0.15885291410603525,0.0018913484085666954,91,20
mistral7b,gsm8k,entropy_p90,0.5211538461538461,0.6507431663896682,0.6730060658500736,0.022262899460405383,91,20
mistral7b,gsm8k,entropy_range,0.5175824175824176,2.5591849861658096,2.6005779720408615,0.04139298587505191,91,20
mistral7b,gsm8k,entropy_range_approx,0.517032967032967,2.402223420468341,2.441725057934826,0.039501637466485384,91,20
mistral7b,gsm8k,entropy_slope,0.6131868131868132,-0.000959077876687186,-0.0007069194691527861,0.00025215840753439983,91,20
mistral7b,gsm8k,entropy_std,0.5065934065934066,0.4195614385131024,0.42070466770967185,0.0011432291965694508,91,20
mistral7b,gsm8k,failure_risk,0.5054945054945055,0.6010989010989011,0.5999999999999999,-0.001098901098901206,91,20
mistral7b,gsm8k,focused_head_mean,0.5483516483516484,0.7753290265149712,0.7668405382965735,-0.00848848821839765,91,20
mistral7b,gsm8k,focused_head_mean_zscore,0.5483516483516484,0.23594656724934687,0.17583565990399014,-0.060110907345356734,91,20
mistral7b,gsm8k,focused_head_rate,0.5483516483516484,0.02422903207859285,0.023963766821767922,-0.00026526525682492655,91,20
mistral7b,gsm8k,hidden_max_abs_last_layer_mean,0.5230769230769232,79.7429570014879,80.06299696026292,0.3200399587750269,91,20
mistral7b,gsm8k,hidden_max_abs_last_layer_mean_zscore,0.5230769230769232,-0.6080983774725202,-0.5845312789140996,0.02356709855842054,91,20
mistral7b,gsm8k,hidden_std_last_layer_mean,0.5593406593406594,5.610735235719727,5.617901108586894,0.007165872867166634,91,20
mistral7b,gsm8k,hidden_std_last_layer_mean_zscore,0.5593406593406594,-0.18590500116464714,-0.09462060482499882,0.09128439633964833,91,20
mistral7b,gsm8k,l2_norm_cross_layer_max,0.5681318681318681,436.6228275508671,437.40868225097654,0.7858547001094394,91,20
mistral7b,gsm8k,l2_norm_cross_layer_max_zscore,0.5681318681318681,-0.5479387729007642,-0.5136649152570623,0.034273857643701944,91,20
mistral7b,gsm8k,l2_norm_last_layer_mean,0.5593406593406594,359.08819160068487,359.54897249700934,0.46078089632447927,91,20
mistral7b,gsm8k,l2_norm_last_layer_mean_zscore,0.5593406593406594,-0.18842221962007544,-0.0967333325429806,0.09168888707709484,91,20
mistral7b,gsm8k,l2_norm_slope,0.512087912087912,-0.01386977244734401,-0.015687954759985794,-0.0018181823126417838,91,20
mistral7b,gsm8k,late50p_entropy_mean,0.5247252747252746,0.11766530625173607,0.12154691692177452,0.003881610670038449,91,20
mistral7b,gsm8k,late50p_margin_mean,0.5362637362637364,0.9423343885812036,0.9390175018284215,-0.003316886752782078,91,20
mistral7b,gsm8k,late50p_surprisal_mean,0.5230769230769231,0.11565991772360505,0.10642125267628628,-0.009238665047318767,91,20
mistral7b,gsm8k,margin_diff_std,0.5131868131868131,0.26393851805610513,0.2648136660424814,0.000875147986376279,91,20
mistral7b,gsm8k,margin_early_late_delta,0.631868131868132,0.0749948986781036,0.056101135702739446,-0.01889376297536416,91,20
mistral7b,gsm8k,margin_min,0.6071428571428572,0.035384917324715916,0.022970462590456008,-0.012414454734259908,91,20
mistral7b,gsm8k,margin_range,0.6071428571428572,0.9646150826752841,0.977029537409544,0.01241445473425995,91,20
mistral7b,gsm8k,margin_slope,0.5978021978021979,0.00037168887499430407,0.0002606245345799914,-0.0001110643404143127,91,20
mistral7b,gsm8k,margin_std,0.5236263736263737,0.19842247515912328,0.19995302028608053,0.0015305451269572445,91,20
mistral7b,gsm8k,max_compound_severity,0.5054945054945055,0.39560439560439553,0.4000000000000001,0.0043956043956045465,91,20
mistral7b,gsm8k,n_compound_signals,0.5054945054945055,0.989010989010989,1.0,0.01098901098901095,91,20
mistral7b,gsm8k,n_warning_signals,0.5118131868131868,1.6263736263736264,1.65,0.023626373626373542,91,20
mistral7b,gsm8k,perplexity_max,0.5175824175824176,6.135011827036007,6.325685354356996,0.19067352732098897,91,20
mistral7b,gsm8k,perplexity_mean,0.5076923076923077,1.1850884654961407,1.187362157358263,0.002273691862122229,91,20
mistral7b,gsm8k,risk_score,0.5054945054945055,0.9967032967032967,1.0,0.003296703296703285,91,20
mistral7b,gsm8k,risk_score_is_one,0.5054945054945055,0.989010989010989,1.0,0.01098901098901095,91,20
mistral7b,gsm8k,surprisal_diff_std,0.5521978021978021,0.7496191794754898,0.7262151023468144,-0.023404077128675427,91,20
mistral7b,gsm8k,surprisal_early_late_delta,0.5708791208791208,-0.16886134662625474,-0.13709998753096508,0.031761359095289654,91,20
mistral7b,gsm8k,surprisal_max,0.587087912087912,4.254678382022871,4.600661440716996,0.3459830586941246,91,20
mistral7b,gsm8k,surprisal_mean,0.5543956043956044,0.15224067331523206,0.14618250503196079,-0.00605816828327127,91,20
mistral7b,gsm8k,surprisal_p90,0.5197802197802198,0.29079463100791436,0.3033717427297932,0.012577111721878864,91,20
mistral7b,gsm8k,surprisal_range,0.587087912087912,4.254678382022871,4.600661440716996,0.3459830586941246,91,20
mistral7b,gsm8k,surprisal_slope,0.5554945054945055,-0.0008797730975344026,-0.0007126878603184391,0.00016708523721596343,91,20
mistral7b,gsm8k,surprisal_std,0.5428571428571428,0.55213786664027,0.5402274495411459,-0.011910417099124104,91,20
mistral7b,gsm8k,surprisal_volatility,0.5500685871056241,3.614915094548558,3.684741362586826,0.06982626803826797,81,18
mistral7b,gsm8k,topk_mass_mean,0.5478021978021979,0.9999307485558545,0.9999122811890511,-1.8467366803442964e-05,91,20
mistral7b,gsm8k,topk_mass_std,0.5906593406593406,0.0008935694877129528,0.0012508436963575274,0.0003572742086445746,91,20
mistral7b,gsm8k,warning_density_per_100t,0.6104395604395605,0.785186820441615,0.6870367733017907,-0.09815004713982434,91,20
mistral7b,humaneval,attn_entropy_norm_mean,0.5118659841786877,0.3901786330469457,0.39187173013576254,0.0016930970888168195,21,307
mistral7b,humaneval,attn_entropy_norm_std,0.5051962152939351,0.10676840490793535,0.1067723981449672,3.993237031846286e-06,21,307
mistral7b,humaneval,collapsed_rate_mean,0.6389018147975802,0.0021702840142487265,0.001994162730128795,-0.00017612128411993158,21,307
mistral7b,humaneval,collapsed_rate_mean_zscore,0.6389018147975802,1.0476962063937296,0.6593715945611659,-0.3883246118325637,21,307
mistral7b,humaneval,compound_density_per_100t,0.5963238715681711,0.7242561949117262,0.7047274244054489,-0.019528770506277326,21,307
mistral7b,humaneval,concentration_max_mean,0.5253606328524896,0.7723526728106042,0.7705247599187173,-0.0018279128918868848,21,307
mistral7b,humaneval,concentration_min_mean,0.5650690243524119,0.17187504459837336,0.16913435826928003,-0.002740686329093328,21,307
mistral7b,humaneval,cs_confident_repetition_risk,0.501628664495114,1.0,0.996742671009772,-0.0032573289902280145,21,307
mistral7b,humaneval,early10_entropy_mean,0.5405615014735536,0.5124226912142484,0.48589474123137133,-0.026527949982877108,21,307
mistral7b,humaneval,early10_entropy_slope,0.50814332247557,-0.0877234280331113,-0.07899881300209022,0.00872461503102108,21,307
mistral7b,humaneval,early10_margin_mean,0.516519311307585,0.8033106818085624,0.7965070192559535,-0.006803662552608891,21,307
mistral7b,humaneval,early10_margin_slope,0.5106250969443151,0.03043974618203025,0.029679756343817736,-0.0007599898382125124,21,307
mistral7b,humaneval,early10_surprisal_mean,0.8101442531409959,0.8208567353704556,0.482325978143881,-0.33853075722657455,21,307
mistral7b,humaneval,early10_surprisal_slope,0.8588490770901194,-0.24742970030573544,-0.09388039660218057,0.15354930370355485,21,307
mistral7b,humaneval,early25p_entropy_mean,0.5188459748720335,0.2506447498356466,0.24112021596163266,-0.009524533874013946,21,307
mistral7b,humaneval,early25p_entropy_slope,0.604932526756631,-0.014518025786258429,-0.014332068181034859,0.00018595760522356966,21,307
mistral7b,humaneval,early25p_margin_mean,0.5283077400341244,0.89400220169303,0.8967988605773861,0.0027966588843560958,21,307
mistral7b,humaneval,early25p_margin_slope,0.5906623235613464,0.005127065260104301,0.005083475985531086,-4.358927457321499e-05,21,307
mistral7b,humaneval,early25p_surprisal_mean,0.7248332557778812,0.3370450722991632,0.2267580893264965,-0.1102869829726667,21,307
mistral7b,humaneval,early25p_surprisal_slope,0.7684194198852179,-0.03807849119347623,-0.014047422964294152,0.024031068229182075,21,307
mistral7b,humaneval,early50p_entropy_mean,0.5494028230184582,0.19317528197234143,0.17723258498134237,-0.015942696990999067,21,307
mistral7b,humaneval,early50p_entropy_slope,0.565069024352412,-0.005169910265465468,-0.005022199407888692,0.00014771085757677577,21,307
mistral7b,humaneval,early50p_margin_mean,0.5565379246161005,0.9165698989805119,0.9218875895277695,0.005317690547257614,21,307
mistral7b,humaneval,early50p_margin_slope,0.592213432604312,0.0019918897577230568,0.001801832967691188,-0.00019005679003186878,21,307
mistral7b,humaneval,early50p_surprisal_mean,0.6840390879478827,0.2267044275057228,0.17097729522752478,-0.05572713227819803,21,307
mistral7b,humaneval,early50p_surprisal_slope,0.7544594384985265,-0.011046891696889858,-0.004114715366797299,0.006932176330092559,21,307
mistral7b,humaneval,entropy_diff_std,0.5093842097099426,0.507240535822189,0.503816553194246,-0.0034239826279429675,21,307
mistral7b,humaneval,entropy_early_late_delta,0.5062819916240111,-0.17908167746123943,-0.17598805960061464,0.0030936178606247866,21,307
mistral7b,humaneval,entropy_max,0.5238095238095238,2.764025184544759,2.7382705437177073,-0.025754640827051922,21,307
mistral7b,humaneval,entropy_mean,0.5082984333798666,0.1303183284072788,0.12706691117784344,-0.003251417229435366,21,307
mistral7b,humaneval,entropy_p90,0.5000775554521482,0.4384685632677271,0.41168690104554695,-0.026781662222180147,21,307
mistral7b,humaneval,entropy_range,0.5238095238095238,2.764025184544759,2.7382705437177073,-0.025754640827051922,21,307
mistral7b,humaneval,entropy_range_approx,0.5245850783310066,2.63370685613748,2.6112036325398633,-0.022503223597616806,21,307
mistral7b,humaneval,entropy_slope,0.5315650690243525,-0.0019994153502190227,-0.0019966735096759204,2.7418405431022495e-06,21,307
mistral7b,humaneval,entropy_std,0.505971769815418,0.4036038923958826,0.39624790772764085,-0.007355984668241777,21,307
mistral7b,humaneval,focused_head_mean,0.5646036916395223,0.8047758381636124,0.7511913191669304,-0.05358451899668204,21,307
mistral7b,humaneval,focused_head_mean_zscore,0.5646036916395223,0.44447304700474727,0.06501630822127957,-0.3794567387834677,21,307
mistral7b,humaneval,focused_head_rate,0.5646036916395223,0.025149244942612888,0.023474728723966574,-0.0016745162186463138,21,307
mistral7b,humaneval,hidden_max_abs_last_layer_mean,0.5624321389793703,98.12125859425917,99.25722610398678,1.1359675097276067,21,307
mistral7b,humaneval,hidden_max_abs_last_layer_mean_zscore,0.5624321389793703,0.7452427697736296,0.8288931313203015,0.08365036154667194,21,307
mistral7b,humaneval,hidden_std_last_layer_mean,0.5570032573289903,5.594095764555309,5.616947707091767,0.022851942536457948,21,307
mistral7b,humaneval,hidden_std_last_layer_mean_zscore,0.5570032573289903,-0.397871374112012,-0.10676576586332368,0.29110560824868836,21,307
mistral7b,humaneval,high_entropy_frac,0.548006824879789,0.0007029735046796085,0.00014005803810689742,-0.0005629154665727111,21,307
mistral7b,humaneval,high_entropy_steps,0.5451372731503024,0.14285714285714285,0.05537459283387622,-0.08748255002326663,21,307
mistral7b,humaneval,l2_norm_cross_layer_max,0.6227702807507368,466.50245884486606,472.6680057289546,6.165546884088542,21,307
mistral7b,humaneval,l2_norm_cross_layer_max_zscore,0.6227702807507368,0.7552159060420165,1.0241168570338293,0.26890095099181277,21,307
mistral7b,humaneval,l2_norm_last_layer_mean,0.5571583682332868,358.04199266343716,359.51037002314774,1.468377359710587,21,307
mistral7b,humaneval,l2_norm_last_layer_mean_zscore,0.5571583682332868,-0.39660102430280364,-0.10441467935016407,0.29218634495263957,21,307
mistral7b,humaneval,l2_norm_slope,0.5067473243369008,-0.09932610389835624,-0.1440768100926944,-0.04475070619433817,21,307
mistral7b,humaneval,late50p_entropy_mean,0.5476190476190477,0.068063093915724,0.07726332044108708,0.009200226525363078,21,307
mistral7b,humaneval,late50p_margin_mean,0.5305568481464247,0.9651667777645869,0.9619924999251092,-0.003174277839477768,21,307
mistral7b,humaneval,late50p_surprisal_mean,0.585155886458818,0.05773302670612995,0.0756103403213199,0.017877313615189946,21,307
mistral7b,humaneval,margin_diff_std,0.5183806421591437,0.2340325448674643,0.23135178903635398,-0.0026807558311103263,21,307
mistral7b,humaneval,margin_early_late_delta,0.5055064371025283,0.0694836837561263,0.07002652869348232,0.0005428449373560129,21,307
mistral7b,humaneval,margin_min,0.5855436637195595,0.08038598015194848,0.05950895480884403,-0.020877025343104448,21,307
mistral7b,humaneval,margin_range,0.5855436637195595,0.9196140198480516,0.940491045191156,0.020877025343104427,21,307
mistral7b,humaneval,margin_slope,0.5264464091825656,0.0007598590759041192,0.0007626404910944037,2.7814151902844824e-06,21,307
mistral7b,humaneval,margin_std,0.5149682022646193,0.1785572088070809,0.17857342851479052,1.6219707709624887e-05,21,307
mistral7b,humaneval,max_compound_severity,0.501628664495114,0.4000000000000001,0.3986970684039087,-0.0013029315960913501,21,307
mistral7b,humaneval,n_compound_signals,0.501628664495114,1.0,0.996742671009772,-0.0032573289902280145,21,307
mistral7b,humaneval,n_warning_signals,0.5176050876376609,1.5238095238095237,1.488599348534202,-0.035210175275321776,21,307
mistral7b,humaneval,perplexity_max,0.5238095238095238,8.393612469408847,7.697593570157715,-0.6960188992511318,21,307
mistral7b,humaneval,perplexity_mean,0.501628664495114,1.1717778492358502,1.1622997194240945,-0.009478129811755664,21,307
mistral7b,humaneval,risk_score,0.501628664495114,1.0,0.9992003844265752,-0.0007996155734247834,21,307
mistral7b,humaneval,risk_score_is_one,0.501628664495114,1.0,0.996742671009772,-0.0032573289902280145,21,307
mistral7b,humaneval,surprisal_diff_std,0.6007445323406235,0.7637999260314418,0.6793806486554452,-0.08441927737599653,21,307
mistral7b,humaneval,surprisal_early_late_delta,0.6872964169381108,-0.27469273322191556,-0.16121054608958824,0.11348218713232733,21,307
mistral7b,humaneval,surprisal_max,0.5853109973631145,4.663140740319808,4.25108698012563,-0.41205376019417805,21,307
mistral7b,humaneval,surprisal_mean,0.635024042190166,0.14183115104355837,0.12310187781600446,-0.01872927322755391,21,307
mistral7b,humaneval,surprisal_p90,0.5145028695517295,0.153519686899625,0.1511427101658425,-0.00237697673378251,21,307
mistral7b,humaneval,surprisal_range,0.5853109973631145,4.663140740319808,4.25108698012563,-0.41205376019417805,21,307
mistral7b,humaneval,surprisal_slope,0.6764386536373507,-0.0033340065436325964,-0.0015874076499453123,0.0017465988936872841,21,307
mistral7b,humaneval,surprisal_std,0.6520862416627888,0.5928070288510237,0.5081423518846808,-0.08466467696634283,21,307
mistral7b,humaneval,surprisal_volatility,0.584404924760602,4.122268328405036,4.014731118907349,-0.10753720949768653,17,215
mistral7b,humaneval,topk_mass_mean,0.5020939972080037,0.9994090626488327,0.9995920183324606,0.0001829556836279167,21,307
mistral7b,humaneval,topk_mass_std,0.5324957344501319,0.005882948612963802,0.004484773893733995,-0.001398174719229807,21,307
mistral7b,humaneval,warning_density_per_100t,0.5941523189080191,1.1262811857931954,1.043980516547911,-0.08230066924528434,21,307
mixtral,gsm8k,attn_entropy_norm_mean,0.510989010989011,0.39562545697976786,0.3962851957154533,0.0006597387356854223,126,26
mixtral,gsm8k,attn_entropy_norm_std,0.5146520146520146,0.09700257751284883,0.09693169253848051,-7.088497436831542e-05,126,26
mixtral,gsm8k,collapsed_rate_mean,0.5576923076923077,0.018257289072263108,0.018059784358722943,-0.00019750471354016558,126,26
mixtral,gsm8k,collapsed_rate_mean_zscore,0.5576923076923077,-0.6455877632558831,-0.7207002532644465,-0.07511249000856346,126,26
mixtral,gsm8k,compound_density_per_100t,0.5158730158730158,0.4327380474001217,0.41537852431819117,-0.017359523081930506,126,26
mixtral,gsm8k,concentration_max_mean,0.6422466422466423,0.9392488758335585,0.9385045165918592,-0.000744359241699355,126,26
mixtral,gsm8k,concentration_min_mean,0.5802808302808303,0.14285104024339826,0.13881370554666994,-0.0040373346967283175,126,26
mixtral,gsm8k,cs_confident_repetition_risk,0.5073260073260073,0.9761904761904762,0.9615384615384616,-0.0146520146520146,126,26
mixtral,gsm8k,early10_entropy_mean,0.5474664224664225,0.5639614686867097,0.5443241265472087,-0.01963734213950097,126,26
mixtral,gsm8k,early10_entropy_slope,0.5151098901098901,0.07912513277931696,0.08723140818456478,0.008106275405247818,126,26
mixtral,gsm8k,early10_margin_mean,0.5059523809523809,0.7941028385999657,0.7946282346661273,0.000525396066161643,126,26
mixtral,gsm8k,early10_margin_slope,0.5007631257631258,-0.03579679587573716,-0.0385470526757496,-0.0027502568000124378,126,26
mixtral,gsm8k,early10_surprisal_mean,0.5016788766788767,0.5647810522439957,0.554095011524924,-0.010686040719071643,126,26
mixtral,gsm8k,early10_surprisal_slope,0.5395299145299145,0.08152336691695275,0.09717957258532403,0.01565620566837128,126,26
mixtral,gsm8k,early25p_entropy_mean,0.5561660561660562,0.34043608009461634,0.32097303158931295,-0.019463048505303393,126,26
mixtral,gsm8k,early25p_entropy_slope,0.5625763125763126,-0.007467646496532462,-0.008413442729456513,-0.0009457962329240503,126,26
mixtral,gsm8k,early25p_margin_mean,0.589133089133089,0.8500265206234846,0.862558401062657,0.012531880439172416,126,26
mixtral,gsm8k,early25p_margin_slope,0.5931013431013431,0.0021974177068218095,0.003005902650441767,0.0008084849436199573,126,26
mixtral,gsm8k,early25p_surprisal_mean,0.5067155067155067,0.3361359822036109,0.3306422978057387,-0.005493684397872178,126,26
mixtral,gsm8k,early25p_surprisal_slope,0.5970695970695971,-0.007349211292020452,-0.009322458438476854,-0.0019732471464564026,126,26
mixtral,gsm8k,early50p_entropy_mean,0.5115995115995116,0.2187713759731277,0.21972433561850246,0.0009529596453747569,126,26
mixtral,gsm8k,early50p_entropy_slope,0.5695970695970696,-0.0042743438681195865,-0.0037470875498316816,0.000527256318287905,126,26
mixtral,gsm8k,early50p_margin_mean,0.5015262515262515,0.8996077658484849,0.9003735625291868,0.000765796680701869,126,26
mixtral,gsm8k,early50p_margin_slope,0.5891330891330891,0.0016526857140796837,0.0013630012924874164,-0.0002896844215922673,126,26
mixtral,gsm8k,early50p_surprisal_mean,0.5283882783882784,0.21451875796063452,0.21775040759300712,0.003231649632372602,126,26
mixtral,gsm8k,early50p_surprisal_slope,0.5079365079365079,-0.004217927500402677,-0.0042022940690891455,1.5633431313531905e-05,126,26
mixtral,gsm8k,entropy_diff_std,0.5937118437118437,0.5424369463790629,0.5632378947198204,0.02080094834075752,126,26
mixtral,gsm8k,entropy_early_late_delta,0.5818070818070817,-0.24308548902793298,-0.20791516082278919,0.03517032820514379,126,26
mixtral,gsm8k,entropy_max,0.5245726495726496,2.8657678809259113,2.91328418605119,0.04751630512527871,126,26
mixtral,gsm8k,entropy_mean,0.6599511599511599,0.14992886226560506,0.1618753735400532,0.011946511274448152,126,26
mixtral,gsm8k,entropy_p90,0.6088217338217339,0.6116031673024435,0.6698552205615722,0.058252053259128744,126,26
mixtral,gsm8k,entropy_range,0.5245726495726496,2.8657678809259113,2.91328418605119,0.04751630512527871,126,26
mixtral,gsm8k,entropy_range_approx,0.5235042735042734,2.7158390186603056,2.7514088125111367,0.03556979385083103,126,26
mixtral,gsm8k,entropy_slope,0.5555555555555556,-0.001379922645499036,-0.0011545659610760915,0.00022535668442294444,126,26
mixtral,gsm8k,entropy_std,0.5637973137973138,0.42527924852657034,0.43461862836273724,0.009339379836166894,126,26
mixtral,gsm8k,focused_head_mean,0.5934065934065933,3.3289208548864067,3.3004445292968687,-0.028476325589537943,126,26
mixtral,gsm8k,focused_head_mean_zscore,0.5934065934065933,-0.6750510274415142,-0.7338480473731956,-0.058797019931681405,126,26
mixtral,gsm8k,focused_head_rate,0.5934065934065933,0.10402877671520021,0.10313889154052715,-0.0008898851746730607,126,26
mixtral,gsm8k,hidden_max_abs_last_layer_mean,0.5769230769230769,125.00628028417113,122.22137853157,-2.7849017526011295,126,26
mixtral,gsm8k,hidden_max_abs_last_layer_mean_zscore,0.5769230769230769,-0.8617589143605388,-1.0564584607362446,-0.19469954637570586,126,26
mixtral,gsm8k,hidden_std_last_layer_mean,0.5998168498168498,4.406448925068321,4.4943124951863656,0.0878635701180448,126,26
mixtral,gsm8k,hidden_std_last_layer_mean_zscore,0.5998168498168498,0.21564097690021103,0.7003824622677622,0.48474148536755124,126,26
mixtral,gsm8k,l2_norm_cross_layer_max,0.5451770451770451,725.7019629100013,721.3784977839543,-4.323465126046926,126,26
mixtral,gsm8k,l2_norm_cross_layer_max_zscore,0.5451770451770451,-0.042718718224711044,-0.17394918378099836,-0.1312304655562873,126,26
mixtral,gsm8k,l2_norm_last_layer_mean,0.5992063492063492,281.9905717477735,287.614672077898,5.624100330124463,126,26
mixtral,gsm8k,l2_norm_last_layer_mean_zscore,0.5992063492063492,0.21592098950531902,0.7007837767411016,0.4848627872357826,126,26
mixtral,gsm8k,l2_norm_slope,0.539072039072039,0.01181899973003703,0.0076460191467299975,-0.004172980583307032,126,26
mixtral,gsm8k,late50p_entropy_mean,0.6652930402930403,0.08137732902863948,0.10430661562228848,0.022929286593648998,126,26
mixtral,gsm8k,late50p_margin_mean,0.6494200244200244,0.9577525378157434,0.9467493862729034,-0.01100315154284004,126,26
mixtral,gsm8k,late50p_surprisal_mean,0.6585775335775336,0.07636088483447127,0.10760033399847778,0.031239449164006505,126,26
mixtral,gsm8k,margin_diff_std,0.6114163614163615,0.2628230773122478,0.271819901808692,0.008996824496444178,126,26
mixtral,gsm8k,margin_early_late_delta,0.6175213675213675,0.10063670559947277,0.08067595627789426,-0.019960749321578514,126,26
mixtral,gsm8k,margin_min,0.516025641025641,0.02602964811145313,0.023488155351235315,-0.002541492760217815,126,26
mixtral,gsm8k,margin_range,0.516025641025641,0.9739703518885469,0.9765118446487647,0.002541492760217867,126,26
mixtral,gsm8k,margin_slope,0.5757020757020757,0.0005597383074128396,0.000437462901434729,-0.0001222754059781106,126,26
mixtral,gsm8k,margin_std,0.5879120879120879,0.2007731165825835,0.20518531193807357,0.004412195355490062,126,26
mixtral,gsm8k,max_compound_severity,0.5073260073260073,0.3904761904761904,0.3846153846153847,-0.005860805860805729,126,26
mixtral,gsm8k,n_compound_signals,0.5073260073260073,0.9761904761904762,0.9615384615384616,-0.0146520146520146,126,26
mixtral,gsm8k,n_warning_signals,0.5293040293040293,1.5952380952380953,1.6538461538461537,0.0586080586080584,126,26
mixtral,gsm8k,perplexity_max,0.5245726495726496,7.74992425889347,8.011392762868836,0.26146850397536525,126,26
mixtral,gsm8k,perplexity_mean,0.5982905982905983,1.1861069876989279,1.197534784407552,0.011427796708624038,126,26
mixtral,gsm8k,risk_score,0.5074786324786325,0.9930203397620573,0.9884615384615384,-0.004558801300518889,126,26
mixtral,gsm8k,risk_score_is_one,0.5073260073260073,0.9761904761904762,0.9615384615384616,-0.0146520146520146,126,26
mixtral,gsm8k,surprisal_diff_std,0.5894383394383395,0.7284236252374681,0.7822523782383075,0.05382875300083945,126,26
mixtral,gsm8k,surprisal_early_late_delta,0.5592185592185592,-0.24408694119561325,-0.21079306646805593,0.03329387472755732,126,26
mixtral,gsm8k,surprisal_max,0.5079365079365079,4.504141401006052,4.558154715417093,0.054013314411040625,126,26
mixtral,gsm8k,surprisal_mean,0.6489621489621489,0.14528227040162864,0.16254224121467403,0.017259970813045394,126,26
mixtral,gsm8k,surprisal_p90,0.61492673992674,0.25693065367744594,0.2892726927810912,0.03234203910364525,126,26
mixtral,gsm8k,surprisal_range,0.5079365079365079,4.504141401006052,4.558154715417093,0.054013314411040625,126,26
mixtral,gsm8k,surprisal_slope,0.5528083028083028,-0.0013966162531192673,-0.001180761542317723,0.00021585471080154428,126,26
mixtral,gsm8k,surprisal_std,0.5778388278388278,0.5476474909401552,0.5818012275559921,0.03415373661583687,126,26
mixtral,gsm8k,surprisal_volatility,0.6933479532163742,3.767451834823138,3.531598506916722,-0.2358533279064159,114,24
mixtral,gsm8k,topk_mass_mean,0.5402930402930403,0.9997540760098452,0.9997765396463225,2.2463636477287885e-05,126,26
mixtral,gsm8k,topk_mass_std,0.5644078144078144,0.0029735603180151616,0.0033142139301672166,0.00034065361215205496,126,26
mixtral,gsm8k,warning_density_per_100t,0.5021367521367521,0.7162387667616398,0.702950003422851,-0.013288763338788812,126,26
qwen,gsm8k,attn_entropy_norm_mean,0.5146997786386276,0.47929699954683375,0.4798493441726003,0.0005523446257665321,104,278
qwen,gsm8k,attn_entropy_norm_std,0.5524695628112893,0.11212822719778645,0.11063049212287836,-0.0014977350749080937,104,278
qwen,gsm8k,collapsed_rate_mean,0.5794825677919203,0.01636095332220252,0.01610699390495766,-0.00025395941724485824,104,278
qwen,gsm8k,collapsed_rate_mean_zscore,0.5794825677919203,-0.5569896724497126,-0.6839168565415326,-0.1269271840918199,104,278
qwen,gsm8k,compound_density_per_100t,0.5711123408965135,0.23336500345347305,0.20477591824640123,-0.028589085207071818,104,278
qwen,gsm8k,concentration_max_mean,0.5342072495849475,0.8867537346676511,0.8861321219496171,-0.0006216127180339592,104,278
qwen,gsm8k,concentration_min_mean,0.5216519092418374,0.1024771106942969,0.10001668016994433,-0.002460430524352561,104,278
qwen,gsm8k,cs_confident_repetition_risk,0.5125899280575539,1.0,0.9748201438848921,-0.025179856115107868,104,278
qwen,gsm8k,early10_entropy_mean,0.5400179856115107,0.48321593445662725,0.45201840608294575,-0.031197528373681505,104,278
qwen,gsm8k,early10_entropy_slope,0.503458771444383,0.00750903115620724,0.005858443151017765,-0.0016505880051894753,104,278
qwen,gsm8k,early10_margin_mean,0.5384615384615384,0.7607916842572965,0.7754023299478797,0.014610645690583235,104,278
qwen,gsm8k,early10_margin_slope,0.5079897620365246,-0.00022937727696967865,-0.0008913596899961112,-0.0006619824130264326,104,278
qwen,gsm8k,early10_surprisal_mean,0.5047903984504704,0.434855824348547,0.428572223145954,-0.0062836012025930255,104,278
qwen,gsm8k,early10_surprisal_slope,0.5029226618705035,0.0064954085090037405,0.004697659403318222,-0.001797749105685518,104,278
qwen,gsm8k,early25p_entropy_mean,0.5025940785832873,0.3170941532624521,0.316560496148905,-0.0005336571135470813,104,278
qwen,gsm8k,early25p_entropy_slope,0.5475926950747094,-0.002616195898954043,-0.00204854714976312,0.0005676487491909233,104,278
qwen,gsm8k,early25p_margin_mean,0.502040675152186,0.8410015449321685,0.8417929593886826,0.0007914144565140946,104,278
qwen,gsm8k,early25p_margin_slope,0.5363516878804648,0.0012778883109199274,0.0010065222860756264,-0.000271366024844301,104,278
qwen,gsm8k,early25p_surprisal_mean,0.5051189817376868,0.3134691523827987,0.3121873669794539,-0.0012817854033448373,104,278
qwen,gsm8k,early25p_surprisal_slope,0.5356253458771445,-0.00227071822344895,-0.00185411388857396,0.00041660433487499004,104,278
qwen,gsm8k,early50p_entropy_mean,0.5739831211953514,0.23550009901969554,0.25523392827434704,0.019733829254651503,104,278
qwen,gsm8k,early50p_entropy_slope,0.6166297731045933,-0.001598117466547186,-0.0011573116457142584,0.0004408058208329275,104,278
qwen,gsm8k,early50p_margin_mean,0.5704897620365246,0.8820636318015614,0.8735626307766615,-0.008501001024899923,104,278
qwen,gsm8k,early50p_margin_slope,0.6145199225235196,0.0008037726752726336,0.0005907170028559163,-0.00021305567241671733,104,278
qwen,gsm8k,early50p_surprisal_mean,0.5638489208633093,0.23224056036285853,0.2518859722849987,0.01964541192214017,104,278
qwen,gsm8k,early50p_surprisal_slope,0.6068760376314333,-0.001522841005836944,-0.0011268700945330585,0.0003959709113038855,104,278
qwen,gsm8k,entropy_diff_std,0.5885099612617598,0.47020079441990714,0.4929718253931722,0.02277103097326505,104,278
qwen,gsm8k,entropy_early_late_delta,0.5125207526286664,-0.2653375853644293,-0.2731335829249037,-0.007795997560474388,104,278
qwen,gsm8k,entropy_max,0.5645925567238517,2.5009357380140633,2.583399982471832,0.08246424445776857,104,278
qwen,gsm8k,entropy_mean,0.5703514111787493,0.14651181520279316,0.15567141533323017,0.009159600130437012,104,278
qwen,gsm8k,entropy_p90,0.56087437742114,0.6285636626183485,0.6694963160156107,0.04093265339726215,104,278
qwen,gsm8k,entropy_range,0.5645925567238517,2.5009357380140633,2.583399982471832,0.08246424445776857,104,278
qwen,gsm8k,entropy_range_approx,0.5605285002767018,2.35442392281127,2.427728567138602,0.07330464432733175,104,278
qwen,gsm8k,entropy_slope,0.5198187603763144,-0.0007364152230953324,-0.0007627945535918695,-2.6379330496537133e-05,104,278
qwen,gsm8k,entropy_std,0.5913807415605977,0.39137708417855077,0.4118479898059605,0.02047090562740972,104,278
qwen,gsm8k,failure_risk,0.5029572495849475,0.07403846153846154,0.07625899280575539,0.0022205312672938515,104,278
qwen,gsm8k,failure_risk_is_zero,0.5034241837299391,0.8557692307692307,0.8489208633093526,-0.006848367459878157,104,278
qwen,gsm8k,focused_head_mean,0.5748132263420033,1.3413426904812444,1.308210336915817,-0.03313235356542754,104,278
qwen,gsm8k,focused_head_mean_zscore,0.5748132263420033,-0.5782308328595717,-0.6687919893670803,-0.09056115650750862,104,278
qwen,gsm8k,focused_head_rate,0.5748132263420033,0.047905096088615866,0.04672179774699345,-0.0011832983416224171,104,278
qwen,gsm8k,hidden_max_abs_last_layer_mean,0.5244881018262313,121.77641358147297,123.24541772692936,1.4690041454563953,104,278
qwen,gsm8k,hidden_max_abs_last_layer_mean_zscore,0.5244881018262313,-1.1697058983348667,-1.079195979473006,0.09050991886186077,104,278
qwen,gsm8k,hidden_std_last_layer_mean,0.5785832872163807,4.954197952775576,5.026458330107058,0.0722603773314816,104,278
qwen,gsm8k,hidden_std_last_layer_mean_zscore,0.5785832872163807,-0.8166072034839662,-0.5261064290403296,0.29050077444363664,104,278
qwen,gsm8k,l2_norm_cross_layer_max,0.5352967625899281,473.6108008164626,473.61384955756097,0.0030487410983823793,104,278
qwen,gsm8k,l2_norm_cross_layer_max_zscore,0.5352967625899281,-0.22266935564135906,-0.2225956303790353,7.372526232377052e-05,104,278
qwen,gsm8k,l2_norm_last_layer_mean,0.5785832872163807,296.56145719180955,300.88745291516784,4.3259957233582895,104,278
qwen,gsm8k,l2_norm_last_layer_mean_zscore,0.5785832872163807,-0.8160819756532167,-0.5254896564829731,0.29059231917024364,104,278
qwen,gsm8k,l2_norm_slope,0.5173976203652463,-0.0771525236032095,-0.076237408575707,0.0009151150275024944,104,278
qwen,gsm8k,late50p_entropy_mean,0.5004842280022136,0.05754999433850234,0.05613010711516783,-0.0014198872233345053,104,278
qwen,gsm8k,late50p_margin_mean,0.505084394023243,0.9709103304237806,0.9723095229220268,0.00139919249824616,104,278
qwen,gsm8k,late50p_surprisal_mean,0.5019369120088545,0.05567700879593403,0.05551756330837581,-0.00015944548755821714,104,278
qwen,gsm8k,margin_diff_std,0.5586607636967349,0.2474907690738555,0.25577723039728617,0.008286461323430666,104,278
qwen,gsm8k,margin_early_late_delta,0.5147689540675152,0.1324413297821672,0.1368091435549459,0.0043678137727787,104,278
qwen,gsm8k,margin_min,0.53856530160487,0.010388243227050854,0.004208598312714117,-0.006179644914336737,104,278
qwen,gsm8k,margin_range,0.5385653016048699,0.9896117567729491,0.9957914016872859,0.006179644914336757,104,278
qwen,gsm8k,margin_slope,0.5175013835085778,0.0003692517553258595,0.00038094236276473156,1.1690607438872062e-05,104,278
qwen,gsm8k,margin_std,0.5636068068622025,0.20094101912280432,0.20808804507599396,0.00714702595318964,104,278
qwen,gsm8k,max_compound_severity,0.5125899280575539,0.4,0.38992805755395676,-0.010071942446043258,104,278
qwen,gsm8k,n_compound_signals,0.5125899280575539,1.0,0.9748201438848921,-0.025179856115107868,104,278
qwen,gsm8k,n_warning_signals,0.5034241837299391,0.14423076923076922,0.1510791366906475,0.0068483674598782684,104,278
qwen,gsm8k,perplexity_max,0.5645925567238517,6.069975926632592,6.266315979747318,0.19634005311472524,104,278
qwen,gsm8k,perplexity_mean,0.5807969009407858,1.1665221034144837,1.180074262012734,0.013552158598250319,104,278
qwen,gsm8k,risk_score,0.519472883231876,0.40175820206865526,0.39435544042802856,-0.007402761640626698,104,278
qwen,gsm8k,risk_score_is_zero,0.5071942446043165,0.0,0.014388489208633094,0.014388489208633094,104,278
qwen,gsm8k,surprisal_diff_std,0.5572080796900941,0.6785626081130334,0.7081462955010569,0.029583687388023527,104,278
qwen,gsm8k,surprisal_early_late_delta,0.5057761483121196,-0.2637926899258857,-0.2693911810114305,-0.005598491085544777,104,278
qwen,gsm8k,surprisal_max,0.5481633923630326,4.593033265003322,4.752249002957274,0.15921573795395272,104,278
qwen,gsm8k,surprisal_mean,0.5635376314333149,0.143942634829499,0.15369201808392963,0.009749383254430616,104,278
qwen,gsm8k,surprisal_p90,0.554389180962922,0.2968846212141548,0.3282605346744358,0.03137591346028096,104,278
qwen,gsm8k,surprisal_range,0.5481633923630326,4.593033265003322,4.752249002957274,0.15921573795395272,104,278
qwen,gsm8k,surprisal_slope,0.5149764803541781,-0.0007269419992829248,-0.0007532370726637451,-2.6295073380820265e-05,104,278
qwen,gsm8k,surprisal_std,0.5605976757055893,0.5231035291229821,0.5464472772221349,0.02334374809915285,104,278
qwen,gsm8k,surprisal_volatility,0.5254584424863062,3.5825058704336463,3.5425524318010297,-0.03995343863261658,85,247
qwen,gsm8k,topk_mass_mean,0.5323568068622025,0.9999506936041307,0.9999466192729453,-4.074331185432989e-06,104,278
qwen,gsm8k,topk_mass_std,0.5462956557830658,0.0008532150842372124,0.0009370167390912905,8.380165485407807e-05,104,278
qwen,gsm8k,warning_density_per_100t,0.5024211400110681,0.04962819796013707,0.0397607687459386,-0.009867429214198475,104,278
qwen,humaneval,attn_entropy_norm_mean,0.5534396980614171,0.4394985057324717,0.4448171006310334,0.005318594898561735,67,261
qwen,humaneval,attn_entropy_norm_std,0.7440384285469206,0.12502318267423063,0.11746429830108514,-0.0075588843731454886,67,261
qwen,humaneval,collapsed_rate_mean,0.8035111797335164,0.020265705670682255,0.017765033494876126,-0.002500672175806129,67,261
qwen,humaneval,collapsed_rate_mean_zscore,0.8035111797335164,1.3945789110086582,0.1447600184656332,-1.249818892543025,67,261
qwen,humaneval,compound_density_per_100t,0.9187396351575455,2.50493788415705,0.44193695320844845,-2.063000930948602,67,261
qwen,humaneval,concentration_max_mean,0.811517127008635,0.9164490713551348,0.9038015414854528,-0.012647529869681984,67,261
qwen,humaneval,concentration_min_mean,0.8642420083490593,0.15854240253526758,0.1263331546843078,-0.03220924785095977,67,261
qwen,humaneval,cs_confident_repetition_risk,0.5172413793103448,1.0,0.9655172413793104,-0.03448275862068961,67,261
qwen,humaneval,early10_entropy_mean,0.8230399725510379,0.23665387325164775,0.5392722468026084,0.30261837355096066,67,261
qwen,humaneval,early10_entropy_slope,0.5669640304225997,-0.03854722313745775,-0.04882996699353931,-0.010282743856081557,67,261
qwen,humaneval,early10_margin_mean,0.8280150969291473,0.896289057295714,0.7785117120606917,-0.11777734523502226,67,261
qwen,humaneval,early10_margin_slope,0.538085434894493,0.012894444164244205,0.014165893388233241,0.0012714492239890365,67,261
qwen,humaneval,early10_surprisal_mean,0.720878366786756,0.29010506766545935,0.5371162424286601,0.24701117476320072,67,261
qwen,humaneval,early10_surprisal_slope,0.5235889517927603,-0.05052037606836009,-0.05281800892531229,-0.0022976328569522045,67,261
qwen,humaneval,early25p_entropy_mean,0.7134442728884314,0.16326908836130974,0.25540673598632213,0.09213764762501239,67,261
qwen,humaneval,early25p_entropy_slope,0.5612740893234975,-0.015347765932047654,-0.008407761646312222,0.0069400042857354315,67,261
qwen,humaneval,early25p_margin_mean,0.7026934294047007,0.9246172806349012,0.8878965874848889,-0.03672069315001236,67,261
qwen,humaneval,early25p_margin_slope,0.5289643735346257,0.005493910035661266,0.0032876143833233664,-0.0022062956523378995,67,261
qwen,humaneval,early25p_surprisal_mean,0.6543146337279122,0.1842834480425218,0.2525372740702039,0.06825382602768207,67,261
qwen,humaneval,early25p_surprisal_slope,0.6448218676731285,-0.0203005670831964,-0.006912728026991236,0.013387839056205164,67,261
qwen,humaneval,early50p_entropy_mean,0.7533596385886658,0.1299011092252164,0.1913022725154208,0.061401163290204425,67,261
qwen,humaneval,early50p_entropy_slope,0.5740264196260079,-0.00552960012054838,-0.0032554146410861376,0.0022741854794622427,67,261
qwen,humaneval,early50p_margin_mean,0.7182478412535026,0.9380561775087601,0.9138702546419198,-0.024185922866840293,67,261
qwen,humaneval,early50p_margin_slope,0.5784296906273232,0.002150180696083703,0.001259548824958498,-0.000890631871125205,67,261
qwen,humaneval,early50p_surprisal_mean,0.6440784582832961,0.1550013356271554,0.18927790279648657,0.03427656716933117,67,261
qwen,humaneval,early50p_surprisal_slope,0.5991307828672728,-0.007663355245944464,-0.003208273838806,0.004455081407138463,67,261
qwen,humaneval,entropy_diff_std,0.70766855378281,0.40364198989686495,0.4920871339326084,0.08844514403574344,67,261
qwen,humaneval,entropy_early_late_delta,0.6575170126379596,-0.07205528032020679,-0.17249227688244778,-0.10043699656224099,67,261
qwen,humaneval,entropy_max,0.8661291244924801,1.6355447799462153,2.8501977078189333,1.214652927872718,67,261
qwen,humaneval,entropy_mean,0.691141991193458,0.10915066696814155,0.13723814055234995,0.028087473584208406,67,261
qwen,humaneval,entropy_p90,0.6190884657173901,0.387200856206623,0.4877475866124114,0.10054673040578843,67,261
qwen,humaneval,entropy_range,0.8661291244924801,1.6355447799462153,2.8501977078189333,1.214652927872718,67,261
qwen,humaneval,entropy_range_approx,0.8683593526619775,1.5263941129780738,2.7129595672665836,1.1865654542885098,67,261
qwen,humaneval,entropy_slope,0.5528678446846229,-0.0006282088772716728,-0.0011151174300430152,-0.00048690855277134235,67,261
qwen,humaneval,entropy_std,0.7935609309772974,0.303757487755786,0.4089894248754749,0.10523193711968892,67,261
qwen,humaneval,failure_risk,0.5217304283181793,0.19402985074626866,0.1724137931034483,-0.021616057642820374,67,261
qwen,humaneval,failure_risk_is_zero,0.5254474752673415,0.6119402985074627,0.6628352490421456,0.05089495053468296,67,261
qwen,humaneval,focused_head_mean,0.8170641047635386,2.2107014855891562,1.746107672557605,-0.46459381303155123,67,261
qwen,humaneval,focused_head_mean_zscore,0.8170641047635386,1.7980005371659518,0.5281193338495357,-1.269881203316416,67,261
qwen,humaneval,focused_head_rate,0.8170641047635386,0.07895362448532699,0.06236098830562876,-0.01659263617969823,67,261
qwen,humaneval,hidden_max_abs_last_layer_mean,0.8220392291416481,154.89399260415374,132.98769010246698,-21.906302501686753,67,261
qwen,humaneval,hidden_max_abs_last_layer_mean_zscore,0.8220392291416481,0.8707712504296501,-0.47894424773530253,-1.3497154981649526,67,261
qwen,humaneval,hidden_std_last_layer_mean,0.7415794590267056,5.208364150793149,4.957636918459523,-0.2507272323336265,67,261
qwen,humaneval,hidden_std_last_layer_mean_zscore,0.7415794590267056,0.20519035816993106,-0.8027818924163419,-1.007972250586273,67,261
qwen,humaneval,high_entropy_frac,0.5038314176245211,0.0,1.496647509578544e-05,1.496647509578544e-05,67,261
qwen,humaneval,high_entropy_steps,0.5038314176245211,0.0,0.007662835249042145,0.007662835249042145,67,261
qwen,humaneval,l2_norm_cross_layer_max,0.5363126894264311,480.08183994577894,489.0574993265086,8.975659380729667,67,261
qwen,humaneval,l2_norm_cross_layer_max_zscore,0.5363126894264311,-0.06618540311162055,0.15086577342880017,0.21705117654042072,67,261
qwen,humaneval,l2_norm_last_layer_mean,0.7403213815977583,311.63321550603246,296.75218307188345,-14.881032434149006,67,261
qwen,humaneval,l2_norm_last_layer_mean_zscore,0.7403213815977583,0.19634093980528197,-0.8032702487443819,-0.9996111885496639,67,261
qwen,humaneval,l2_norm_slope,0.8768227826385315,-1.3078112370789023,-0.24507047388164985,1.0627407631972525,67,261
qwen,humaneval,late50p_entropy_mean,0.5483502030079488,0.08893557963897412,0.08338670033041078,-0.005548879308563348,67,261
qwen,humaneval,late50p_margin_mean,0.5521816206324699,0.9549555527368733,0.9587063007569961,0.0037507480201228738,67,261
qwen,humaneval,late50p_surprisal_mean,0.5065477211642935,0.0847388423970624,0.08493154203763714,0.00019269964057473665,67,261
qwen,humaneval,margin_diff_std,0.5864928232401212,0.21148684598672166,0.23398294274993203,0.022496096763210377,67,261
qwen,humaneval,margin_early_late_delta,0.6559730085206152,0.03210614772567163,0.07173309191369474,0.039626944188023115,67,261
qwen,humaneval,margin_min,0.7488419969119917,0.2652876595062996,0.02792404783297316,-0.23736361167332645,67,261
qwen,humaneval,margin_range,0.7488419969119917,0.7347123404937004,0.9720759521670268,0.23736361167332642,67,261
qwen,humaneval,margin_slope,0.5316520844055584,0.0004031060055289079,0.00045874220077468403,5.563619524577611e-05,67,261
qwen,humaneval,margin_std,0.7188768799679762,0.15380803941118687,0.18811356803571708,0.03430552862453021,67,261
qwen,humaneval,max_compound_severity,0.5172413793103448,0.3999999999999999,0.38620689655172413,-0.013793103448275779,67,261
qwen,humaneval,n_compound_signals,0.5172413793103448,1.0,0.9655172413793104,-0.03448275862068961,67,261
qwen,humaneval,n_warning_signals,0.5254474752673415,0.3880597014925373,0.3371647509578544,-0.0508949505346829,67,261
qwen,humaneval,perplexity_max,0.8661291244924801,3.7454548153113603,8.080609699740904,4.335154884429544,67,261
qwen,humaneval,perplexity_mean,0.7552467547320867,1.1162291615023336,1.1752848002204683,0.059055638718134684,67,261
qwen,humaneval,risk_score,0.566535140390004,0.40928596075535084,0.3939694465725835,-0.01531651418276736,67,261
qwen,humaneval,risk_score_is_zero,0.5076628352490422,0.0,0.01532567049808429,0.01532567049808429,67,261
qwen,humaneval,surprisal_diff_std,0.5966718133470578,0.6193233867017108,0.7037844316260491,0.08446104492433826,67,261
qwen,humaneval,surprisal_early_late_delta,0.6015325670498083,-0.09985079737824781,-0.16684723123261544,-0.06699643385436763,67,261
qwen,humaneval,surprisal_max,0.8383370503802825,2.7117843217058852,4.7811588199140385,2.0693744982081532,67,261
qwen,humaneval,surprisal_mean,0.6073082861554298,0.11950173935874138,0.13700623528995404,0.017504495931212657,67,261
qwen,humaneval,surprisal_p90,0.5915537256247498,0.15457522375737429,0.2091354913674653,0.054560267610091,67,261
qwen,humaneval,surprisal_range,0.8383370503802825,2.7117843217058852,4.7811588199140385,2.0693744982081532,67,261
qwen,humaneval,surprisal_slope,0.608166066220621,-0.002763362901768054,-0.0010444757328771511,0.0017188871688909029,67,261
qwen,humaneval,surprisal_std,0.6493395093498028,0.4430692366674231,0.5437524776472004,0.10068324097977727,67,261
qwen,humaneval,surprisal_volatility,0.6254856254856256,3.6770734288467133,3.8609074596531348,0.18383403080642147,39,198
qwen,humaneval,topk_mass_mean,0.8299308057414079,0.999950782334763,0.999615421296973,-0.00033536103778997184,67,261
qwen,humaneval,topk_mass_std,0.7737462114713787,0.0005965587489026141,0.004257714850632331,0.003661156101729717,67,261
qwen,humaneval,warning_density_per_100t,0.5777720592440099,1.11112608839445,0.15490148469757486,-0.9562246036968751,67,261
