model,dataset,signal,mean_delta,median_delta,frac_positive,n_prompts
llama,gsm8k,attention_collapse_detected,0.0057692307692307696,0.0,0.007692307692307693,130
llama,gsm8k,attn_entropy_norm_mean,-0.00032759648690761816,-0.00013611055558374052,0.49230769230769234,130
llama,gsm8k,attn_entropy_norm_std,9.82756037971736e-05,0.0001783338855651656,0.5461538461538461,130
llama,gsm8k,collapsed_rate_mean,-0.00013573756459204044,-0.00020544319549066405,0.45384615384615384,130
llama,gsm8k,collapsed_rate_mean_zscore,-0.03569065867162933,-0.05401896658971071,0.45384615384615384,130
llama,gsm8k,compound_density_per_100t,-0.029458821425634555,-0.027673554865808928,0.3923076923076923,130
llama,gsm8k,concentration_max_mean,-0.0005963369526652295,-0.0007136402399446906,0.4230769230769231,130
llama,gsm8k,concentration_min_mean,0.0008257245882511182,0.0006703562556731185,0.5384615384615384,130
llama,gsm8k,cs_attention_bottleneck,0.0,0.0,0.0,130
llama,gsm8k,cs_confident_confusion,0.0,0.0,0.0,130
llama,gsm8k,cs_confident_repetition_risk,-0.02849206349206349,0.0,0.4307692307692308,130
llama,gsm8k,cs_context_loss,0.0,0.0,0.0,130
llama,gsm8k,cs_degenerating_generation,0.0,0.0,0.0,130
llama,gsm8k,early10_entropy_mean,0.07667911127431033,0.06772368711698462,0.5846153846153846,130
llama,gsm8k,early10_entropy_slope,-0.005490271895070503,0.0008193364179220688,0.5,130
llama,gsm8k,early10_margin_mean,-0.014965641287957127,-0.01615912912206513,0.43846153846153846,130
llama,gsm8k,early10_margin_slope,0.0024700237328941486,0.001492627010200965,0.5384615384615384,130
llama,gsm8k,early10_surprisal_mean,0.12324335173580503,0.01672588485817933,0.5076923076923077,130
llama,gsm8k,early10_surprisal_slope,-0.01988951217258557,-0.01660883769133025,0.4307692307692308,130
llama,gsm8k,early25p_entropy_mean,0.07278657098541713,0.0419266415313469,0.5846153846153846,130
llama,gsm8k,early25p_entropy_slope,0.0003228264427328403,0.00042056899452169163,0.5384615384615384,130
llama,gsm8k,early25p_margin_mean,-0.02136070173626176,-0.016099035941154582,0.4307692307692308,130
llama,gsm8k,early25p_margin_slope,-0.00017036943771469426,-0.00020377773691128203,0.4461538461538462,130
llama,gsm8k,early25p_surprisal_mean,0.07952930331045167,0.04737529076312902,0.5923076923076923,130
llama,gsm8k,early25p_surprisal_slope,-0.0012293930916266243,-0.00020407860612692242,0.45384615384615384,130
llama,gsm8k,early50p_entropy_mean,0.06020725784549702,0.04447256471425354,0.6307692307692307,130
llama,gsm8k,early50p_entropy_slope,-0.00026316557138122645,0.0003449011245513239,0.5461538461538461,130
llama,gsm8k,early50p_margin_mean,-0.018831974391079823,-0.010976504496290895,0.3769230769230769,130
llama,gsm8k,early50p_margin_slope,5.890825751209655e-05,-0.00016362819793401713,0.4,130
llama,gsm8k,early50p_surprisal_mean,0.06255451303399559,0.0560024747904493,0.6307692307692307,130
llama,gsm8k,early50p_surprisal_slope,-0.0006459763414553157,0.0003112529236599566,0.5384615384615384,130
llama,gsm8k,entropy_diff_std,0.07242006600027696,0.07028316988054922,0.6615384615384615,130
llama,gsm8k,entropy_early_late_delta,0.013741056964251657,0.009265748679950503,0.5230769230769231,130
llama,gsm8k,entropy_max,0.2757866153501312,0.19559840915334448,0.6692307692307692,130
llama,gsm8k,entropy_mean,0.06540341579840328,0.054511577378810516,0.6538461538461539,130
llama,gsm8k,entropy_min,0.0,0.0,0.0,130
llama,gsm8k,entropy_p90,0.16200884215271835,0.1653286901639346,0.676923076923077,130
llama,gsm8k,entropy_range,0.2757866153501312,0.19559840915334448,0.6692307692307692,130
llama,gsm8k,entropy_range_approx,0.210383199551728,0.18711690367092282,0.6461538461538462,130
llama,gsm8k,entropy_slope,6.855926313592407e-05,0.00018539112393201268,0.5923076923076923,130
llama,gsm8k,entropy_std,0.06753751640095737,0.06328411738486023,0.676923076923077,130
llama,gsm8k,failure_risk,-0.012959096459096459,-0.07499999999999997,0.4076923076923077,130
llama,gsm8k,failure_risk_is_one,0.0,0.0,0.0,130
llama,gsm8k,failure_risk_is_zero,0.00044566544566544664,0.07500000000000001,0.5076923076923077,130
llama,gsm8k,focused_head_mean,-0.023413595801267013,-0.02258458731413615,0.46153846153846156,130
llama,gsm8k,focused_head_mean_zscore,-0.04482470851169098,-0.04323759373851377,0.46153846153846156,130
llama,gsm8k,focused_head_rate,-0.0007316748687895942,-0.0007057683535667547,0.46153846153846156,130
llama,gsm8k,hidden_max_abs_last_layer_mean,0.5615332258952976,0.5376790563680789,0.5769230769230769,130
llama,gsm8k,hidden_max_abs_last_layer_mean_zscore,0.24118695755517788,0.23094123333449085,0.5769230769230769,130
llama,gsm8k,hidden_std_last_layer_mean,-0.0030846912892210266,-0.0017097717416421077,0.45384615384615384,130
llama,gsm8k,hidden_std_last_layer_mean_zscore,-0.11949248612567723,-0.0662318711859951,0.45384615384615384,130
llama,gsm8k,high_entropy_frac,0.0010025882545118324,0.000398406374501992,0.5153846153846153,130
llama,gsm8k,high_entropy_steps,0.3860897435897436,0.023809523809523808,0.5,130
llama,gsm8k,inf_detected,0.0,0.0,0.0,130
llama,gsm8k,l2_norm_cross_layer_max,-0.1813021887847937,-0.07214965820313068,0.4461538461538462,130
llama,gsm8k,l2_norm_cross_layer_max_zscore,-0.1814431771692452,-0.07220576488234909,0.4461538461538462,130
llama,gsm8k,l2_norm_last_layer_mean,-0.19602980889654284,-0.111073517511727,0.45384615384615384,130
llama,gsm8k,l2_norm_last_layer_mean_zscore,-0.11868072305343082,-0.06724633077277797,0.45384615384615384,130
llama,gsm8k,l2_norm_slope,0.0003457979568247435,0.000816743552608856,0.5307692307692308,130
llama,gsm8k,late50p_entropy_mean,0.07058599497855328,0.058833372528483335,0.5923076923076923,130
llama,gsm8k,late50p_margin_mean,-0.027594383981114218,-0.019304058395600288,0.4076923076923077,130
llama,gsm8k,late50p_surprisal_mean,0.07253712694050803,0.04784449917534628,0.5923076923076923,130
llama,gsm8k,margin_diff_std,0.017130124167022198,0.017250109139117814,0.6153846153846154,130
llama,gsm8k,margin_early_late_delta,-0.010159095503095513,-0.014155199125200982,0.45384615384615384,130
llama,gsm8k,margin_max,0.0,0.0,0.0,130
llama,gsm8k,margin_mean,-0.023214661647362113,-0.02314146221185881,0.38461538461538464,130
llama,gsm8k,margin_min,-0.002362206543435289,-0.0023053359417688282,0.3230769230769231,130
llama,gsm8k,margin_p90,0.0,0.0,0.0,130
llama,gsm8k,margin_range,0.0023622065434352915,0.002305335941768849,0.6692307692307692,130
llama,gsm8k,margin_slope,-5.088758905867003e-05,-6.894988606328751e-05,0.4230769230769231,130
llama,gsm8k,margin_std,0.014922901117818462,0.01873904111177238,0.6461538461538462,130
llama,gsm8k,max_compound_severity,-0.01139682539682539,5.551115123125783e-17,0.5153846153846153,130
llama,gsm8k,mid_layer_anomaly,0.0,0.0,0.0,130
llama,gsm8k,n_compound_signals,-0.02849206349206349,0.0,0.4307692307692308,130
llama,gsm8k,n_warning_signals,-0.010100732600732595,-0.07500000000000001,0.38461538461538464,130
llama,gsm8k,nan_detected,0.0,0.0,0.0,130
llama,gsm8k,perplexity_max,1.9360353025065393,1.4265456708799586,0.6307692307692307,130
llama,gsm8k,perplexity_mean,0.1142511256149131,0.0716756425605688,0.6692307692307692,130
llama,gsm8k,repetition_detected,-0.0020604395604395605,0.0,0.0,130
llama,gsm8k,risk_score,2.6001602541146962e-05,0.014535180179922086,0.5846153846153846,130
llama,gsm8k,risk_score_is_one,-0.0020604395604395605,0.0,0.0,130
llama,gsm8k,risk_score_is_zero,0.0016025641025641025,0.0,0.015384615384615385,130
llama,gsm8k,surprisal_diff_std,0.10509304019869627,0.09285699581064438,0.6461538461538462,130
llama,gsm8k,surprisal_early_late_delta,0.012241427715487972,0.02444684071371314,0.5384615384615384,130
llama,gsm8k,surprisal_max,0.41520309150702417,0.45540622058626123,0.6538461538461539,130
llama,gsm8k,surprisal_mean,0.06756068595658442,0.04871247688618288,0.6307692307692307,130
llama,gsm8k,surprisal_min,0.0,0.0,0.0,130
llama,gsm8k,surprisal_p90,0.259927323672889,0.244068291326499,0.6384615384615384,130
llama,gsm8k,surprisal_range,0.41520309150702417,0.45540622058626123,0.6538461538461539,130
llama,gsm8k,surprisal_slope,2.55096482661618e-05,0.00018049911547037868,0.6,130
llama,gsm8k,surprisal_std,0.09187959182214259,0.08221864919425792,0.6230769230769231,130
llama,gsm8k,surprisal_volatility,-0.17034888367353188,-0.21402545084730384,0.34108527131782945,129
llama,gsm8k,topk_mass_mean,-0.0005527711603376446,-0.00021421196695686762,0.4153846153846154,130
llama,gsm8k,topk_mass_std,0.0033979677378335707,0.0023397704304051765,0.6076923076923076,130
llama,gsm8k,warning_density_per_100t,-0.023291031563091407,-0.04591158343708656,0.3769230769230769,130
llama,humaneval,attention_collapse_detected,0.002374703162104737,0.0,0.07086614173228346,127
llama,humaneval,attn_entropy_norm_mean,-0.004171267441598118,-0.0036232119996167933,0.33070866141732286,127
llama,humaneval,attn_entropy_norm_std,0.000754361209947782,0.0009886351445325958,0.6377952755905512,127
llama,humaneval,collapsed_rate_mean,0.0010345340673442672,0.0008608988444010358,0.7086614173228346,127
llama,humaneval,collapsed_rate_mean_zscore,0.2720190419853884,0.22636362232271412,0.7086614173228346,127
llama,humaneval,compound_density_per_100t,0.0005314288464599136,0.0,0.14960629921259844,127
llama,humaneval,concentration_max_mean,0.00035616466474474266,0.0003613425152642069,0.5669291338582677,127
llama,humaneval,concentration_min_mean,0.003870475663202057,0.0026959817623719573,0.6062992125984252,127
llama,humaneval,cs_attention_bottleneck,0.0,0.0,0.0,127
llama,humaneval,cs_confident_confusion,0.0,0.0,0.0,127
llama,humaneval,cs_confident_repetition_risk,0.02160667416572928,0.0,0.15748031496062992,127
llama,humaneval,cs_context_loss,0.0,0.0,0.0,127
llama,humaneval,cs_degenerating_generation,0.0,0.0,0.0,127
llama,humaneval,early10_entropy_mean,-0.005316077578681963,0.013138248289617904,0.5590551181102362,127
llama,humaneval,early10_entropy_slope,0.007738718276231447,0.00306603914427573,0.5354330708661418,127
llama,humaneval,early10_margin_mean,0.0046581246398660296,-0.0014889277517795563,0.48031496062992124,127
llama,humaneval,early10_margin_slope,-0.0018358133463733518,-0.0013205463085511696,0.4566929133858268,127
llama,humaneval,early10_surprisal_mean,0.014030849740789357,0.039330434458856256,0.5905511811023622,127
llama,humaneval,early10_surprisal_slope,0.002467602244970014,0.0027200813453659434,0.5039370078740157,127
llama,humaneval,early25p_entropy_mean,-0.02338151670466638,0.0023261976202163526,0.5039370078740157,127
llama,humaneval,early25p_entropy_slope,-0.00020266834905812705,0.00024221692203563487,0.5669291338582677,127
llama,humaneval,early25p_margin_mean,0.009466335311758172,0.0009808051843374077,0.5039370078740157,127
llama,humaneval,early25p_margin_slope,3.520573211919364e-05,-0.00011498939328097226,0.44881889763779526,127
llama,humaneval,early25p_surprisal_mean,-0.015799528421401154,0.012340984367305963,0.5511811023622047,127
llama,humaneval,early25p_surprisal_slope,-0.0002515757844360355,2.5347511779586808e-05,0.5039370078740157,127
llama,humaneval,early50p_entropy_mean,-0.03325110040686809,-0.009748681134091108,0.4330708661417323,127
llama,humaneval,early50p_entropy_slope,-8.125037972112218e-05,5.8800685507103684e-05,0.5118110236220472,127
llama,humaneval,early50p_margin_mean,0.011537639162007627,0.0037838892894797027,0.5511811023622047,127
llama,humaneval,early50p_margin_slope,3.903045269870118e-06,-3.1350588281680507e-05,0.4566929133858268,127
llama,humaneval,early50p_surprisal_mean,-0.03240212819676037,-0.012887325563279484,0.44881889763779526,127
llama,humaneval,early50p_surprisal_slope,-0.00014976276548478743,-0.0001171561182699107,0.4566929133858268,127
llama,humaneval,entropy_diff_std,-0.030981924223894935,-0.011388985742925906,0.4566929133858268,127
llama,humaneval,entropy_early_late_delta,-0.010579332340054686,-0.011870806208816975,0.48031496062992124,127
llama,humaneval,entropy_max,-0.03446874488159112,-0.030894422884091277,0.44881889763779526,127
llama,humaneval,entropy_mean,-0.03268358066451444,-0.007966430285994364,0.44881889763779526,127
llama,humaneval,entropy_min,0.0,0.0,0.0,127
llama,humaneval,entropy_p90,-0.11236125160175216,-0.05291347567398641,0.4409448818897638,127
llama,humaneval,entropy_range,-0.03446874488159112,-0.030894422884091277,0.44881889763779526,127
llama,humaneval,entropy_range_approx,-0.0017851642170766272,-0.03895523032360071,0.47244094488188976,127
llama,humaneval,entropy_slope,-6.243363521052754e-06,1.9334984265311048e-05,0.5354330708661418,127
llama,humaneval,entropy_std,-0.034331891718194237,-0.014091220053876197,0.4251968503937008,127
llama,humaneval,failure_risk,-0.015372140982377205,0.0,0.4251968503937008,127
llama,humaneval,failure_risk_is_one,0.0,0.0,0.0,127
llama,humaneval,failure_risk_is_zero,0.02896512935883015,0.0,0.4409448818897638,127
llama,humaneval,focused_head_mean,0.17483362190529214,0.1467996073510358,0.7559055118110236,127
llama,humaneval,focused_head_mean_zscore,0.3347143346313266,0.2810439568955403,0.7559055118110236,127
llama,humaneval,focused_head_rate,0.005463550684540379,0.004587487729719869,0.7559055118110236,127
llama,humaneval,hidden_max_abs_last_layer_mean,0.490173853898326,0.4204864501953125,0.6692913385826772,127
llama,humaneval,hidden_max_abs_last_layer_mean_zscore,0.21053703510836813,0.18060524816512646,0.6692913385826772,127
llama,humaneval,hidden_std_last_layer_mean,-0.007667320950606532,-0.005554298415691328,0.33070866141732286,127
llama,humaneval,hidden_std_last_layer_mean_zscore,-0.297010999289604,-0.2151582975885018,0.33070866141732286,127
llama,humaneval,high_entropy_frac,-0.000980742349263115,0.0,0.48031496062992124,127
llama,humaneval,high_entropy_steps,-0.49429133858267715,0.0,0.48031496062992124,127
llama,humaneval,inf_detected,0.0,0.0,0.0,127
llama,humaneval,l2_norm_cross_layer_max,-0.08554423732349967,-0.03717931111654593,0.4330708661417323,127
llama,humaneval,l2_norm_cross_layer_max_zscore,-0.08561076020389143,-0.03720822334889551,0.4330708661417323,127
llama,humaneval,l2_norm_last_layer_mean,-0.4901796942141025,-0.3529028488057122,0.33070866141732286,127
llama,humaneval,l2_norm_last_layer_mean_zscore,-0.29676548104039513,-0.21365508388563592,0.33070866141732286,127
llama,humaneval,l2_norm_slope,-0.001216934653611841,-0.0015648154360682317,0.4251968503937008,127
llama,humaneval,late50p_entropy_mean,-0.0321198719663929,-0.010795964246190531,0.4330708661417323,127
llama,humaneval,late50p_margin_mean,0.010768224210908924,0.004646535116037187,0.5590551181102362,127
llama,humaneval,late50p_surprisal_mean,-0.03014871351967877,-0.0033282192454697213,0.49606299212598426,127
llama,humaneval,margin_diff_std,-0.009072433115876353,-0.011851793837583946,0.4566929133858268,127
llama,humaneval,margin_early_late_delta,0.0030010557193133626,0.000500529259443272,0.5196850393700787,127
llama,humaneval,margin_max,0.0,0.0,0.0,127
llama,humaneval,margin_mean,0.011152149122660627,0.002697976211493369,0.5433070866141733,127
llama,humaneval,margin_min,-7.609727671035827e-05,0.002029513319333395,0.6062992125984252,127
llama,humaneval,margin_p90,0.0,0.0,0.0,127
llama,humaneval,margin_range,7.609727671036136e-05,-0.0020295133193334314,0.3937007874015748,127
llama,humaneval,margin_slope,-1.239744871884185e-06,-1.5092538690728659e-05,0.47244094488188976,127
llama,humaneval,margin_std,-0.0095829917021141,-0.009984545203220951,0.4409448818897638,127
llama,humaneval,max_compound_severity,0.008642669666291704,0.0,0.2755905511811024,127
llama,humaneval,mid_layer_anomaly,0.0,0.0,0.0,127
llama,humaneval,n_compound_signals,0.02160667416572928,0.0,0.15748031496062992,127
llama,humaneval,n_warning_signals,-0.03216160479940008,0.0,0.41732283464566927,127
llama,humaneval,nan_detected,0.0,0.0,0.0,127
llama,humaneval,perplexity_max,-0.5647193601047681,-0.6548499155803249,0.44881889763779526,127
llama,humaneval,perplexity_mean,-0.06880188079039674,-0.016960397290970874,0.4330708661417323,127
llama,humaneval,repetition_detected,0.0,0.0,0.0,127
llama,humaneval,risk_score,-0.0009161265088388736,0.006033656019677647,0.5511811023622047,127
llama,humaneval,risk_score_is_one,0.0008748906386701661,0.0,0.007874015748031496,127
llama,humaneval,risk_score_is_zero,-0.003215223097112861,0.0,0.007874015748031496,127
llama,humaneval,surprisal_diff_std,-0.04812742889545586,-0.02289473938316644,0.4251968503937008,127
llama,humaneval,surprisal_early_late_delta,-0.020082185340545344,-0.015594476888201203,0.4330708661417323,127
llama,humaneval,surprisal_max,-0.09755819674544469,-0.19371467959547228,0.4409448818897638,127
llama,humaneval,surprisal_mean,-0.03127316203873655,-0.004103113876721826,0.47244094488188976,127
llama,humaneval,surprisal_min,0.0,0.0,0.0,127
llama,humaneval,surprisal_p90,-0.13532134466424997,-0.02537865523850283,0.4645669291338583,127
llama,humaneval,surprisal_range,-0.09755819674544469,-0.19371467959547228,0.4409448818897638,127
llama,humaneval,surprisal_slope,-1.6786357438151456e-05,2.3140819430724825e-05,0.5590551181102362,127
llama,humaneval,surprisal_std,-0.04376597808589115,-0.018603408208718974,0.4409448818897638,127
llama,humaneval,surprisal_volatility,0.12487406747159267,0.15272759001661385,0.532258064516129,124
llama,humaneval,topk_mass_mean,0.0005294624223333584,0.00012038316800366822,0.5433070866141733,127
llama,humaneval,topk_mass_std,-0.0015947695296384162,-0.0006443506622354697,0.4645669291338583,127
llama,humaneval,warning_density_per_100t,-0.007645504170420899,0.0,0.41732283464566927,127
mistral7b,gsm8k,attention_collapse_detected,0.0,0.0,0.0,47
mistral7b,gsm8k,attn_entropy_norm_mean,-0.0005560497473727931,0.0009244101064408983,0.5319148936170213,47
mistral7b,gsm8k,attn_entropy_norm_std,0.0003859625991974969,0.0005291714989515972,0.5957446808510638,47
mistral7b,gsm8k,collapsed_rate_mean,2.5785083517125895e-05,2.1461757756485993e-05,0.5319148936170213,47
mistral7b,gsm8k,collapsed_rate_mean_zscore,0.05685276823804933,0.04732039509975805,0.5319148936170213,47
mistral7b,gsm8k,compound_density_per_100t,-0.033618295125948446,-0.010634277497834244,0.44680851063829785,47
mistral7b,gsm8k,concentration_max_mean,0.00012931756868328245,-3.525691367556316e-05,0.48936170212765956,47
mistral7b,gsm8k,concentration_min_mean,0.00039699171500795613,-9.037862356833792e-05,0.48936170212765956,47
mistral7b,gsm8k,cs_attention_bottleneck,0.0,0.0,0.0,47
mistral7b,gsm8k,cs_confident_confusion,0.0,0.0,0.0,47
mistral7b,gsm8k,cs_confident_repetition_risk,-0.05053191489361702,0.0,0.0851063829787234,47
mistral7b,gsm8k,cs_context_loss,0.0,0.0,0.0,47
mistral7b,gsm8k,cs_degenerating_generation,0.0,0.0,0.0,47
mistral7b,gsm8k,early10_entropy_mean,0.037422447473822215,0.03767527407188764,0.574468085106383,47
mistral7b,gsm8k,early10_entropy_slope,0.01610263488749577,0.02237909651884952,0.5957446808510638,47
mistral7b,gsm8k,early10_margin_mean,-0.006005391657405278,0.002689315378665902,0.5106382978723404,47
mistral7b,gsm8k,early10_margin_slope,-0.003977123708759435,-0.0071651715582067305,0.40425531914893614,47
mistral7b,gsm8k,early10_surprisal_mean,0.026259536895385793,0.003451715114527465,0.5106382978723404,47
mistral7b,gsm8k,early10_surprisal_slope,0.017683652821241617,0.023825659142072235,0.6170212765957447,47
mistral7b,gsm8k,early25p_entropy_mean,5.549837612322374e-06,0.0036045797186015083,0.574468085106383,47
mistral7b,gsm8k,early25p_entropy_slope,-0.0003675452119243832,-0.0006256808481115311,0.48936170212765956,47
mistral7b,gsm8k,early25p_margin_mean,0.003243545917888373,0.0017914851206853877,0.5106382978723404,47
mistral7b,gsm8k,early25p_margin_slope,-8.576747206876325e-05,-0.00016350541475541468,0.46808510638297873,47
mistral7b,gsm8k,early25p_surprisal_mean,0.010530643140634012,0.009836958064885493,0.5319148936170213,47
mistral7b,gsm8k,early25p_surprisal_slope,0.0005635415832248667,-0.00028037342363479174,0.48936170212765956,47
mistral7b,gsm8k,early50p_entropy_mean,0.020709364318328836,0.024153453874819597,0.6170212765957447,47
mistral7b,gsm8k,early50p_entropy_slope,0.0006405307313929183,0.00038090342609844834,0.6170212765957447,47
mistral7b,gsm8k,early50p_margin_mean,-0.0076346216105028005,-0.00784748786878664,0.40425531914893614,47
mistral7b,gsm8k,early50p_margin_slope,-0.0003502791324141243,-0.00018917272101291922,0.44680851063829785,47
mistral7b,gsm8k,early50p_surprisal_mean,0.018367945475023545,0.018876619349192048,0.5531914893617021,47
mistral7b,gsm8k,early50p_surprisal_slope,0.0002625746537018239,5.23283357021162e-05,0.5106382978723404,47
mistral7b,gsm8k,entropy_diff_std,0.03709980174851121,0.037355343965528975,0.5957446808510638,47
mistral7b,gsm8k,entropy_early_late_delta,0.03518936458546783,0.013599256189330472,0.574468085106383,47
mistral7b,gsm8k,entropy_max,0.09905236443351274,0.10649124178951164,0.6170212765957447,47
mistral7b,gsm8k,entropy_mean,0.025375328979716404,0.02430965265474455,0.7021276595744681,47
mistral7b,gsm8k,entropy_min,0.0,0.0,0.0,47
mistral7b,gsm8k,entropy_p90,0.07882610585402904,0.056872383870206766,0.7021276595744681,47
mistral7b,gsm8k,entropy_range,0.09905236443351274,0.10649124178951164,0.6170212765957447,47
mistral7b,gsm8k,entropy_range_approx,0.07367703545379636,0.03695530286548454,0.5531914893617021,47
mistral7b,gsm8k,entropy_slope,0.00015503496623916525,0.00012021707549094134,0.5319148936170213,47
mistral7b,gsm8k,entropy_std,0.02640992308872161,0.025263474469610192,0.6170212765957447,47
mistral7b,gsm8k,failure_risk,0.0021276595744680847,0.0,0.02127659574468085,47
mistral7b,gsm8k,failure_risk_is_one,0.0,0.0,0.0,47
mistral7b,gsm8k,failure_risk_is_zero,0.0,0.0,0.0,47
mistral7b,gsm8k,focused_head_mean,0.0003307693453737181,-0.004082233845169925,0.425531914893617,47
mistral7b,gsm8k,focused_head_mean_zscore,0.002342330572993023,-0.028908184133100034,0.425531914893617,47
mistral7b,gsm8k,focused_head_rate,1.033654204292869e-05,-0.00012756980766156015,0.425531914893617,47
mistral7b,gsm8k,hidden_max_abs_last_layer_mean,0.8202626889064856,0.48776996024396624,0.5106382978723404,47
mistral7b,gsm8k,hidden_max_abs_last_layer_mean_zscore,0.06040249382372463,0.03591839834908461,0.5106382978723404,47
mistral7b,gsm8k,hidden_std_last_layer_mean,0.011730017811289257,0.01084693789886959,0.6382978723404256,47
mistral7b,gsm8k,hidden_std_last_layer_mean_zscore,0.1494259826828937,0.13817663201491823,0.6382978723404256,47
mistral7b,gsm8k,high_entropy_frac,3.3566159562365336e-06,0.0,0.02127659574468085,47
mistral7b,gsm8k,high_entropy_steps,-0.014184397163120569,0.0,0.02127659574468085,47
mistral7b,gsm8k,inf_detected,0.0,0.0,0.0,47
mistral7b,gsm8k,l2_norm_cross_layer_max,-0.2485754892335707,0.0,0.46808510638297873,47
mistral7b,gsm8k,l2_norm_cross_layer_max_zscore,-0.01084124193762318,0.0,0.46808510638297873,47
mistral7b,gsm8k,l2_norm_last_layer_mean,0.7499878230055861,0.6914939433088421,0.6382978723404256,47
mistral7b,gsm8k,l2_norm_last_layer_mean_zscore,0.14923697870565514,0.1375975232225833,0.6382978723404256,47
mistral7b,gsm8k,l2_norm_slope,0.0034648919208936113,-0.0014118961165884348,0.44680851063829785,47
mistral7b,gsm8k,late50p_entropy_mean,0.03000579955473438,0.025985329158794063,0.6170212765957447,47
mistral7b,gsm8k,late50p_margin_mean,-0.01132727040872923,-0.00797717224168415,0.40425531914893614,47
mistral7b,gsm8k,late50p_surprisal_mean,0.011689958409218416,0.010929975517809998,0.574468085106383,47
mistral7b,gsm8k,margin_diff_std,0.009829131793212662,0.009930450262576163,0.574468085106383,47
mistral7b,gsm8k,margin_early_late_delta,-0.016231646247959017,-0.011852833037539388,0.3829787234042553,47
mistral7b,gsm8k,margin_max,0.0,0.0,0.0,47
mistral7b,gsm8k,margin_mean,-0.009485687502752048,-0.008342017862587703,0.3191489361702128,47
mistral7b,gsm8k,margin_min,-0.0037414795197282277,-0.006262550751368205,0.2978723404255319,47
mistral7b,gsm8k,margin_p90,0.0,0.0,0.0,47
mistral7b,gsm8k,margin_range,0.003741479519728229,0.006262550751368168,0.7021276595744681,47
mistral7b,gsm8k,margin_slope,-7.315234056003327e-05,-7.296924736858155e-05,0.425531914893617,47
mistral7b,gsm8k,margin_std,0.00712838539495858,0.003939951246054868,0.5531914893617021,47
mistral7b,gsm8k,max_compound_severity,-0.020212765957446813,0.0,0.2127659574468085,47
mistral7b,gsm8k,mid_layer_anomaly,0.0,0.0,0.0,47
mistral7b,gsm8k,n_compound_signals,-0.05053191489361702,0.0,0.0851063829787234,47
mistral7b,gsm8k,n_warning_signals,-0.09450354609929079,0.0,0.2978723404255319,47
mistral7b,gsm8k,nan_detected,0.0,0.0,0.0,47
mistral7b,gsm8k,perplexity_max,0.6036403985902845,0.5674923038058406,0.574468085106383,47
mistral7b,gsm8k,perplexity_mean,0.03504320687156183,0.025973867584453414,0.6595744680851063,47
mistral7b,gsm8k,repetition_detected,0.0,0.0,0.0,47
mistral7b,gsm8k,risk_score,-0.01378598682418557,0.0,0.0851063829787234,47
mistral7b,gsm8k,risk_score_is_one,-0.05053191489361702,0.0,0.0851063829787234,47
mistral7b,gsm8k,risk_score_is_zero,0.0,0.0,0.0,47
mistral7b,gsm8k,surprisal_diff_std,0.02491788894020876,0.019272670214581455,0.5531914893617021,47
mistral7b,gsm8k,surprisal_early_late_delta,0.00605763646342046,-0.0014299650125624286,0.48936170212765956,47
mistral7b,gsm8k,surprisal_max,0.19629751449724894,-0.07099730465368204,0.46808510638297873,47
mistral7b,gsm8k,surprisal_mean,0.015038213395165631,0.011247510099499064,0.5957446808510638,47
mistral7b,gsm8k,surprisal_min,0.0,0.0,0.0,47
mistral7b,gsm8k,surprisal_p90,0.06929072306377436,0.12044385100530419,0.574468085106383,47
mistral7b,gsm8k,surprisal_range,0.19629751449724894,-0.07099730465368204,0.46808510638297873,47
mistral7b,gsm8k,surprisal_slope,-3.5646689634131564e-05,3.636230525655643e-06,0.5106382978723404,47
mistral7b,gsm8k,surprisal_std,0.02071635411069497,0.0012861201858073157,0.5106382978723404,47
mistral7b,gsm8k,surprisal_volatility,-0.0967795343848787,-0.14452850858123845,0.30434782608695654,46
mistral7b,gsm8k,topk_mass_mean,-4.458704025593707e-05,-3.074181037499013e-05,0.425531914893617,47
mistral7b,gsm8k,topk_mass_std,0.0006560910788524787,0.00026730145314181417,0.5957446808510638,47
mistral7b,gsm8k,warning_density_per_100t,-0.0772482174011013,-0.0200804252604595,0.44680851063829785,47
mistral7b,humaneval,attention_collapse_detected,0.0,0.0,0.0,65
mistral7b,humaneval,attn_entropy_norm_mean,-0.0016868356488069555,-0.0009964511137620091,0.38461538461538464,65
mistral7b,humaneval,attn_entropy_norm_std,-0.0008446783789952307,-0.00043386515115582946,0.4153846153846154,65
mistral7b,humaneval,collapsed_rate_mean,7.6208132840233225e-06,2.237202015410375e-05,0.5538461538461539,65
mistral7b,humaneval,collapsed_rate_mean_zscore,0.016802905879062295,0.04932740574578537,0.5538461538461539,65
mistral7b,humaneval,compound_density_per_100t,0.01672681543276988,0.060271729530922746,0.5538461538461539,65
mistral7b,humaneval,concentration_max_mean,0.0006470384403600567,0.0012455867050464864,0.5846153846153846,65
mistral7b,humaneval,concentration_min_mean,0.0012115400901633467,-8.60375107633593e-05,0.49230769230769234,65
mistral7b,humaneval,cs_attention_bottleneck,0.0,0.0,0.0,65
mistral7b,humaneval,cs_confident_confusion,0.0,0.0,0.0,65
mistral7b,humaneval,cs_confident_repetition_risk,-0.015549450549450556,0.0,0.03076923076923077,65
mistral7b,humaneval,cs_context_loss,0.0,0.0,0.0,65
mistral7b,humaneval,cs_degenerating_generation,0.0,0.0,0.0,65
mistral7b,humaneval,early10_entropy_mean,-0.06983436262720495,-0.04755000002555887,0.3384615384615385,65
mistral7b,humaneval,early10_entropy_slope,-0.026765820401343884,-0.02121552750406986,0.3076923076923077,65
mistral7b,humaneval,early10_margin_mean,0.02227191407402684,0.022139169110192314,0.676923076923077,65
mistral7b,humaneval,early10_margin_slope,0.008129200585976281,0.00645917782729322,0.6923076923076923,65
mistral7b,humaneval,early10_surprisal_mean,-0.29532941234858096,-0.2857003764811575,0.2,65
mistral7b,humaneval,early10_surprisal_slope,0.10341412999398229,0.12647874452381436,0.8307692307692308,65
mistral7b,humaneval,early25p_entropy_mean,-0.03782631555619011,-0.007143250080796554,0.46153846153846156,65
mistral7b,humaneval,early25p_entropy_slope,-0.007427250485965944,-0.004801378784113949,0.38461538461538464,65
mistral7b,humaneval,early25p_margin_mean,0.016997433445921476,0.0050232243953930444,0.5538461538461539,65
mistral7b,humaneval,early25p_margin_slope,0.00335447123021694,0.0013007424466087852,0.6307692307692307,65
mistral7b,humaneval,early25p_surprisal_mean,-0.13640670201171787,-0.0859624712079009,0.2923076923076923,65
mistral7b,humaneval,early25p_surprisal_slope,0.04891621651128092,0.013434560872337582,0.6615384615384615,65
mistral7b,humaneval,early50p_entropy_mean,-0.011757445520103433,0.00016689250174845016,0.5076923076923077,65
mistral7b,humaneval,early50p_entropy_slope,0.0014124527547141744,0.000623265280148712,0.5230769230769231,65
mistral7b,humaneval,early50p_margin_mean,0.0048864698102612115,0.004251289366159372,0.5230769230769231,65
mistral7b,humaneval,early50p_margin_slope,-0.000776968917545026,-0.0001966465855766618,0.47692307692307695,65
mistral7b,humaneval,early50p_surprisal_mean,-0.06705667319795003,-0.028638581366757454,0.38461538461538464,65
mistral7b,humaneval,early50p_surprisal_slope,0.013679033182455965,0.004624481720737959,0.6923076923076923,65
mistral7b,humaneval,entropy_diff_std,-0.017395761625146004,0.017377206323407335,0.5846153846153846,65
mistral7b,humaneval,entropy_early_late_delta,0.029122426627740075,0.029800783412582355,0.5692307692307692,65
mistral7b,humaneval,entropy_max,-0.05759003943845531,0.09412621947231559,0.5384615384615384,65
mistral7b,humaneval,entropy_mean,-0.007066215766102397,0.00891232397867825,0.5384615384615384,65
mistral7b,humaneval,entropy_min,0.0,0.0,0.0,65
mistral7b,humaneval,entropy_p90,-0.02626230342333799,0.03966509291943032,0.5692307692307692,65
mistral7b,humaneval,entropy_range,-0.05759003943845531,0.09412621947231559,0.5384615384615384,65
mistral7b,humaneval,entropy_range_approx,-0.05052382367235286,0.05416077729416502,0.5230769230769231,65
mistral7b,humaneval,entropy_slope,0.00024847661900881965,-0.0005139251968506037,0.4,65
mistral7b,humaneval,entropy_std,-0.011852787637835214,0.005402172250307924,0.5230769230769231,65
mistral7b,humaneval,failure_risk,0.0010470085470085518,0.0,0.07692307692307693,65
mistral7b,humaneval,failure_risk_is_one,0.0,0.0,0.0,65
mistral7b,humaneval,failure_risk_is_zero,0.0,0.0,0.0,65
mistral7b,humaneval,focused_head_mean,0.002414507392033013,-0.00030197320039315745,0.49230769230769234,65
mistral7b,humaneval,focused_head_mean_zscore,0.017098242513031686,-0.002138411764567527,0.49230769230769234,65
mistral7b,humaneval,focused_head_rate,7.545335600103166e-05,-9.43666251228617e-06,0.49230769230769234,65
mistral7b,humaneval,hidden_max_abs_last_layer_mean,-0.07534253188986716,-0.6049111335852331,0.4307692307692308,65
mistral7b,humaneval,hidden_max_abs_last_layer_mean_zscore,-0.005548072439096746,-0.0445444386346443,0.4307692307692308,65
mistral7b,humaneval,hidden_std_last_layer_mean,0.005658721156201493,0.0011608765869475235,0.5076923076923077,65
mistral7b,humaneval,hidden_std_last_layer_mean_zscore,0.07208513943432343,0.014788138225266256,0.5076923076923077,65
mistral7b,humaneval,high_entropy_frac,-0.0008350936138566266,0.0,0.4461538461538462,65
mistral7b,humaneval,high_entropy_steps,-0.07784493284493284,0.0,0.4461538461538462,65
mistral7b,humaneval,inf_detected,0.0,0.0,0.0,65
mistral7b,humaneval,l2_norm_cross_layer_max,0.6976137377840264,0.5846214294433594,0.5230769230769231,65
mistral7b,humaneval,l2_norm_cross_layer_max_zscore,0.03042536226578536,0.025497374572434506,0.5230769230769231,65
mistral7b,humaneval,l2_norm_last_layer_mean,0.3644986951903757,0.06868181427091713,0.5076923076923077,65
mistral7b,humaneval,l2_norm_last_layer_mean_zscore,0.0725300896144825,0.013666710497680534,0.5076923076923077,65
mistral7b,humaneval,l2_norm_slope,0.002623522873468615,-0.01863108085356413,0.46153846153846156,65
mistral7b,humaneval,late50p_entropy_mean,-0.0023133691447139136,0.021300152610091633,0.6153846153846154,65
mistral7b,humaneval,late50p_margin_mean,-0.000749750418656491,-0.004210979104286805,0.4153846153846154,65
mistral7b,humaneval,late50p_surprisal_mean,0.0012923285064958352,0.02985625957761226,0.6153846153846154,65
mistral7b,humaneval,margin_diff_std,-0.005148233871155002,0.004111303051113013,0.5384615384615384,65
mistral7b,humaneval,margin_early_late_delta,-0.014409589123148709,-0.0045492037040908845,0.47692307692307695,65
mistral7b,humaneval,margin_max,0.0,0.0,0.0,65
mistral7b,humaneval,margin_mean,0.0020673442229949984,-0.003919160798823262,0.47692307692307695,65
mistral7b,humaneval,margin_min,0.009503840900120644,0.01316033800443013,0.6923076923076923,65
mistral7b,humaneval,margin_p90,0.0,0.0,0.0,65
mistral7b,humaneval,margin_range,-0.009503840900120644,-0.013160338004430172,0.3076923076923077,65
mistral7b,humaneval,margin_slope,-0.00020027648285932383,0.00016864079715411294,0.5692307692307692,65
mistral7b,humaneval,margin_std,-0.002571822214577972,0.0062538758279139794,0.5538461538461539,65
mistral7b,humaneval,max_compound_severity,-0.006219780219780235,0.0,0.03076923076923077,65
mistral7b,humaneval,mid_layer_anomaly,0.0,0.0,0.0,65
mistral7b,humaneval,n_compound_signals,-0.015549450549450556,0.0,0.03076923076923077,65
mistral7b,humaneval,n_warning_signals,-0.04263125763125763,-0.125,0.35384615384615387,65
mistral7b,humaneval,nan_detected,0.0,0.0,0.0,65
mistral7b,humaneval,perplexity_max,-0.6092535301707305,0.8236105333768418,0.5692307692307692,65
mistral7b,humaneval,perplexity_mean,-0.026546034178910154,0.010173024249716445,0.5230769230769231,65
mistral7b,humaneval,repetition_detected,0.0,0.0,0.0,65
mistral7b,humaneval,risk_score,-0.002715368892684207,0.0,0.03076923076923077,65
mistral7b,humaneval,risk_score_is_one,-0.015549450549450556,0.0,0.03076923076923077,65
mistral7b,humaneval,risk_score_is_zero,0.0,0.0,0.0,65
mistral7b,humaneval,surprisal_diff_std,-0.07618522996768884,-0.059232805590588744,0.4307692307692308,65
mistral7b,humaneval,surprisal_early_late_delta,0.1267735796495348,0.09549631232998773,0.6461538461538462,65
mistral7b,humaneval,surprisal_max,-0.24728300613871804,-0.04047778893411236,0.49230769230769234,65
mistral7b,humaneval,surprisal_mean,-0.03275740631006242,-0.014056245040489718,0.4153846153846154,65
mistral7b,humaneval,surprisal_min,0.0,0.0,0.0,65
mistral7b,humaneval,surprisal_p90,-0.11625901831761508,0.01377883145122416,0.5076923076923077,65
mistral7b,humaneval,surprisal_range,-0.24728300613871804,-0.04047778893411236,0.49230769230769234,65
mistral7b,humaneval,surprisal_slope,0.003067341573820892,0.000912581963664256,0.5692307692307692,65
mistral7b,humaneval,surprisal_std,-0.07949498170227925,-0.03922548077882948,0.4153846153846154,65
mistral7b,humaneval,surprisal_volatility,0.0033201845919724237,0.06102635202483375,0.5714285714285714,63
mistral7b,humaneval,topk_mass_mean,0.0003677300482200419,-7.02258766107633e-05,0.4307692307692308,65
mistral7b,humaneval,topk_mass_std,-0.0015720688625903971,0.0006429196044723058,0.5692307692307692,65
mistral7b,humaneval,warning_density_per_100t,-0.06900936652207461,0.1608481637424668,0.5384615384615384,65
mixtral,gsm8k,attention_collapse_detected,0.007042253521126761,0.0,0.014084507042253521,71
mixtral,gsm8k,attn_entropy_norm_mean,0.0003487206089143512,0.0012979057419328366,0.5915492957746479,71
mixtral,gsm8k,attn_entropy_norm_std,-0.00016068886236742316,-0.00027175692493958126,0.4225352112676056,71
mixtral,gsm8k,collapsed_rate_mean,-8.57245407995754e-05,-0.0001760400741209582,0.36619718309859156,71
mixtral,gsm8k,collapsed_rate_mean_zscore,-0.0326016711139772,-0.06694933032992134,0.36619718309859156,71
mixtral,gsm8k,compound_density_per_100t,-0.01050091711984702,-0.010442804420967344,0.4507042253521127,71
mixtral,gsm8k,concentration_max_mean,-0.0006035772003902708,-0.000505218290988152,0.352112676056338,71
mixtral,gsm8k,concentration_min_mean,-0.0004126555737639431,-0.00046060877433329317,0.43661971830985913,71
mixtral,gsm8k,cs_attention_bottleneck,0.0,0.0,0.0,71
mixtral,gsm8k,cs_confident_confusion,0.0,0.0,0.0,71
mixtral,gsm8k,cs_confident_repetition_risk,-0.034289067739771965,0.0,0.11267605633802817,71
mixtral,gsm8k,cs_context_loss,0.0,0.0,0.0,71
mixtral,gsm8k,cs_degenerating_generation,0.0,0.0,0.0,71
mixtral,gsm8k,early10_entropy_mean,-0.00593785226331047,-0.0010963094989770994,0.4788732394366197,71
mixtral,gsm8k,early10_entropy_slope,-0.004463370010462144,-0.001041120950337246,0.4788732394366197,71
mixtral,gsm8k,early10_margin_mean,-0.0008915771020040338,-0.002501211208956633,0.4788732394366197,71
mixtral,gsm8k,early10_margin_slope,-0.001536408786833053,-3.317702900279551e-05,0.49295774647887325,71
mixtral,gsm8k,early10_surprisal_mean,0.02568780585611762,0.006438798419522551,0.5211267605633803,71
mixtral,gsm8k,early10_surprisal_slope,0.01795614341921148,0.013131552835642948,0.5633802816901409,71
mixtral,gsm8k,early25p_entropy_mean,0.030066075282002502,0.0198235229624949,0.5633802816901409,71
mixtral,gsm8k,early25p_entropy_slope,0.00154088220422204,0.001976724050540778,0.5915492957746479,71
mixtral,gsm8k,early25p_margin_mean,-0.0126808230022858,-0.00938348806980438,0.4225352112676056,71
mixtral,gsm8k,early25p_margin_slope,-0.0005307100740248465,-0.00023943800151457082,0.4084507042253521,71
mixtral,gsm8k,early25p_surprisal_mean,0.03210571165274528,0.024557314303170763,0.5633802816901409,71
mixtral,gsm8k,early25p_surprisal_slope,0.0011759737251688075,-0.00019999900067035718,0.4788732394366197,71
mixtral,gsm8k,early50p_entropy_mean,0.037626403177173265,0.02568186656713861,0.5915492957746479,71
mixtral,gsm8k,early50p_entropy_slope,0.00023341487802530634,0.0005610811015605809,0.5774647887323944,71
mixtral,gsm8k,early50p_margin_mean,-0.015388389088580796,-0.018238316286155354,0.36619718309859156,71
mixtral,gsm8k,early50p_margin_slope,-5.895307141184373e-05,-0.00015997676921921267,0.4225352112676056,71
mixtral,gsm8k,early50p_surprisal_mean,0.04284422810554541,0.06500243897472985,0.6197183098591549,71
mixtral,gsm8k,early50p_surprisal_slope,0.00043936607507567274,7.489985406000134e-05,0.5211267605633803,71
mixtral,gsm8k,entropy_diff_std,0.038887344904992995,0.04033793585406786,0.6197183098591549,71
mixtral,gsm8k,entropy_early_late_delta,0.026493208132285142,0.024095556156080167,0.5633802816901409,71
mixtral,gsm8k,entropy_max,0.04102178406097804,-0.02247368548779649,0.4647887323943662,71
mixtral,gsm8k,entropy_mean,0.036493610763827386,0.045798247569529826,0.6338028169014085,71
mixtral,gsm8k,entropy_min,0.0,0.0,0.0,71
mixtral,gsm8k,entropy_p90,0.1163436670956192,0.1346262459542763,0.6619718309859155,71
mixtral,gsm8k,entropy_range,0.04102178406097804,-0.02247368548779649,0.4647887323943662,71
mixtral,gsm8k,entropy_range_approx,0.004528173297150626,-0.03524220169210679,0.38028169014084506,71
mixtral,gsm8k,entropy_slope,3.969053625237322e-05,0.0001324488960079322,0.5633802816901409,71
mixtral,gsm8k,entropy_std,0.03392094412601713,0.021769049677775376,0.6619718309859155,71
mixtral,gsm8k,failure_risk,0.00048289738430583453,0.0,0.028169014084507043,71
mixtral,gsm8k,failure_risk_is_one,0.0,0.0,0.0,71
mixtral,gsm8k,failure_risk_is_zero,0.0,0.0,0.0,71
mixtral,gsm8k,focused_head_mean,-0.016729789857988578,-0.024855266479922644,0.39436619718309857,71
mixtral,gsm8k,focused_head_mean_zscore,-0.034543143027357615,-0.05132037116348376,0.39436619718309857,71
mixtral,gsm8k,focused_head_rate,-0.0005228059330621431,-0.0007767270774975826,0.39436619718309857,71
mixtral,gsm8k,hidden_max_abs_last_layer_mean,0.9922524442969626,1.6321732215391194,0.5633802816901409,71
mixtral,gsm8k,hidden_max_abs_last_layer_mean_zscore,0.06937088556691869,0.11410937048081798,0.5633802816901409,71
mixtral,gsm8k,hidden_std_last_layer_mean,0.018189461528780843,0.005262776890925025,0.5070422535211268,71
mixtral,gsm8k,hidden_std_last_layer_mean_zscore,0.10035088020724775,0.02903463043713783,0.5070422535211268,71
mixtral,gsm8k,high_entropy_frac,3.260302556077204e-05,0.0,0.014084507042253521,71
mixtral,gsm8k,high_entropy_steps,0.004694835680751174,0.0,0.014084507042253521,71
mixtral,gsm8k,inf_detected,0.0,0.0,0.0,71
mixtral,gsm8k,l2_norm_cross_layer_max,5.023323627065125,6.07412283761164,0.5915492957746479,71
mixtral,gsm8k,l2_norm_cross_layer_max_zscore,0.15247332382726866,0.18436831212622082,0.5915492957746479,71
mixtral,gsm8k,l2_norm_last_layer_mean,1.1653170454231139,0.3368432597175115,0.5070422535211268,71
mixtral,gsm8k,l2_norm_last_layer_mean_zscore,0.10046386755065499,0.029039802311741747,0.5070422535211268,71
mixtral,gsm8k,l2_norm_slope,-0.026245316144050426,-0.018516730578033082,0.4225352112676056,71
mixtral,gsm8k,late50p_entropy_mean,0.03530198433668548,0.02314341353793556,0.5633802816901409,71
mixtral,gsm8k,late50p_margin_mean,-0.012671840845330422,-0.004862574226835892,0.4647887323943662,71
mixtral,gsm8k,late50p_surprisal_mean,0.02960685996113453,0.025430539697554683,0.5633802816901409,71
mixtral,gsm8k,margin_diff_std,0.011045599598655217,0.007819662036215425,0.5633802816901409,71
mixtral,gsm8k,margin_early_late_delta,-0.009569730808576638,-0.003874797355693016,0.4507042253521127,71
mixtral,gsm8k,margin_max,0.0,0.0,0.0,71
mixtral,gsm8k,margin_mean,-0.014041340472811763,-0.014104313612011365,0.36619718309859156,71
mixtral,gsm8k,margin_min,-0.0011783815865385543,-0.0025404468178749084,0.4225352112676056,71
mixtral,gsm8k,margin_p90,0.0,0.0,0.0,71
mixtral,gsm8k,margin_range,0.0011783815865385515,0.0025404468178749084,0.5774647887323944,71
mixtral,gsm8k,margin_slope,-6.599841179873057e-06,-4.9841040564290546e-05,0.4507042253521127,71
mixtral,gsm8k,margin_std,0.010896385393945971,0.01032340832208084,0.6056338028169014,71
mixtral,gsm8k,max_compound_severity,-0.01371562709590878,0.0,0.30985915492957744,71
mixtral,gsm8k,mid_layer_anomaly,0.0,0.0,0.0,71
mixtral,gsm8k,n_compound_signals,-0.034289067739771965,0.0,0.11267605633802817,71
mixtral,gsm8k,n_warning_signals,0.11695171026156942,0.0,0.49295774647887325,71
mixtral,gsm8k,nan_detected,0.0,0.0,0.0,71
mixtral,gsm8k,perplexity_max,0.32737394788424057,-0.2189293885291601,0.4507042253521127,71
mixtral,gsm8k,perplexity_mean,0.050465408863071354,0.04695268651362228,0.6338028169014085,71
mixtral,gsm8k,repetition_detected,0.0,0.0,0.0,71
mixtral,gsm8k,risk_score,-0.010352486241059038,0.0,0.11267605633802817,71
mixtral,gsm8k,risk_score_is_one,-0.034289067739771965,0.0,0.11267605633802817,71
mixtral,gsm8k,risk_score_is_zero,0.0,0.0,0.0,71
mixtral,gsm8k,surprisal_diff_std,0.06916297549163059,0.09781228433782041,0.676056338028169,71
mixtral,gsm8k,surprisal_early_late_delta,0.02050913320391799,0.018360986132813145,0.5352112676056338,71
mixtral,gsm8k,surprisal_max,0.16292700973974492,0.1909861834386657,0.5492957746478874,71
mixtral,gsm8k,surprisal_mean,0.03627188534572284,0.04392465126215017,0.6619718309859155,71
mixtral,gsm8k,surprisal_min,0.0,0.0,0.0,71
mixtral,gsm8k,surprisal_p90,0.1279724210853266,0.17645742384572127,0.647887323943662,71
mixtral,gsm8k,surprisal_range,0.16292700973974492,0.1909861834386657,0.5492957746478874,71
mixtral,gsm8k,surprisal_slope,-8.310590483644354e-05,0.0002890595020737757,0.5633802816901409,71
mixtral,gsm8k,surprisal_std,0.057469346009887096,0.0725603189531524,0.6901408450704225,71
mixtral,gsm8k,surprisal_volatility,-0.16826440937660958,-0.1931789881144459,0.32857142857142857,70
mixtral,gsm8k,topk_mass_mean,-6.630801993207795e-05,9.015772572951164e-10,0.5070422535211268,71
mixtral,gsm8k,topk_mass_std,0.00034856640785836055,-0.0008476703457221766,0.43661971830985913,71
mixtral,gsm8k,warning_density_per_100t,0.08046366221838737,0.041941455513132,0.5633802816901409,71
mixtral,humaneval,attention_collapse_detected,0.0,0.0,0.0,44
mixtral,humaneval,attn_entropy_norm_mean,-0.0010516312440053991,-0.0003784156769255087,0.5,44
mixtral,humaneval,attn_entropy_norm_std,5.783449909452831e-05,-0.0002479958855799366,0.4772727272727273,44
mixtral,humaneval,collapsed_rate_mean,-7.100730783271668e-05,0.0003449593536846776,0.5454545454545454,44
mixtral,humaneval,collapsed_rate_mean_zscore,-0.02700459955876068,0.13119057030368736,0.5454545454545454,44
mixtral,humaneval,compound_density_per_100t,0.02157940131165603,-0.008808422742834512,0.4772727272727273,44
mixtral,humaneval,concentration_max_mean,8.939471815492464e-05,6.575159067484515e-05,0.5227272727272727,44
mixtral,humaneval,concentration_min_mean,-0.000909620139655449,-0.0028684171130310965,0.38636363636363635,44
mixtral,humaneval,cs_attention_bottleneck,0.0,0.0,0.0,44
mixtral,humaneval,cs_confident_confusion,0.0,0.0,0.0,44
mixtral,humaneval,cs_confident_repetition_risk,0.01790223665223664,0.0,0.1590909090909091,44
mixtral,humaneval,cs_context_loss,0.0,0.0,0.0,44
mixtral,humaneval,cs_degenerating_generation,0.0,0.0,0.0,44
mixtral,humaneval,early10_entropy_mean,-0.293723203727138,-0.23404212615880476,0.22727272727272727,44
mixtral,humaneval,early10_entropy_slope,-0.005798825608963016,-0.00731704340620647,0.45454545454545453,44
mixtral,humaneval,early10_margin_mean,0.07549943922844837,0.05322079281840053,0.7727272727272727,44
mixtral,humaneval,early10_margin_slope,0.006798138440512875,0.004898031535699513,0.6136363636363636,44
mixtral,humaneval,early10_surprisal_mean,-0.48607754851924945,-0.4263783967946996,0.06818181818181818,44
mixtral,humaneval,early10_surprisal_slope,0.08641759654486186,0.09412330135523958,0.7727272727272727,44
mixtral,humaneval,early25p_entropy_mean,-0.09268928835975906,-0.0933211938676688,0.25,44
mixtral,humaneval,early25p_entropy_slope,0.00803982117626145,0.00761399625240684,0.6590909090909091,44
mixtral,humaneval,early25p_margin_mean,0.03436963265116661,0.031947091087137,0.7954545454545454,44
mixtral,humaneval,early25p_margin_slope,-0.0026461435597971024,-0.002087490380311134,0.4090909090909091,44
mixtral,humaneval,early25p_surprisal_mean,-0.14742384190449828,-0.10915649035984087,0.11363636363636363,44
mixtral,humaneval,early25p_surprisal_slope,0.022320161558276156,0.013107067878452694,0.75,44
mixtral,humaneval,early50p_entropy_mean,-0.05706090134887472,-0.05571496779913768,0.25,44
mixtral,humaneval,early50p_entropy_slope,0.0009221321887298051,0.0013326036695061917,0.5909090909090909,44
mixtral,humaneval,early50p_margin_mean,0.023048187199682532,0.02879294437393798,0.7954545454545454,44
mixtral,humaneval,early50p_margin_slope,-0.0003181699054757884,-0.00027968218353869646,0.4318181818181818,44
mixtral,humaneval,early50p_surprisal_mean,-0.08200834040252768,-0.07274807700905372,0.1590909090909091,44
mixtral,humaneval,early50p_surprisal_slope,0.0053780057361294984,0.0026705124425888877,0.7045454545454546,44
mixtral,humaneval,entropy_diff_std,-0.031191956701099956,-0.017564547090394123,0.4318181818181818,44
mixtral,humaneval,entropy_early_late_delta,0.09849612663584294,0.10221493943579667,0.7272727272727273,44
mixtral,humaneval,entropy_max,-0.3558939576573126,-0.3568557986058116,0.3409090909090909,44
mixtral,humaneval,entropy_mean,-0.027622378455484743,-0.02531405172486892,0.4090909090909091,44
mixtral,humaneval,entropy_min,0.0,0.0,0.0,44
mixtral,humaneval,entropy_p90,-0.11050691742964473,-0.10842569306196559,0.4090909090909091,44
mixtral,humaneval,entropy_range,-0.3558939576573126,-0.3568557986058116,0.3409090909090909,44
mixtral,humaneval,entropy_range_approx,-0.32827157920182787,-0.3597976842904196,0.36363636363636365,44
mixtral,humaneval,entropy_slope,0.0006158693384828534,0.0007229688359587089,0.6363636363636364,44
mixtral,humaneval,entropy_std,-0.04909249898476185,-0.023846776278707432,0.3409090909090909,44
mixtral,humaneval,failure_risk,0.0018623737373737383,0.0,0.06818181818181818,44
mixtral,humaneval,failure_risk_is_one,0.0,0.0,0.0,44
mixtral,humaneval,failure_risk_is_zero,0.0,0.0,0.0,44
mixtral,humaneval,focused_head_mean,0.0016385586657497503,0.04807493974188026,0.5681818181818182,44
mixtral,humaneval,focused_head_mean_zscore,0.003383244310309293,0.09926362097981639,0.5681818181818182,44
mixtral,humaneval,focused_head_rate,5.1204958304679696e-05,0.0015023418669337582,0.5681818181818182,44
mixtral,humaneval,hidden_max_abs_last_layer_mean,-1.6326220093884047,-1.9552940331808202,0.3409090909090909,44
mixtral,humaneval,hidden_max_abs_last_layer_mean_zscore,-0.11414074637786481,-0.13669956612862838,0.3409090909090909,44
mixtral,humaneval,hidden_std_last_layer_mean,-0.017169138708280466,-0.015076934668540432,0.3409090909090909,44
mixtral,humaneval,hidden_std_last_layer_mean_zscore,-0.09472178046887789,-0.08317913438070829,0.3409090909090909,44
mixtral,humaneval,high_entropy_frac,-0.0010452611613364917,0.0,0.18181818181818182,44
mixtral,humaneval,high_entropy_steps,-0.18952922077922077,0.0,0.18181818181818182,44
mixtral,humaneval,inf_detected,0.0,0.0,0.0,44
mixtral,humaneval,l2_norm_cross_layer_max,-10.42732800515355,-4.135067409939211,0.4090909090909091,44
mixtral,humaneval,l2_norm_cross_layer_max_zscore,-0.3165014794222639,-0.12551201536095585,0.4090909090909091,44
mixtral,humaneval,l2_norm_last_layer_mean,-1.1008289838279408,-0.9565343355226901,0.3409090909090909,44
mixtral,humaneval,l2_norm_last_layer_mean_zscore,-0.09490424744199742,-0.08246437239465138,0.3409090909090909,44
mixtral,humaneval,l2_norm_slope,0.01811072016038686,0.05259811598515619,0.7045454545454546,44
mixtral,humaneval,late50p_entropy_mean,0.0019698405917605985,0.015766875992086787,0.5681818181818182,44
mixtral,humaneval,late50p_margin_mean,0.0002445785891277545,-0.004348742579499132,0.4772727272727273,44
mixtral,humaneval,late50p_surprisal_mean,0.0013647472919659724,0.012389842965649898,0.5454545454545454,44
mixtral,humaneval,margin_diff_std,-0.015032281353889294,-0.015683403525681663,0.4090909090909091,44
mixtral,humaneval,margin_early_late_delta,-0.0342733487659558,-0.03208283399749388,0.25,44
mixtral,humaneval,margin_max,0.0,0.0,0.0,44
mixtral,humaneval,margin_mean,0.011664081248990476,0.01094513517908885,0.6363636363636364,44
mixtral,humaneval,margin_min,0.010893039795748814,0.004627506145172649,0.5454545454545454,44
mixtral,humaneval,margin_p90,0.0,0.0,0.0,44
mixtral,humaneval,margin_range,-0.010893039795748816,-0.004627506145172655,0.45454545454545453,44
mixtral,humaneval,margin_slope,-0.0003105267599095508,-0.00027471134352813364,0.3181818181818182,44
mixtral,humaneval,margin_std,-0.01710225766866852,-0.018397313594356604,0.29545454545454547,44
mixtral,humaneval,max_compound_severity,0.007160894660894653,0.0,0.1590909090909091,44
mixtral,humaneval,mid_layer_anomaly,0.0,0.0,0.0,44
mixtral,humaneval,n_compound_signals,0.01790223665223664,0.0,0.1590909090909091,44
mixtral,humaneval,n_warning_signals,-0.16797438672438672,-0.23611111111111116,0.25,44
mixtral,humaneval,nan_detected,0.0,0.0,0.0,44
mixtral,humaneval,perplexity_max,-4.141587957201559,-2.047647433185098,0.36363636363636365,44
mixtral,humaneval,perplexity_mean,-0.06167158097138037,-0.03460321961036272,0.3181818181818182,44
mixtral,humaneval,repetition_detected,0.005366161616161616,0.0,0.045454545454545456,44
mixtral,humaneval,risk_score,0.005470970534185687,0.0,0.1590909090909091,44
mixtral,humaneval,risk_score_is_one,0.01790223665223664,0.0,0.1590909090909091,44
mixtral,humaneval,risk_score_is_zero,0.0,0.0,0.0,44
mixtral,humaneval,surprisal_diff_std,-0.06134680448443606,-0.04442100625891282,0.4090909090909091,44
mixtral,humaneval,surprisal_early_late_delta,0.1474595745578897,0.14096687102565628,0.7727272727272727,44
mixtral,humaneval,surprisal_max,-0.3054120496073123,-0.2648887250866907,0.4090909090909091,44
mixtral,humaneval,surprisal_mean,-0.040252488458910565,-0.023526553145440915,0.3409090909090909,44
mixtral,humaneval,surprisal_min,0.0,0.0,0.0,44
mixtral,humaneval,surprisal_p90,-0.1739900255719797,-0.08587609658506234,0.38636363636363635,44
mixtral,humaneval,surprisal_range,-0.3054120496073123,-0.2648887250866907,0.4090909090909091,44
mixtral,humaneval,surprisal_slope,0.0020330227126240568,0.0011578928077122905,0.7954545454545454,44
mixtral,humaneval,surprisal_std,-0.08463641255193412,-0.08007773499097254,0.3181818181818182,44
mixtral,humaneval,surprisal_volatility,0.16806316821116732,0.10241623347584006,0.6190476190476191,42
mixtral,humaneval,topk_mass_mean,0.000696918585535308,0.0002931727471229828,0.5454545454545454,44
mixtral,humaneval,topk_mass_std,-0.006126607711607956,-0.004816923320189036,0.36363636363636365,44
mixtral,humaneval,warning_density_per_100t,-0.04252587294916243,-0.04372096212232254,0.4772727272727273,44
qwen,gsm8k,attention_collapse_detected,0.0,0.0,0.0,81
qwen,gsm8k,attn_entropy_norm_mean,-0.0003272341263762798,0.0009443147897905679,0.5679012345679012,81
qwen,gsm8k,attn_entropy_norm_std,-0.0016219649695026937,-0.001492295219695003,0.35802469135802467,81
qwen,gsm8k,collapsed_rate_mean,-0.00017278075492826572,-0.0001957970211367288,0.4074074074074074,81
qwen,gsm8k,collapsed_rate_mean_zscore,-0.0863546425103003,-0.09785801533199401,0.4074074074074074,81
qwen,gsm8k,compound_density_per_100t,-0.038309002808310344,-0.034157041568004365,0.3333333333333333,81
qwen,gsm8k,concentration_max_mean,-0.0006061363690058279,-0.0009967209277387257,0.35802469135802467,81
qwen,gsm8k,concentration_min_mean,-0.002893686119970281,-0.003193752617748624,0.3333333333333333,81
qwen,gsm8k,cs_attention_bottleneck,0.0,0.0,0.0,81
qwen,gsm8k,cs_confident_confusion,0.0,0.0,0.0,81
qwen,gsm8k,cs_confident_repetition_risk,-0.0008622378992749374,0.0,0.2222222222222222,81
qwen,gsm8k,cs_context_loss,0.0,0.0,0.0,81
qwen,gsm8k,cs_degenerating_generation,0.0,0.0,0.0,81
qwen,gsm8k,early10_entropy_mean,-0.015713232296556624,-0.010724249886190529,0.4691358024691358,81
qwen,gsm8k,early10_entropy_slope,-0.007689739162937926,-0.008697827647511293,0.4444444444444444,81
qwen,gsm8k,early10_margin_mean,0.00795910395945395,0.004381111450493358,0.5432098765432098,81
qwen,gsm8k,early10_margin_slope,0.00249599295299373,0.004994280029226236,0.6296296296296297,81
qwen,gsm8k,early10_surprisal_mean,-0.018682735657235428,0.015223141282904806,0.5185185185185185,81
qwen,gsm8k,early10_surprisal_slope,-0.00985278954484922,-0.0019801217481622366,0.4691358024691358,81
qwen,gsm8k,early25p_entropy_mean,-0.0001578537761494732,-0.002932176211034254,0.48148148148148145,81
qwen,gsm8k,early25p_entropy_slope,0.0002246464494545658,0.00014402469769122898,0.5555555555555556,81
qwen,gsm8k,early25p_margin_mean,0.0018515270087423473,0.0056204687809505716,0.5308641975308642,81
qwen,gsm8k,early25p_margin_slope,-5.809620237042917e-05,-0.00013046221086524088,0.43209876543209874,81
qwen,gsm8k,early25p_surprisal_mean,0.00544795511042524,0.008866688690284119,0.5185185185185185,81
qwen,gsm8k,early25p_surprisal_slope,-2.774782468060035e-05,-5.1541488903945974e-05,0.49382716049382713,81
qwen,gsm8k,early50p_entropy_mean,0.010458259539073022,0.0076967746313628405,0.5308641975308642,81
qwen,gsm8k,early50p_entropy_slope,0.0004184525928402187,0.0002465684869102174,0.5555555555555556,81
qwen,gsm8k,early50p_margin_mean,-0.0031089393571587707,0.0038911886704825482,0.5185185185185185,81
qwen,gsm8k,early50p_margin_slope,-0.0001941463812578195,-0.00011575906024972643,0.4444444444444444,81
qwen,gsm8k,early50p_surprisal_mean,0.020246064006538698,0.014497384868076668,0.5679012345679012,81
qwen,gsm8k,early50p_surprisal_slope,0.0005138902981914022,0.000291058671544921,0.5802469135802469,81
qwen,gsm8k,entropy_diff_std,0.020219925805916753,0.005735177580859063,0.5308641975308642,81
qwen,gsm8k,entropy_early_late_delta,0.0040579228253940286,0.013343697382770983,0.5061728395061729,81
qwen,gsm8k,entropy_max,0.1813795280418526,0.12523621851443956,0.6172839506172839,81
qwen,gsm8k,entropy_mean,0.013603280709169689,0.008369499348301834,0.5432098765432098,81
qwen,gsm8k,entropy_min,0.0,0.0,0.0,81
qwen,gsm8k,entropy_p90,0.0440262347004527,0.013887644919211573,0.5185185185185185,81
qwen,gsm8k,entropy_range,0.1813795280418526,0.12523621851443956,0.6172839506172839,81
qwen,gsm8k,entropy_range_approx,0.1677762473326829,0.08898764304851081,0.6296296296296297,81
qwen,gsm8k,entropy_slope,5.629854721893424e-05,5.400424655939152e-05,0.5185185185185185,81
qwen,gsm8k,entropy_std,0.022425741256212266,0.017784872185931833,0.5555555555555556,81
qwen,gsm8k,failure_risk,-0.013883989809915733,-0.023809523809523808,0.4567901234567901,81
qwen,gsm8k,failure_risk_is_one,0.0,0.0,0.0,81
qwen,gsm8k,failure_risk_is_zero,0.02178130511463845,0.0,0.49382716049382713,81
qwen,gsm8k,focused_head_mean,-0.028925572235163628,-0.027484037116402238,0.32098765432098764,81
qwen,gsm8k,focused_head_mean_zscore,-0.07906269831042921,-0.07512252885511372,0.32098765432098764,81
qwen,gsm8k,focused_head_rate,-0.0010330561512558439,-0.0009815727541572297,0.32098765432098764,81
qwen,gsm8k,hidden_max_abs_last_layer_mean,1.3983523689365762,0.11709920339932012,0.5185185185185185,81
qwen,gsm8k,hidden_max_abs_last_layer_mean_zscore,0.0861568429498337,0.007214846487154203,0.5185185185185185,81
qwen,gsm8k,hidden_std_last_layer_mean,0.04688723781847724,0.03074128243065477,0.5802469135802469,81
qwen,gsm8k,hidden_std_last_layer_mean_zscore,0.1884958174977077,0.12358593579617247,0.5802469135802469,81
qwen,gsm8k,high_entropy_frac,4.103679432562453e-05,0.0,0.024691358024691357,81
qwen,gsm8k,high_entropy_steps,0.018518518518518517,0.0,0.024691358024691357,81
qwen,gsm8k,inf_detected,0.0,0.0,0.0,81
qwen,gsm8k,l2_norm_cross_layer_max,2.7490532332533757,1.1337323869977922,0.5185185185185185,81
qwen,gsm8k,l2_norm_cross_layer_max_zscore,0.06647815089005575,0.027416141593804455,0.5308641975308642,81
qwen,gsm8k,l2_norm_last_layer_mean,2.8070351108704354,1.8436085234041002,0.5802469135802469,81
qwen,gsm8k,l2_norm_last_layer_mean_zscore,0.18855840250967687,0.12384165651512333,0.5802469135802469,81
qwen,gsm8k,l2_norm_slope,0.027095385775632832,0.02454876536819882,0.6296296296296297,81
qwen,gsm8k,late50p_entropy_mean,0.016713117420299715,0.03344688497556553,0.5802469135802469,81
qwen,gsm8k,late50p_margin_mean,-0.004683824579630916,-0.004433541603952484,0.4691358024691358,81
qwen,gsm8k,late50p_surprisal_mean,0.017731035530714593,0.028893577523143088,0.5925925925925926,81
qwen,gsm8k,margin_diff_std,0.004384161289752659,0.0008230859683636682,0.5185185185185185,81
qwen,gsm8k,margin_early_late_delta,0.00032855913336325086,0.007585862809227711,0.5432098765432098,81
qwen,gsm8k,margin_max,0.0,0.0,0.0,81
qwen,gsm8k,margin_mean,-0.003905121485611744,0.001977081709706452,0.5308641975308642,81
qwen,gsm8k,margin_min,-0.002221323716556958,0.0,0.2839506172839506,81
qwen,gsm8k,margin_p90,0.0,0.0,0.0,81
qwen,gsm8k,margin_range,0.002221323716556962,0.0,0.2962962962962963,81
qwen,gsm8k,margin_slope,-1.322165290091755e-05,9.598561834357343e-06,0.5185185185185185,81
qwen,gsm8k,margin_std,0.004155716866120497,-0.0024550492204586383,0.4567901234567901,81
qwen,gsm8k,max_compound_severity,-0.0003448951597099823,0.0,0.2839506172839506,81
qwen,gsm8k,mid_layer_anomaly,0.0,0.0,0.0,81
qwen,gsm8k,n_compound_signals,-0.0008622378992749374,0.0,0.2222222222222222,81
qwen,gsm8k,n_warning_signals,-0.026925338036449146,-0.047619047619047616,0.4567901234567901,81
qwen,gsm8k,nan_detected,0.0,0.0,0.0,81
qwen,gsm8k,perplexity_max,1.1563810936538454,0.7763564954251851,0.6296296296296297,81
qwen,gsm8k,perplexity_mean,0.02485488711011929,0.0258476493593216,0.5802469135802469,81
qwen,gsm8k,repetition_detected,0.0,0.0,0.0,81
qwen,gsm8k,risk_score,0.009296824267299606,0.007239573882271588,0.5555555555555556,81
qwen,gsm8k,risk_score_is_one,0.0,0.0,0.0,81
qwen,gsm8k,risk_score_is_zero,0.004115226337448559,0.0,0.012345679012345678,81
qwen,gsm8k,surprisal_diff_std,0.040130772394666274,0.03614205565862505,0.5925925925925926,81
qwen,gsm8k,surprisal_early_late_delta,-0.007112086615109973,0.006273847462288849,0.5185185185185185,81
qwen,gsm8k,surprisal_max,0.25321512447246863,0.2969667237018996,0.6296296296296297,81
qwen,gsm8k,surprisal_mean,0.018990673129560674,0.020708002854654572,0.5679012345679012,81
qwen,gsm8k,surprisal_min,0.0,0.0,0.0,81
qwen,gsm8k,surprisal_p90,0.0711134920541201,0.05548701491894725,0.5432098765432098,81
qwen,gsm8k,surprisal_range,0.25321512447246863,0.2969667237018996,0.6296296296296297,81
qwen,gsm8k,surprisal_slope,-1.337125744386149e-05,-2.8186720762428627e-05,0.48148148148148145,81
qwen,gsm8k,surprisal_std,0.03485462322658246,0.03553857321605558,0.6419753086419753,81
qwen,gsm8k,surprisal_volatility,-0.03102258473411764,0.03837352961385099,0.5443037974683544,79
qwen,gsm8k,topk_mass_mean,-6.345466153747894e-05,-0.0001207555455794429,0.345679012345679,81
qwen,gsm8k,topk_mass_std,0.0008327040330277106,0.0007985877355795564,0.6296296296296297,81
qwen,gsm8k,warning_density_per_100t,-0.027821132597873218,0.010727195400933587,0.5061728395061729,81
qwen,humaneval,attention_collapse_detected,0.0,0.0,0.0,48
qwen,humaneval,attn_entropy_norm_mean,0.003970296020615709,0.0019597468490232806,0.6041666666666666,48
qwen,humaneval,attn_entropy_norm_std,-0.003775573087684425,-0.0019229731929446686,0.2708333333333333,48
qwen,humaneval,collapsed_rate_mean,-0.0014961942293522576,-0.0007244582429547404,0.20833333333333334,48
qwen,humaneval,collapsed_rate_mean_zscore,-0.7477876679919048,-0.3620792871866457,0.20833333333333334,48
qwen,humaneval,compound_density_per_100t,-0.9680226869102097,-0.4947881609441711,0.2708333333333333,48
qwen,humaneval,concentration_max_mean,-0.007298225457839594,-0.005392312379307207,0.22916666666666666,48
qwen,humaneval,concentration_min_mean,-0.01591798367243002,-0.011979073768864201,0.14583333333333334,48
qwen,humaneval,cs_attention_bottleneck,0.0,0.0,0.0,48
qwen,humaneval,cs_confident_confusion,0.0,0.0,0.0,48
qwen,humaneval,cs_confident_repetition_risk,-0.07117228835978837,-0.11111111111111116,0.0625,48
qwen,humaneval,cs_context_loss,0.0,0.0,0.0,48
qwen,humaneval,cs_degenerating_generation,0.0,0.0,0.0,48
qwen,humaneval,early10_entropy_mean,0.05884673947344338,0.07589791965560784,0.6666666666666666,48
qwen,humaneval,early10_entropy_slope,-0.004519354169514549,0.0004563496594815926,0.5,48
qwen,humaneval,early10_margin_mean,-0.018617350063397573,-0.021162332097689307,0.3958333333333333,48
qwen,humaneval,early10_margin_slope,0.002932913972251356,0.00018159215297763268,0.5,48
qwen,humaneval,early10_surprisal_mean,-0.0242292393274785,0.08283228905596524,0.6041666666666666,48
qwen,humaneval,early10_surprisal_slope,0.006752270954101175,-0.011310761758378352,0.4583333333333333,48
qwen,humaneval,early25p_entropy_mean,-0.061585079728613275,-0.027749183585766307,0.375,48
qwen,humaneval,early25p_entropy_slope,-0.007100503638358047,-0.0006866233909907529,0.4791666666666667,48
qwen,humaneval,early25p_margin_mean,0.02421835777664739,0.011643064571809414,0.5833333333333334,48
qwen,humaneval,early25p_margin_slope,0.006545719579115711,0.00012085734774613575,0.5208333333333334,48
qwen,humaneval,early25p_surprisal_mean,-0.1033529214886988,-0.049316181480426796,0.4375,48
qwen,humaneval,early25p_surprisal_slope,0.00573157997729899,0.005993433264910451,0.625,48
qwen,humaneval,early50p_entropy_mean,-0.01074044997406195,0.02558032035535432,0.625,48
qwen,humaneval,early50p_entropy_slope,0.008698526172437838,0.00480348458348849,0.625,48
qwen,humaneval,early50p_margin_mean,0.0024216707997114575,-0.013215559772938312,0.375,48
qwen,humaneval,early50p_margin_slope,-0.0035426735019226715,-0.001911257460859378,0.375,48
qwen,humaneval,early50p_surprisal_mean,-0.017618930347459334,0.040751330515353096,0.5833333333333334,48
qwen,humaneval,early50p_surprisal_slope,0.012418276762345188,0.0035072632388703723,0.625,48
qwen,humaneval,entropy_diff_std,0.0308124823281631,0.034096684883717754,0.6458333333333334,48
qwen,humaneval,entropy_early_late_delta,0.12062913977706995,0.06862310193899837,0.6458333333333334,48
qwen,humaneval,entropy_max,0.5184481549059551,0.535201074030889,0.7916666666666666,48
qwen,humaneval,entropy_mean,0.02950367425861404,0.04365881705428598,0.7083333333333334,48
qwen,humaneval,entropy_min,0.0,0.0,0.0,48
qwen,humaneval,entropy_p90,0.09869919341447704,0.11757442969658494,0.7083333333333334,48
qwen,humaneval,entropy_range,0.5184481549059551,0.535201074030889,0.7916666666666666,48
qwen,humaneval,entropy_range_approx,0.4889444806473411,0.4309031450168701,0.7708333333333334,48
qwen,humaneval,entropy_slope,0.000380796437824102,0.0009274830888625067,0.5833333333333334,48
qwen,humaneval,entropy_std,0.046542945754697085,0.07349280262461044,0.75,48
qwen,humaneval,failure_risk,-0.07422701719576719,-0.018154761904761882,0.4166666666666667,48
qwen,humaneval,failure_risk_is_one,0.0,0.0,0.0,48
qwen,humaneval,failure_risk_is_zero,0.12796792328042328,0.0,0.4791666666666667,48
qwen,humaneval,focused_head_mean,-0.25867869128080095,-0.17521080148944523,0.3125,48
qwen,humaneval,focused_head_mean_zscore,-0.7070503277099625,-0.47890629876799556,0.3125,48
qwen,humaneval,focused_head_rate,-0.009238524688600033,-0.006257528624623043,0.3125,48
qwen,humaneval,hidden_max_abs_last_layer_mean,-8.492056025069461,-7.460512580634656,0.22916666666666666,48
qwen,humaneval,hidden_max_abs_last_layer_mean_zscore,-0.5232220100785505,-0.45966540695591374,0.22916666666666666,48
qwen,humaneval,hidden_std_last_layer_mean,-0.042607066846471565,-0.042705933898586235,0.4166666666666667,48
qwen,humaneval,hidden_std_last_layer_mean_zscore,-0.17128869752357656,-0.1716861623067258,0.4166666666666667,48
qwen,humaneval,high_entropy_frac,-0.002118980330897805,0.0,0.20833333333333334,48
qwen,humaneval,high_entropy_steps,-1.0671296296296295,0.0,0.20833333333333334,48
qwen,humaneval,inf_detected,0.0,0.0,0.0,48
qwen,humaneval,l2_norm_cross_layer_max,-4.15243663434629,0.0,0.4791666666666667,48
qwen,humaneval,l2_norm_cross_layer_max_zscore,-0.10041504682424057,2.220446049250313e-16,0.5,48
qwen,humaneval,l2_norm_last_layer_mean,-2.511431179344099,-2.4868029099583,0.4166666666666667,48
qwen,humaneval,l2_norm_last_layer_mean_zscore,-0.16870164870979265,-0.16704728139746755,0.4166666666666667,48
qwen,humaneval,l2_norm_slope,0.6577595012781251,0.24446103192407603,0.7083333333333334,48
qwen,humaneval,late50p_entropy_mean,0.06954649667131728,0.08220491054228901,0.7291666666666666,48
qwen,humaneval,late50p_margin_mean,-0.021606074688420324,-0.021046152301394838,0.2916666666666667,48
qwen,humaneval,late50p_surprisal_mean,0.09454979583015842,0.07232856401427523,0.75,48
qwen,humaneval,margin_diff_std,-0.007761500086669991,-0.010591158988603577,0.4375,48
qwen,humaneval,margin_early_late_delta,-0.03861202283016967,-0.023818733083882035,0.3333333333333333,48
qwen,humaneval,margin_max,0.0,0.0,0.0,48
qwen,humaneval,margin_mean,-0.009627549329159081,-0.01233235079337991,0.3125,48
qwen,humaneval,margin_min,-0.041222203746203966,-0.0053986432030797005,0.2916666666666667,48
qwen,humaneval,margin_p90,0.0,0.0,0.0,48
qwen,humaneval,margin_range,0.041222203746203966,0.0053986432030797005,0.5833333333333334,48
qwen,humaneval,margin_slope,2.105523519566898e-05,-0.00022710874579969523,0.4166666666666667,48
qwen,humaneval,margin_std,0.00915305032577596,0.010442273189591442,0.625,48
qwen,humaneval,max_compound_severity,-0.02846891534391535,-0.04444444444444445,0.10416666666666667,48
qwen,humaneval,mid_layer_anomaly,0.0,0.0,0.0,48
qwen,humaneval,n_compound_signals,-0.07117228835978837,-0.11111111111111116,0.0625,48
qwen,humaneval,n_warning_signals,-0.13838458994708996,-0.023809523809523808,0.4375,48
qwen,humaneval,nan_detected,0.0,0.0,0.0,48
qwen,humaneval,perplexity_max,2.2729371453964493,3.1836024267042755,0.7916666666666666,48
qwen,humaneval,perplexity_mean,0.0021706182012386824,0.09672623547945614,0.75,48
qwen,humaneval,repetition_detected,0.0,0.0,0.0,48
qwen,humaneval,risk_score,0.006279173831511951,0.002700809626391437,0.5208333333333334,48
qwen,humaneval,risk_score_is_one,0.0,0.0,0.0,48
qwen,humaneval,risk_score_is_zero,0.004629629629629629,0.0,0.041666666666666664,48
qwen,humaneval,surprisal_diff_std,0.08073442264510568,0.1110041391292515,0.6041666666666666,48
qwen,humaneval,surprisal_early_late_delta,0.22091729918522077,0.07370423187352537,0.6458333333333334,48
qwen,humaneval,surprisal_max,0.955359646865176,0.8766013812366595,0.6458333333333334,48
qwen,humaneval,surprisal_mean,0.03878830667868866,0.06963172695308799,0.6875,48
qwen,humaneval,surprisal_min,0.0,0.0,0.0,48
qwen,humaneval,surprisal_p90,0.1652219548435717,0.2595328727066105,0.7083333333333334,48
qwen,humaneval,surprisal_range,0.955359646865176,0.8766013812366595,0.6458333333333334,48
qwen,humaneval,surprisal_slope,0.0027557234932565258,0.00040188796701877405,0.5625,48
qwen,humaneval,surprisal_std,0.08420501625257937,0.12041995712350434,0.6875,48
qwen,humaneval,surprisal_volatility,-0.08044724797457505,-0.14033697209504958,0.4791666666666667,48
qwen,humaneval,topk_mass_mean,0.0010036022294944713,-0.0003919463042921789,0.25,48
qwen,humaneval,topk_mass_std,-9.784713411509524e-05,0.002626195812017935,0.7291666666666666,48
qwen,humaneval,warning_density_per_100t,-0.5882318434170339,-0.1003222392915252,0.4375,48
