model,dataset,signal,mean_temp_0.7,mean_temp_0.8,temp_delta
llama,gsm8k,attention_collapse_detected,0.0012315270935960591,0.0024125452352231603,0.0011810181416271011
llama,gsm8k,attn_entropy_norm_mean,0.35867150248058394,0.35918120632471046,0.0005097038441265189
llama,gsm8k,attn_entropy_norm_std,0.13252039822079836,0.13233162466436593,-0.0001887735564324311
llama,gsm8k,collapsed_rate_mean,0.009086117832530199,0.00889939270678655,-0.00018672512574364857
llama,gsm8k,collapsed_rate_mean_zscore,-0.5106775007512087,-0.5597747624293838,-0.049097261678175186
llama,gsm8k,compound_density_per_100t,0.2743531903707085,0.252916298771224,-0.021436891599484476
llama,gsm8k,concentration_max_mean,0.9209695044410727,0.9203005843259077,-0.0006689201151650614
llama,gsm8k,concentration_min_mean,0.20436564643416952,0.20379928082190624,-0.000566365612263281
llama,gsm8k,cs_attention_bottleneck,0.0,0.0,0.0
llama,gsm8k,cs_confident_confusion,0.0,0.0,0.0
llama,gsm8k,cs_confident_repetition_risk,0.8879310344827587,0.8468033775633294,-0.04112765691942932
llama,gsm8k,cs_context_loss,0.0,0.0,0.0
llama,gsm8k,cs_degenerating_generation,0.0,0.0,0.0
llama,gsm8k,early10_entropy_mean,0.7966217093145387,0.9728061869344287,0.17618447761988998
llama,gsm8k,early10_entropy_slope,-0.034724588944458255,-0.062423498317780525,-0.02769890937332227
llama,gsm8k,early10_margin_mean,0.6597004690097433,0.6151894451715546,-0.044511023838188724
llama,gsm8k,early10_margin_slope,0.010395708900951,0.01995590403357388,0.00956019513262288
llama,gsm8k,early10_surprisal_mean,0.7708796290918145,0.9694917440690932,0.1986121149772787
llama,gsm8k,early10_surprisal_slope,-0.011058111323618544,-0.04972618687844032,-0.038668075554821775
llama,gsm8k,early25p_entropy_mean,0.4444085127528118,0.5758098392173471,0.13140132646453528
llama,gsm8k,early25p_entropy_slope,-0.00624762004283164,-0.007130366165390198,-0.0008827461225585581
llama,gsm8k,early25p_margin_mean,0.7900811856844481,0.746661072932757,-0.04342011275169111
llama,gsm8k,early25p_margin_slope,0.0023849739786930934,0.002492839980731071,0.00010786600203797772
llama,gsm8k,early25p_surprisal_mean,0.4409362862785107,0.5778079015093188,0.1368716152308081
llama,gsm8k,early25p_surprisal_slope,-0.005835197093320813,-0.007228854039623937,-0.0013936569463031236
llama,gsm8k,early50p_entropy_mean,0.3618381989316263,0.46692700156528844,0.10508880263366216
llama,gsm8k,early50p_entropy_slope,-0.0027016138104193174,-0.003260025207694544,-0.0005584113972752266
llama,gsm8k,early50p_margin_mean,0.8263840779019515,0.79020892601266,-0.036175151889291435
llama,gsm8k,early50p_margin_slope,0.0011228701350771467,0.0012549910111544365,0.00013212087607728982
llama,gsm8k,early50p_surprisal_mean,0.3624466346281508,0.46579389802871696,0.10334726340056616
llama,gsm8k,early50p_surprisal_slope,-0.0025374515639834147,-0.003392777432796685,-0.0008553258688132701
llama,gsm8k,entropy_diff_std,0.631474561410873,0.7347002878978989,0.10322572648702588
llama,gsm8k,entropy_early_late_delta,-0.2818711955524623,-0.3336863720586234,-0.051815176506161076
llama,gsm8k,entropy_max,2.9324278773058077,3.3276536121287124,0.3952257348229047
llama,gsm8k,entropy_mean,0.26705104484665915,0.36330452211021363,0.09625347726355449
llama,gsm8k,entropy_min,0.0,0.0,0.0
llama,gsm8k,entropy_p90,0.9797945356314693,1.271216075211194,0.2914215395797247
llama,gsm8k,entropy_range,2.9324278773058077,3.3276536121287124,0.3952257348229047
llama,gsm8k,entropy_range_approx,2.6653768324591485,2.964349090018499,0.2989722575593503
llama,gsm8k,entropy_slope,-0.0011072763969758933,-0.0012964649573269853,-0.000189188560351092
llama,gsm8k,entropy_std,0.5312830564414793,0.6398029103558353,0.10851985391435592
llama,gsm8k,failure_risk,0.1730295566502463,0.19975874547647768,0.026729188826231376
llama,gsm8k,failure_risk_is_one,0.0,0.0,0.0
llama,gsm8k,failure_risk_is_zero,0.6995073891625616,0.6598311218335344,-0.03967626732902718
llama,gsm8k,focused_head_mean,4.71415422685241,4.684759694767129,-0.029394532085281533
llama,gsm8k,focused_head_mean_zscore,-0.5902048480037027,-0.6464799004879085,-0.056275052484205834
llama,gsm8k,focused_head_rate,0.14731731958913782,0.14639874046147278,-0.0009185791276650479
llama,gsm8k,hidden_max_abs_last_layer_mean,25.018896172098206,25.46985676037757,0.450960588279365
llama,gsm8k,hidden_max_abs_last_layer_mean_zscore,-0.2262678046691219,-0.032573456323165585,0.19369434834595634
llama,gsm8k,hidden_std_last_layer_mean,2.193702603235505,2.191032102004258,-0.0026705012312473464
llama,humaneval,attention_collapse_detected,0.03536585365853658,0.02926829268292683,-0.006097560975609751
llama,humaneval,attn_entropy_norm_mean,0.3375781850545382,0.336218580189506,-0.0013596048650321713
llama,humaneval,attn_entropy_norm_std,0.13705945084053522,0.13712254850216982,6.30976616345924e-05
llama,humaneval,collapsed_rate_mean,0.013517117414703324,0.013606095172619131,8.8977757915807e-05
llama,humaneval,collapsed_rate_mean_zscore,0.6544037657116103,0.6777994616391477,0.02339569592753743
llama,humaneval,compound_density_per_100t,0.19165162920467946,0.18999948570487057,-0.0016521434998088835
llama,humaneval,concentration_max_mean,0.9217629429181462,0.921703205653401,-5.973726474517438e-05
llama,humaneval,concentration_min_mean,0.21041765185512673,0.2124259538291785,0.002008301974051774
llama,humaneval,cs_attention_bottleneck,0.0,0.0,0.0
llama,humaneval,cs_confident_confusion,0.0,0.0,0.0
llama,humaneval,cs_confident_repetition_risk,0.9768292682926829,0.9658536585365853,-0.01097560975609757
llama,humaneval,cs_context_loss,0.0,0.0,0.0
llama,humaneval,cs_degenerating_generation,0.0,0.0,0.0
llama,humaneval,early10_entropy_mean,0.554617967738369,0.5851774029112703,0.030559435172901273
llama,humaneval,early10_entropy_slope,-0.047077047880024765,-0.03573314553159463,0.011343902348430135
llama,humaneval,early10_margin_mean,0.7605649721722414,0.7585261724516749,-0.002038799720566531
llama,humaneval,early10_margin_slope,0.015434087721764468,0.013002060255351017,-0.002432027466413451
llama,humaneval,early10_surprisal_mean,0.5654403544344178,0.6631993896270806,0.09775903519266282
llama,humaneval,early10_surprisal_slope,-0.045288687825239024,-0.06512883397187745,-0.019840146146638427
llama,humaneval,early25p_entropy_mean,0.2585283535370354,0.32062936393254765,0.062101010395512246
llama,humaneval,early25p_entropy_slope,-0.0018430359293936712,-0.0014607317982152036,0.0003823041311784676
llama,humaneval,early25p_margin_mean,0.8830712883110375,0.8646845778602308,-0.018386710450806754
llama,humaneval,early25p_margin_slope,0.0008441949782339288,0.0006868055800214437,-0.0001573893982124851
llama,humaneval,early25p_surprisal_mean,0.2611635448857282,0.32679765456230586,0.06563410967657768
llama,humaneval,early25p_surprisal_slope,-0.00195332960054717,-0.00170041799535494,0.00025291160519222986
llama,humaneval,early50p_entropy_mean,0.22834845869896514,0.3018980145566963,0.07354955585773115
llama,humaneval,early50p_entropy_slope,-0.0006433228857631261,-0.00048360739741740724,0.0001597154883457189
llama,humaneval,early50p_margin_mean,0.899533099293758,0.8763641990876992,-0.023168900206058773
llama,humaneval,early50p_margin_slope,0.0003244627763527756,0.0002551820250826512,-6.928075127012441e-05
llama,humaneval,early50p_surprisal_mean,0.22862702238726426,0.3053918174822164,0.07676479509495213
llama,humaneval,early50p_surprisal_slope,-0.0006841489102813599,-0.0005305439693105116,0.00015360494097084833
llama,humaneval,entropy_diff_std,0.5801830663840236,0.6912491947454128,0.11106612836138918
llama,humaneval,entropy_early_late_delta,-0.1584359155836041,-0.1584983873393957,-6.247175579160436e-05
llama,humaneval,entropy_max,3.5925081060597557,3.999138655180109,0.40663054912035346
llama,humaneval,entropy_mean,0.17677683144908882,0.2467217547086722,0.06994492325958337
llama,humaneval,entropy_min,0.0,0.0,0.0
llama,humaneval,entropy_p90,0.6152812727074439,0.8749469376372015,0.2596656649297576
llama,humaneval,entropy_range,3.5925081060597557,3.999138655180109,0.40663054912035346
llama,humaneval,entropy_range_approx,3.4157312746106667,3.752416900471437,0.33668562586077044
llama,humaneval,entropy_slope,-0.000434290345483112,-0.00044586158967006845,-1.157124418695645e-05
llama,humaneval,entropy_std,0.48313564630910266,0.5891027701873444,0.1059671238782417
llama,humaneval,failure_risk,0.1045121951219512,0.12463414634146341,0.020121951219512213
llama,humaneval,failure_risk_is_one,0.0,0.0,0.0
llama,humaneval,failure_risk_is_zero,0.7890243902439025,0.75,-0.039024390243902474
llama,humaneval,focused_head_mean,5.416573924329428,5.428611711756444,0.012037787427016333
llama,humaneval,focused_head_mean_zscore,0.7545590430075888,0.777605067937792,0.023046024930203246
llama,humaneval,focused_head_rate,0.16926793513529462,0.16964411599238888,0.0003761808570942604
llama,humaneval,hidden_max_abs_last_layer_mean,25.86776987181783,25.97998106673581,0.11221119491797893
llama,humaneval,hidden_max_abs_last_layer_mean_zscore,0.13833620368239624,0.1865325978721563,0.04819639418976007
llama,humaneval,hidden_std_last_layer_mean,2.178743511736008,2.1792109590099833,0.0004674472739751856
mistral7b,gsm8k,attention_collapse_detected,0.0,0.0,0.0
mistral7b,gsm8k,attn_entropy_norm_mean,0.40313677977426704,0.4021030073760928,-0.0010337723981742597
mistral7b,gsm8k,attn_entropy_norm_std,0.10685098403181656,0.1065658906367297,-0.00028509339508686615
mistral7b,gsm8k,collapsed_rate_mean,0.001506062470224767,0.0015590814970350493,5.301902681028236e-05
mistral7b,gsm8k,collapsed_rate_mean_zscore,-0.416826236437695,-0.29992615188105953,0.11690008455663548
mistral7b,gsm8k,compound_density_per_100t,0.4791955547700924,0.4512169599185068,-0.027978594851585603
mistral7b,gsm8k,concentration_max_mean,0.8526795334161441,0.8530869110293262,0.00040737761318210275
mistral7b,gsm8k,concentration_min_mean,0.16689661215878193,0.16791803744217573,0.001021425283393801
mistral7b,gsm8k,cs_attention_bottleneck,0.0,0.0,0.0
mistral7b,gsm8k,cs_confident_confusion,0.0,0.0,0.0
mistral7b,gsm8k,cs_confident_repetition_risk,0.9512195121951219,0.9253731343283582,-0.025846377866763692
mistral7b,gsm8k,cs_context_loss,0.0,0.0,0.0
mistral7b,gsm8k,cs_degenerating_generation,0.0,0.0,0.0
mistral7b,gsm8k,early10_entropy_mean,0.5257233467419944,0.6675763021016777,0.14185295535968334
mistral7b,gsm8k,early10_entropy_slope,0.04343800269704974,0.061759675113257265,0.018321672416207524
mistral7b,gsm8k,early10_margin_mean,0.7952773265203117,0.762274410558948,-0.03300291596136373
mistral7b,gsm8k,early10_margin_slope,-0.025860912862013846,-0.029279597354307265,-0.0034186844922934195
mistral7b,gsm8k,early10_surprisal_mean,0.520177722112159,0.6095586710412823,0.0893809489291233
mistral7b,gsm8k,early10_surprisal_slope,0.05088033554697587,0.06490822857415322,0.01402789302717735
mistral7b,gsm8k,early25p_entropy_mean,0.37264299363644254,0.4602141137517105,0.08757112011526796
mistral7b,gsm8k,early25p_entropy_slope,-0.005621435935425351,-0.007720849456298362,-0.002099413520873011
mistral7b,gsm8k,early25p_margin_mean,0.8319280039714925,0.8032355661054531,-0.028692437866039366
mistral7b,gsm8k,early25p_margin_slope,0.0015384613263384678,0.002046744388386316,0.000508283062047848
mistral7b,gsm8k,early25p_surprisal_mean,0.3667586873015864,0.44982236974191053,0.08306368244032414
mistral7b,gsm8k,early25p_surprisal_slope,-0.006284487326241548,-0.005806311033220984,0.00047817629302056384
mistral7b,gsm8k,early50p_entropy_mean,0.2826021592651591,0.3541710995677459,0.07156894030258681
mistral7b,gsm8k,early50p_entropy_slope,-0.003711998272004419,-0.004605288898284564,-0.0008932906262801446
mistral7b,gsm8k,early50p_margin_mean,0.8674964626260164,0.8415488971797697,-0.025947565446246768
mistral7b,gsm8k,early50p_margin_slope,0.0013780436784084666,0.0015751773017095426,0.00019713362330107606
mistral7b,gsm8k,early50p_surprisal_mean,0.28135987858421196,0.34788080724245196,0.06652092865824
mistral7b,gsm8k,early50p_surprisal_slope,-0.0037063442746527306,-0.004343926621361294,-0.0006375823467085632
mistral7b,gsm8k,entropy_diff_std,0.6544172895298593,0.741188232131927,0.08677094260206764
mistral7b,gsm8k,entropy_early_late_delta,-0.17989175879048236,-0.21892282721426495,-0.039031068423782594
mistral7b,gsm8k,entropy_max,2.637274750273856,2.9022628626384606,0.2649881123646045
mistral7b,gsm8k,entropy_mean,0.23594443707987547,0.30070705082751853,0.06476261374764306
mistral7b,gsm8k,entropy_min,0.0,0.0,0.0
mistral7b,gsm8k,entropy_p90,0.9300617931953878,1.1253187365327644,0.19525694333737653
mistral7b,gsm8k,entropy_range,2.637274750273856,2.9022628626384606,0.2649881123646045
mistral7b,gsm8k,entropy_range_approx,2.4013303131939807,2.601555811810942,0.20022549861696115
mistral7b,gsm8k,entropy_slope,-0.0010721707486787703,-0.0013419216372901614,-0.0002697508886113911
mistral7b,gsm8k,entropy_std,0.4955471410463017,0.5731385870337878,0.07759144598748613
mistral7b,gsm8k,failure_risk,0.6006968641114981,0.6,-0.0006968641114981633
mistral7b,gsm8k,failure_risk_is_one,0.0,0.0,0.0
mistral7b,gsm8k,failure_risk_is_zero,0.0,0.0,0.0
mistral7b,gsm8k,focused_head_mean,0.7676112815171549,0.7729442976878184,0.005333016170663507
mistral7b,gsm8k,focused_head_mean_zscore,0.1812936487858053,0.21905920051399697,0.037765551728191654
mistral7b,gsm8k,focused_head_rate,0.02398785254741109,0.024154509302744324,0.0001666567553332346
mistral7b,gsm8k,hidden_max_abs_last_layer_mean,78.73779379649181,78.98029485318305,0.24250105669123911
mistral7b,gsm8k,hidden_max_abs_last_layer_mean_zscore,-0.682116573231918,-0.6642592833939938,0.01785728983792423
mistral7b,gsm8k,hidden_std_last_layer_mean,5.624605896442576,5.625703815639753,0.0010979191971767222
mistral7b,humaneval,attention_collapse_detected,0.0,0.0,0.0
mistral7b,humaneval,attn_entropy_norm_mean,0.3952686078114804,0.39591497238103945,0.000646364569559077
mistral7b,humaneval,attn_entropy_norm_std,0.1059123548858214,0.10563436068390238,-0.0002779942019190268
mistral7b,humaneval,collapsed_rate_mean,0.00196288726416936,0.0018855021444557944,-7.738511971356558e-05
mistral7b,humaneval,collapsed_rate_mean_zscore,0.5904132444147423,0.41978908206805204,-0.17062416234669026
mistral7b,humaneval,compound_density_per_100t,0.9019941742146877,0.8571807221904539,-0.04481345202423381
mistral7b,humaneval,concentration_max_mean,0.7600605438245857,0.7595254407690318,-0.0005351030555538205
mistral7b,humaneval,concentration_min_mean,0.17143276295884194,0.170268790493214,-0.0011639724656279382
mistral7b,humaneval,cs_attention_bottleneck,0.0,0.0,0.0
mistral7b,humaneval,cs_confident_confusion,0.0,0.0,0.0
mistral7b,humaneval,cs_confident_repetition_risk,0.9695121951219512,0.9670731707317073,-0.0024390243902439046
mistral7b,humaneval,cs_context_loss,0.0,0.0,0.0
mistral7b,humaneval,cs_degenerating_generation,0.0,0.0,0.0
mistral7b,humaneval,early10_entropy_mean,0.532591953754523,0.6878709229467008,0.15527896919217787
mistral7b,humaneval,early10_entropy_slope,-0.07853349614611053,-0.0879456785785217,-0.009412182432411167
mistral7b,humaneval,early10_margin_mean,0.7788376860783959,0.7383796357381635,-0.04045805034023242
mistral7b,humaneval,early10_margin_slope,0.028083615677771265,0.029744135729379333,0.0016605200516080672
mistral7b,humaneval,early10_surprisal_mean,0.6275130397791683,0.6942863321499276,0.06677329237075935
mistral7b,humaneval,early10_surprisal_slope,-0.1213365087000606,-0.10477825206990175,0.01655825663015885
mistral7b,humaneval,early25p_entropy_mean,0.35884325828077035,0.44354855801213,0.08470529973135965
mistral7b,humaneval,early25p_entropy_slope,-0.017242010259962224,-0.02351509248820187,-0.006273082228239645
mistral7b,humaneval,early25p_margin_mean,0.8445083088196688,0.8207137037725444,-0.023794605047124384
mistral7b,humaneval,early25p_margin_slope,0.006420787550114898,0.0073585741805529134,0.0009377866304380155
mistral7b,humaneval,early25p_surprisal_mean,0.3913365518976591,0.4413208417905303,0.049984289892871236
mistral7b,humaneval,early25p_surprisal_slope,-0.026112296255096836,-0.023145657150462004,0.002966639104634832
mistral7b,humaneval,early50p_entropy_mean,0.28556856927764046,0.3478317004382164,0.06226313116057591
mistral7b,humaneval,early50p_entropy_slope,-0.00785778704586659,-0.010113891503382086,-0.002256104457515496
mistral7b,humaneval,early50p_margin_mean,0.8725191467850916,0.8538475540577543,-0.018671592727337316
mistral7b,humaneval,early50p_margin_slope,0.0028634415553186253,0.0033253425386652437,0.00046190098334661844
mistral7b,humaneval,early50p_surprisal_mean,0.30276197204808347,0.34780655883608225,0.045044586787998775
mistral7b,humaneval,early50p_surprisal_slope,-0.010234384474410371,-0.009234841236125432,0.000999543238284939
mistral7b,humaneval,entropy_diff_std,0.6432346634931037,0.7245833793310698,0.0813487158379661
mistral7b,humaneval,entropy_early_late_delta,-0.21633469903481115,-0.2706717956233275,-0.05433709658851635
mistral7b,humaneval,entropy_max,2.8739961591143137,3.265836269263262,0.3918401101489484
mistral7b,humaneval,entropy_mean,0.22345862611490735,0.2731886672702391,0.04973004115533175
mistral7b,humaneval,entropy_min,0.0,0.0,0.0
mistral7b,humaneval,entropy_p90,0.8352740192174601,0.9750358311497097,0.13976181193224957
mistral7b,humaneval,entropy_range,2.8739961591143137,3.265836269263262,0.3918401101489484
mistral7b,humaneval,entropy_range_approx,2.6505375329994063,2.992647601993023,0.3421100689936165
mistral7b,humaneval,entropy_slope,-0.003256862418083396,-0.003990199750849238,-0.0007333373327658415
mistral7b,humaneval,entropy_std,0.510791802363783,0.5857724779905545,0.07498067562677158
mistral7b,humaneval,failure_risk,0.6004878048780486,0.6004878048780486,0.0
mistral7b,humaneval,failure_risk_is_one,0.0,0.0,0.0
mistral7b,humaneval,failure_risk_is_zero,0.0,0.0,0.0
mistral7b,humaneval,focused_head_mean,0.7235034969900526,0.7058169450501954,-0.01768655193985713
mistral7b,humaneval,focused_head_mean_zscore,-0.13105395430930677,-0.25630060101034635,-0.12524664670103958
mistral7b,humaneval,focused_head_rate,0.022609484280939143,0.022056779532818607,-0.0005527047481205354
mistral7b,humaneval,hidden_max_abs_last_layer_mean,100.66773855040626,100.53197584807702,-0.13576270232923093
mistral7b,humaneval,hidden_max_abs_last_layer_mean_zscore,0.9327604295473135,0.9227631373385617,-0.009997292208751785
mistral7b,humaneval,hidden_std_last_layer_mean,5.622229082914461,5.628850502501779,0.006621419587317767
mixtral,gsm8k,attention_collapse_detected,0.0026666666666666666,0.0,-0.0026666666666666666
mixtral,gsm8k,attn_entropy_norm_mean,0.39734406717505916,0.397476692471366,0.00013262529630686526
mixtral,gsm8k,attn_entropy_norm_std,0.09574375437874223,0.09582485028326151,8.109590451928217e-05
mixtral,gsm8k,collapsed_rate_mean,0.018221994320301253,0.018204052060755548,-1.794225954570433e-05
mixtral,gsm8k,collapsed_rate_mean_zscore,-0.6590106160909904,-0.6658341888893368,-0.0068235727983463335
mixtral,gsm8k,compound_density_per_100t,0.5278772262457656,0.48344655262149777,-0.044430673624267836
mixtral,gsm8k,concentration_max_mean,0.9395610874847036,0.9390849828953441,-0.00047610458935942734
mixtral,gsm8k,concentration_min_mean,0.1454208154373728,0.14398830754579148,-0.001432507891581336
mixtral,gsm8k,cs_attention_bottleneck,0.0,0.0,0.0
mixtral,gsm8k,cs_confident_confusion,0.0,0.0,0.0
mixtral,gsm8k,cs_confident_repetition_risk,0.9573333333333334,0.9634464751958225,0.006113141862489124
mixtral,gsm8k,cs_context_loss,0.0,0.0,0.0
mixtral,gsm8k,cs_degenerating_generation,0.0,0.0,0.0
mixtral,gsm8k,early10_entropy_mean,0.6302638130479755,0.7233494754787583,0.09308566243078276
mixtral,gsm8k,early10_entropy_slope,0.08390521038988208,0.10182173061149605,0.01791652022161397
mixtral,gsm8k,early10_margin_mean,0.7739823131561278,0.7402189124657652,-0.033763400690362544
mixtral,gsm8k,early10_margin_slope,-0.034545562201798566,-0.04435783387013313,-0.009812271668334566
mixtral,gsm8k,early10_surprisal_mean,0.7039064806131,0.6679678194929749,-0.035938661120125115
mixtral,gsm8k,early10_surprisal_slope,0.08793643919284923,0.11490893085936747,0.026972491666518245
mixtral,gsm8k,early25p_entropy_mean,0.4513560314659833,0.5233336990344462,0.07197766756846286
mixtral,gsm8k,early25p_entropy_slope,-0.006337395016059748,-0.005958614670820096,0.0003787803452396524
mixtral,gsm8k,early25p_margin_mean,0.8058100587001845,0.7816912817976505,-0.024118776902534056
mixtral,gsm8k,early25p_margin_slope,0.0012853337032286553,0.0012700067691797808,-1.5326934048874455e-05
mixtral,gsm8k,early25p_surprisal_mean,0.46980459629664056,0.5109367067712468,0.04113211047460624
mixtral,gsm8k,early25p_surprisal_slope,-0.007382865431056533,-0.004858962047246874,0.0025239033838096595
mixtral,gsm8k,early50p_entropy_mean,0.3275961800613501,0.39844333436811963,0.07084715430676952
mixtral,gsm8k,early50p_entropy_slope,-0.005011818036210674,-0.0047901898663239885,0.0002216281698866852
mixtral,gsm8k,early50p_margin_mean,0.8522954783850774,0.826453227230342,-0.025842251154735374
mixtral,gsm8k,early50p_margin_slope,0.0017445850004495268,0.001615244232251291,-0.00012934076819823585
mixtral,gsm8k,early50p_surprisal_mean,0.3383056437242128,0.3921131872388743,0.05380754351466149
mixtral,gsm8k,early50p_surprisal_slope,-0.005402092343502242,-0.004500782893442394,0.0009013094500598482
mixtral,gsm8k,entropy_diff_std,0.6739863488524175,0.7478439169507793,0.07385756809836186
mixtral,gsm8k,entropy_early_late_delta,-0.2620335387483645,-0.3067547735164203,-0.044721234768055784
mixtral,gsm8k,entropy_max,3.01720397627449,3.226542607248683,0.20933863097419314
mixtral,gsm8k,entropy_mean,0.25138705433669156,0.3051319990639765,0.053744944727284916
mixtral,gsm8k,entropy_min,0.0,0.0,0.0
mixtral,gsm8k,entropy_p90,0.9559726795712056,1.136154511057555,0.18018183148634948
mixtral,gsm8k,entropy_range,3.01720397627449,3.226542607248683,0.20933863097419314
mixtral,gsm8k,entropy_range_approx,2.7658169219377986,2.921410608184706,0.1555936862469074
mixtral,gsm8k,entropy_slope,-0.001848582063136051,-0.002053171338389566,-0.0002045892752535149
mixtral,gsm8k,entropy_std,0.5315783697872266,0.5892732901984996,0.057694920411273
mixtral,gsm8k,failure_risk,0.6005333333333333,0.5999999999999999,-0.0005333333333333856
mixtral,gsm8k,failure_risk_is_one,0.0,0.0,0.0
mixtral,gsm8k,failure_risk_is_zero,0.0,0.0,0.0
mixtral,gsm8k,focused_head_mean,3.325837963904921,3.3002755701760753,-0.025562393728845834
mixtral,gsm8k,focused_head_mean_zscore,-0.6814164836137175,-0.7341969088427597,-0.05278042522904214
mixtral,gsm8k,focused_head_rate,0.10393243637202879,0.10313361156800235,-0.0007988248040264323
mixtral,gsm8k,hidden_max_abs_last_layer_mean,129.68918132391352,130.32277818999816,0.6335968660846447
mixtral,gsm8k,hidden_max_abs_last_layer_mean_zscore,-0.5343654228994575,-0.49006905865733474,0.0442963642421228
mixtral,gsm8k,hidden_std_last_layer_mean,4.3863029575143795,4.351357144311099,-0.034945813203280274
mixtral,humaneval,attention_collapse_detected,0.0,0.0,0.0
mixtral,humaneval,attn_entropy_norm_mean,0.36979891604908977,0.3671691278311409,-0.0026297882179488474
mixtral,humaneval,attn_entropy_norm_std,0.104388621759368,0.10422702551650824,-0.00016159624285976004
mixtral,humaneval,collapsed_rate_mean,0.022193294984662163,0.02223851015583287,4.521517117070731e-05
mixtral,humaneval,collapsed_rate_mean_zscore,0.8513041309651372,0.8684997919289703,0.01719566096383307
mixtral,humaneval,compound_density_per_100t,0.6553665744852923,0.6653499023684177,0.009983327883125392
mixtral,humaneval,concentration_max_mean,0.9438301152663588,0.9436518983061121,-0.0001782169602467798
mixtral,humaneval,concentration_min_mean,0.14884439478487124,0.15258980736746688,0.003745412582595642
mixtral,humaneval,cs_attention_bottleneck,0.0,0.0,0.0
mixtral,humaneval,cs_confident_confusion,0.0,0.0,0.0
mixtral,humaneval,cs_confident_repetition_risk,0.9493827160493827,0.908641975308642,-0.040740740740740744
mixtral,humaneval,cs_context_loss,0.0,0.0,0.0
mixtral,humaneval,cs_degenerating_generation,0.0,0.0,0.0
mixtral,humaneval,early10_entropy_mean,0.595378428798003,0.6785133383525492,0.08313490955454628
mixtral,humaneval,early10_entropy_slope,-0.08274987962334307,-0.10522575814121171,-0.02247587851786864
mixtral,humaneval,early10_margin_mean,0.7731093215131914,0.7503576458749377,-0.022751675638253754
mixtral,humaneval,early10_margin_slope,0.022626438923835136,0.029418858145557007,0.006792419221721871
mixtral,humaneval,early10_surprisal_mean,0.6123977362713262,0.6452742951029511,0.03287655883162488
mixtral,humaneval,early10_surprisal_slope,-0.0935212434339819,-0.09669338045208153,-0.0031721370180996383
mixtral,humaneval,early25p_entropy_mean,0.296745926327659,0.365585970315657,0.06884004398799798
mixtral,humaneval,early25p_entropy_slope,-0.014549929169903244,-0.017034231856257225,-0.0024843026863539813
mixtral,humaneval,early25p_margin_mean,0.8740808575668785,0.8513424810675585,-0.02273837649931998
mixtral,humaneval,early25p_margin_slope,0.004659733014723588,0.0054203441798282735,0.0007606111651046856
mixtral,humaneval,early25p_surprisal_mean,0.29723386555894804,0.34954446514513876,0.05231059958619072
mixtral,humaneval,early25p_surprisal_slope,-0.01544250393169016,-0.014764867695607697,0.0006776362360824632
mixtral,humaneval,early50p_entropy_mean,0.22621897872256835,0.2824187314278988,0.05619975270533045
mixtral,humaneval,early50p_entropy_slope,-0.005188233939728589,-0.007626872297347325,-0.0024386383576187366
mixtral,humaneval,early50p_margin_mean,0.9000431774427052,0.8810631807912054,-0.018979996651499853
mixtral,humaneval,early50p_margin_slope,0.0016732807213139002,0.002501900680984762,0.0008286199596708619
mixtral,humaneval,early50p_surprisal_mean,0.22431857466208077,0.2753508611063209,0.05103228644424013
mixtral,humaneval,early50p_surprisal_slope,-0.0051683198514912935,-0.005925226587095895,-0.0007569067356046014
mixtral,humaneval,entropy_diff_std,0.5634780670312849,0.6545890421011399,0.091110975069855
mixtral,humaneval,entropy_early_late_delta,-0.1634657205589964,-0.17692278275075907,-0.013457062191762653
mixtral,humaneval,entropy_max,2.9921350086998357,3.26326859550352,0.27113358680368416
mixtral,humaneval,entropy_mean,0.1795963644077998,0.23328135570355155,0.053684991295751744
mixtral,humaneval,entropy_min,0.0,0.0,0.0
mixtral,humaneval,entropy_p90,0.6554654527624987,0.8443822668036789,0.18891681404118021
mixtral,humaneval,entropy_range,2.9921350086998357,3.26326859550352,0.27113358680368416
mixtral,humaneval,entropy_range_approx,2.8125386442920366,3.029987239799968,0.2174485955079315
mixtral,humaneval,entropy_slope,-0.001587211181782553,-0.0022741526777655965,-0.0006869414959830434
mixtral,humaneval,entropy_std,0.45864918753988165,0.5394779025577958,0.08082871501791417
mixtral,humaneval,failure_risk,0.6025925925925925,0.6012345679012344,-0.0013580246913580396
mixtral,humaneval,failure_risk_is_one,0.0,0.0,0.0
mixtral,humaneval,failure_risk_is_zero,0.0,0.0,0.0
mixtral,humaneval,focused_head_mean,4.087652082350881,4.085556694056959,-0.0020953882939220847
mixtral,humaneval,focused_head_mean_zscore,0.8915533072275774,0.8872268154934186,-0.004326491734158777
mixtral,humaneval,focused_head_rate,0.12773912757346503,0.12767364668927997,-6.548088418506515e-05
mixtral,humaneval,hidden_max_abs_last_layer_mean,148.225148362246,147.3089095249203,-0.9162388373256931
mixtral,humaneval,hidden_max_abs_last_layer_mean_zscore,0.7615310555409676,0.697474474071803,-0.0640565814691646
mixtral,humaneval,hidden_std_last_layer_mean,4.378579171438845,4.359882806458832,-0.018696364980012703
qwen,gsm8k,attention_collapse_detected,0.0,0.0,0.0
qwen,gsm8k,attn_entropy_norm_mean,0.47772971151787197,0.4777123616374853,-1.7349880386652305e-05
qwen,gsm8k,attn_entropy_norm_std,0.11385334094530287,0.11317118358651782,-0.0006821573587850599
qwen,gsm8k,collapsed_rate_mean,0.01644223607065082,0.01635305498207449,-8.918108857633097e-05
qwen,gsm8k,collapsed_rate_mean_zscore,-0.5163651093296936,-0.5609372089589949,-0.04457209962930131
qwen,gsm8k,compound_density_per_100t,0.273130655485834,0.2615794031281443,-0.011551252357689668
qwen,gsm8k,concentration_max_mean,0.8850017441069704,0.8840886677014933,-0.000913076405477109
qwen,gsm8k,concentration_min_mean,0.10921502440250336,0.10885840212035637,-0.0003566222821469872
qwen,gsm8k,cs_attention_bottleneck,0.0,0.0,0.0
qwen,gsm8k,cs_confident_confusion,0.0,0.0,0.0
qwen,gsm8k,cs_confident_repetition_risk,0.9484752891692955,0.9050104384133612,-0.043464850755934314
qwen,gsm8k,cs_context_loss,0.0,0.0,0.0
qwen,gsm8k,cs_degenerating_generation,0.0,0.0,0.0
qwen,gsm8k,early10_entropy_mean,0.4727458585430584,0.5145641620107747,0.04181830346771631
qwen,gsm8k,early10_entropy_slope,0.02318121745473643,0.024304935565630802,0.0011237181108943728
qwen,gsm8k,early10_margin_mean,0.7648539844011158,0.7547624432157126,-0.01009154118540323
qwen,gsm8k,early10_margin_slope,-0.009049230173642786,-0.01087990656213229,-0.0018306763884895043
qwen,gsm8k,early10_surprisal_mean,0.43248667304359867,0.46781555046252815,0.03532887741892948
qwen,gsm8k,early10_surprisal_slope,0.021873770860942922,0.038661483750847644,0.016787712889904723
qwen,gsm8k,early25p_entropy_mean,0.3661667613715208,0.4380296363293469,0.07186287495782606
qwen,gsm8k,early25p_entropy_slope,-0.0021188334973716453,-0.002478888644413881,-0.0003600551470422358
qwen,gsm8k,early25p_margin_mean,0.8170713997501047,0.7916126627964521,-0.025458736953652528
qwen,gsm8k,early25p_margin_slope,0.0010342927927701738,0.0010995796013965737,6.52868086263999e-05
qwen,gsm8k,early25p_surprisal_mean,0.36337072852277147,0.4315276090928101,0.06815688057003866
qwen,gsm8k,early25p_surprisal_slope,-0.0016241493425083525,-0.002073756179300851,-0.00044960683679249854
qwen,gsm8k,early50p_entropy_mean,0.32239855437065246,0.3924008387167393,0.07000228434608685
qwen,gsm8k,early50p_entropy_slope,-0.0011242179070712912,-0.001229054192164831,-0.00010483628509353978
qwen,gsm8k,early50p_margin_mean,0.8403509735620092,0.8154088521493056,-0.024942121412703577
qwen,gsm8k,early50p_margin_slope,0.0005800673980470435,0.0006104739251974504,3.0406527150406842e-05
qwen,gsm8k,early50p_surprisal_mean,0.3206983019735718,0.38816645025533913,0.06746814828176734
qwen,gsm8k,early50p_surprisal_slope,-0.0010244210538500097,-0.0011668289400856232,-0.00014240788623561353
qwen,gsm8k,entropy_diff_std,0.6349049845556604,0.7109621237015232,0.07605713914586287
qwen,gsm8k,entropy_early_late_delta,-0.1584585793953734,-0.1651286649280139,-0.006670085532640507
qwen,gsm8k,entropy_max,2.725635773185311,3.0493394138632812,0.3237036406779703
qwen,gsm8k,entropy_mean,0.268109525233947,0.33948304980610766,0.07137352457216067
qwen,gsm8k,entropy_min,0.0,0.0,0.0
qwen,gsm8k,entropy_p90,1.0209509767079354,1.2216075077426216,0.20065653103468617
qwen,gsm8k,entropy_range,2.725635773185311,3.0493394138632812,0.3237036406779703
qwen,gsm8k,entropy_range_approx,2.4575262479513644,2.7098563640571736,0.25233011610580913
qwen,gsm8k,entropy_slope,-0.0005613076538293428,-0.0005880851680449665,-2.6777514215623713e-05
qwen,gsm8k,entropy_std,0.5152206244566973,0.5974544975492245,0.08223387309252728
qwen,gsm8k,failure_risk,0.21114616193480548,0.20782881002087683,-0.003317351913928651
qwen,gsm8k,failure_risk_is_one,0.0,0.0,0.0
qwen,gsm8k,failure_risk_is_zero,0.5856992639327024,0.5960334029227558,0.01033413899005331
qwen,gsm8k,focused_head_mean,1.3329789264147867,1.3129465681622552,-0.020032358252531468
qwen,gsm8k,focused_head_mean_zscore,-0.6010916340133038,-0.6558463778119741,-0.05475474379867029
qwen,gsm8k,focused_head_rate,0.047606390229099516,0.04689094886293768,-0.0007154413661618342
qwen,gsm8k,hidden_max_abs_last_layer_mean,137.04870783114916,138.32817355052134,1.2794657193721832
qwen,gsm8k,hidden_max_abs_last_layer_mean_zscore,-0.22873230227792107,-0.14990043593833974,0.07883186633958134
qwen,gsm8k,hidden_std_last_layer_mean,5.162773300248414,5.20776917575002,0.04499587550160555
qwen,humaneval,attention_collapse_detected,0.0,0.0012195121951219512,0.0012195121951219512
qwen,humaneval,attn_entropy_norm_mean,0.4397200026412021,0.44032080021573905,0.0006007975745369598
qwen,humaneval,attn_entropy_norm_std,0.1197603004166101,0.11942787664779829,-0.00033242376881180424
qwen,humaneval,collapsed_rate_mean,0.01881868217561486,0.018772610458937414,-4.607171667744478e-05
qwen,humaneval,collapsed_rate_mean_zscore,0.6713664405432448,0.6483401108737823,-0.023026329669462497
qwen,humaneval,compound_density_per_100t,0.639082845901563,0.5681183031399142,-0.07096454276164876
qwen,humaneval,concentration_max_mean,0.9054005060970387,0.9049975447030537,-0.00040296139398499076
qwen,humaneval,concentration_min_mean,0.13123132147502156,0.1306022386195956,-0.0006290828554259553
qwen,humaneval,cs_attention_bottleneck,0.0,0.0,0.0
qwen,humaneval,cs_confident_confusion,0.0,0.0,0.0
qwen,humaneval,cs_confident_repetition_risk,0.9036585365853659,0.8512195121951219,-0.05243902439024395
qwen,humaneval,cs_context_loss,0.0,0.0,0.0
qwen,humaneval,cs_degenerating_generation,0.0012195121951219512,0.0,-0.0012195121951219512
qwen,humaneval,early10_entropy_mean,0.535442525992753,0.6651914188883149,0.1297488928955619
qwen,humaneval,early10_entropy_slope,-0.049014907689973825,-0.04902797772921127,-1.3070039237443598e-05
qwen,humaneval,early10_margin_mean,0.7759301762398371,0.7405052814968984,-0.03542489474293864
qwen,humaneval,early10_margin_slope,0.014392200003711154,0.012571420922077718,-0.001820779081633436
qwen,humaneval,early10_surprisal_mean,0.5250311744382352,0.6782175617438012,0.153186387305566
qwen,humaneval,early10_surprisal_slope,-0.04764185555255482,-0.05154058594244603,-0.0038987303898912126
qwen,humaneval,early25p_entropy_mean,0.3403568800980482,0.41554243491635484,0.07518555481830663
qwen,humaneval,early25p_entropy_slope,-0.002650301437162162,-0.00771312226672172,-0.005062820829559557
qwen,humaneval,early25p_margin_mean,0.8484971436551977,0.8236551670752483,-0.024841976579949354
qwen,humaneval,early25p_margin_slope,0.001047597759105898,0.0021825796469599683,0.0011349818878540702
qwen,humaneval,early25p_surprisal_mean,0.34239606997817457,0.42233747300944335,0.07994140303126879
qwen,humaneval,early25p_surprisal_slope,-0.001012675970127111,-0.00824566747897893,-0.007232991508851819
qwen,humaneval,early50p_entropy_mean,0.32042229970772146,0.386559454749489,0.06613715504176754
qwen,humaneval,early50p_entropy_slope,-0.000620315736189233,-0.003308839101721461,-0.002688523365532228
qwen,humaneval,early50p_margin_mean,0.854752761213815,0.8341029957331451,-0.02064976548066999
qwen,humaneval,early50p_margin_slope,-0.0009608041600782514,0.0007446732194553385,0.0017054773795335898
qwen,humaneval,early50p_surprisal_mean,0.3203181851476449,0.38978361743399986,0.06946543228635499
qwen,humaneval,early50p_surprisal_slope,-0.001027762081537365,-0.0035108773962039333,-0.002483115314666568
qwen,humaneval,entropy_diff_std,0.6869319547038547,0.753956162882452,0.06702420817859733
qwen,humaneval,entropy_early_late_delta,-0.020419473975568196,-0.03171740993300865,-0.011297935957440455
qwen,humaneval,entropy_max,3.056007448104692,3.344668193625127,0.28866074552043486
qwen,humaneval,entropy_mean,0.31698544838955,0.3787242760513599,0.06173882766180988
qwen,humaneval,entropy_min,0.0,0.0,0.0
qwen,humaneval,entropy_p90,1.1136248383027763,1.2813028965791347,0.1676780582763584
qwen,humaneval,entropy_range,3.056007448104692,3.344668193625127,0.28866074552043486
qwen,humaneval,entropy_range_approx,2.7390219997151424,2.965943917573768,0.22692191785862548
qwen,humaneval,entropy_slope,-0.0007459154241568099,-0.0007102079336799844,3.570749047682555e-05
qwen,humaneval,entropy_std,0.5767506159790661,0.6510761976560541,0.074325581676988
qwen,humaneval,failure_risk,0.19365853658536586,0.19902439024390242,0.005365853658536562
qwen,humaneval,failure_risk_is_one,0.0,0.0,0.0
qwen,humaneval,failure_risk_is_zero,0.6268292682926829,0.6207317073170732,-0.0060975609756097615
qwen,humaneval,focused_head_mean,1.8382595420787977,1.8300020537444541,-0.008257488334343588
qwen,humaneval,focused_head_mean_zscore,0.7799994141972317,0.757429098088275,-0.022570316108956767
qwen,humaneval,focused_head_rate,0.06565212650281421,0.06535721620515907,-0.000294910297655146
qwen,humaneval,hidden_max_abs_last_layer_mean,144.09719002731205,144.41773235794196,0.32054233062990534
qwen,humaneval,hidden_max_abs_last_layer_mean_zscore,0.20554662991377418,0.22529624085043598,0.019749610936661804
qwen,humaneval,hidden_std_last_layer_mean,5.1263391573072195,5.126698502798754,0.0003593454915344907
