model,dataset,metric,layer_idx,layer_pos_norm,correlation,p_value,mean_correct,mean_incorrect,delta,n
llama,gsm8k,attn_entropy,0,0.0,-0.08858146322368513,0.0003272701976738509,3.3094628566236715,3.3605159424539393,0.0510530858302678,1641
llama,gsm8k,attn_entropy,1,0.03225806451612903,-0.10390013509912811,2.4743346724066182e-05,1.365927971343585,1.388792332785212,0.022864361441627068,1641
llama,gsm8k,attn_entropy,2,0.06451612903225806,-0.008624370872569497,0.7270088750819749,0.877196262464462,0.8791956893937481,0.001999426929286119,1641
llama,gsm8k,attn_entropy,3,0.0967741935483871,-0.12401273452946739,4.6723874949486546e-07,1.0652477701701561,1.0903438579690483,0.025096087798892164,1641
llama,gsm8k,attn_entropy,4,0.12903225806451613,-0.07115188720290438,0.0039294652808337,1.5056415823662368,1.518844681735546,0.013203099369309301,1641
llama,gsm8k,attn_entropy,5,0.16129032258064516,-0.015231770161368627,0.5375030120473507,1.8526657352148226,1.8578434294023418,0.005177694187519233,1641
llama,gsm8k,attn_entropy,6,0.1935483870967742,-0.07554167884957227,0.0021973003449953783,2.1014796786021295,2.124629463618032,0.02314978501590259,1641
llama,gsm8k,attn_entropy,7,0.22580645161290322,-0.06700193738093778,0.006623935449849555,2.4245669627173223,2.4471803603030393,0.02261339758571701,1641
llama,gsm8k,attn_entropy,8,0.25806451612903225,-0.11685674648858087,2.070254515967488e-06,2.6657806969050655,2.7066344648647704,0.04085376795970497,1641
llama,gsm8k,attn_entropy,9,0.2903225806451613,-0.1007385563975745,4.348497160445213e-05,2.7808958396876178,2.821455001523821,0.04055916183620312,1641
llama,gsm8k,attn_entropy,10,0.3225806451612903,-0.06170386432500912,0.012417384247031128,2.5680016719033167,2.590270011923729,0.022268340020412225,1641
llama,gsm8k,attn_entropy,11,0.3548387096774194,-0.1009189794779256,4.2126313091217845e-05,2.9661642985459125,3.002326252009416,0.03616195346350359,1641
llama,gsm8k,attn_entropy,12,0.3870967741935484,-0.10156142715558114,3.760796792856391e-05,2.767147035746008,2.7983194862488214,0.031172450502813476,1641
llama,gsm8k,attn_entropy,13,0.41935483870967744,-0.06785746374142264,0.005960782803212155,3.070753461136207,3.102315193613878,0.031561732477671356,1641
llama,gsm8k,attn_entropy,14,0.45161290322580644,-0.08821824300099387,0.0003463527653548035,2.804053742685715,2.8400612119652457,0.03600746927953091,1641
llama,gsm8k,attn_entropy,15,0.4838709677419355,-0.08006887167925973,0.0011692704732278294,2.4623213197294653,2.491172576827155,0.028851257097689764,1641
llama,gsm8k,attn_entropy,16,0.5161290322580645,-0.0161311932964953,0.5137516217958399,2.315541864972138,2.3214558404457915,0.0059139754736534655,1641
llama,gsm8k,attn_entropy,17,0.5483870967741935,-0.0765873692543893,0.0019047583577382204,2.3066857432012613,2.331089283853952,0.02440354065269057,1641
llama,gsm8k,attn_entropy,18,0.5806451612903226,-0.1147911263324069,3.1318473717016506e-06,1.7207341762512816,1.763991000684585,0.043256824433303365,1641
llama,gsm8k,attn_entropy,19,0.6129032258064516,-0.05363179931304321,0.02981853345966148,1.565999313810142,1.5788317329687545,0.01283241915861244,1641
llama,gsm8k,attn_entropy,20,0.6451612903225806,-0.08688073831369052,0.0004259570759404128,1.7710710788450565,1.795120586065351,0.02404950722029442,1641
llama,gsm8k,attn_entropy,21,0.6774193548387096,-0.10897607228701289,9.67294476226025e-06,1.49021968958471,1.5234486295344738,0.033228939949763836,1641
llama,gsm8k,attn_entropy,22,0.7096774193548387,-0.07627403240687505,0.0019884300952031056,1.6564992498764055,1.6767103612825403,0.02021111140613474,1641
llama,gsm8k,attn_entropy,23,0.7419354838709677,-0.1106327266259258,7.0547503264363696e-06,1.164637560176321,1.1909920734998243,0.026354513323503248,1641
llama,gsm8k,attn_entropy,24,0.7741935483870968,-0.025134532583594753,0.3088841728322889,1.1820505211205083,1.1886483846947722,0.00659786357426384,1641
llama,gsm8k,attn_entropy,25,0.8064516129032258,-0.00986504437821917,0.6896494515587722,1.0038295052228403,1.005826807783797,0.0019973025609567596,1641
llama,gsm8k,attn_entropy,26,0.8387096774193549,-0.01992702151464247,0.41984288922024166,1.6815581196893068,1.6890013631953045,0.0074432435059976765,1641
llama,gsm8k,attn_entropy,27,0.8709677419354839,-0.07120371194713687,0.003903270594424624,1.3993539097024132,1.4155458043276685,0.016191894625255276,1641
llama,gsm8k,attn_entropy,28,0.9032258064516129,0.0037385664631520285,0.8797140792035055,1.7111027467737268,1.7100120050144303,-0.0010907417592964652,1641
llama,gsm8k,attn_entropy,29,0.9354838709677419,-0.02990567664395291,0.22597035756005943,1.391596313919613,1.3986251135769596,0.007028799657346596,1641
llama,gsm8k,attn_entropy,30,0.967741935483871,-0.0375366399075276,0.1285214285147412,2.343509137229883,2.3586087560764653,0.015099618846582175,1641
llama,gsm8k,attn_entropy,31,1.0,-0.03792547395528412,0.12460838895281146,1.711469187607061,1.7221250427229322,0.010655855115871304,1641
llama,gsm8k,l2_norm,0,0.0,0.06773438676391148,0.0060523488057559124,1.0151508511406147,1.0067901889431796,-0.008360662197435031,1641
llama,gsm8k,l2_norm,1,0.03225806451612903,0.08393639920052463,0.0006649971055691947,1.5258157397126106,1.5145820495937083,-0.011233690118902295,1641
llama,gsm8k,l2_norm,2,0.06451612903225806,0.09369216092262021,0.00014418838282526908,2.2188107279612175,2.1973684779068168,-0.021442250054400702,1641
llama,gsm8k,l2_norm,3,0.0967741935483871,0.10131139085097232,3.930893328077602e-05,2.9200697343902897,2.8969624251099555,-0.02310730928033422,1641
llama,gsm8k,l2_norm,4,0.12903225806451613,0.07782661393696913,0.0016045282056556909,3.51513433987906,3.4976471612277886,-0.017487178651271584,1641
llama,gsm8k,l2_norm,5,0.16129032258064516,0.06425852984208179,0.009220378250493684,4.114487114299554,4.09984095235549,-0.014646161944064318,1641
llama,gsm8k,l2_norm,6,0.1935483870967742,0.01866234239670622,0.4499566081509537,4.577724377083791,4.573183150475155,-0.00454122660863554,1641
llama,gsm8k,l2_norm,7,0.22580645161290322,0.03855698557042695,0.11845174197968614,5.008271286669985,4.996926705909779,-0.01134458076020639,1641
llama,gsm8k,l2_norm,8,0.25806451612903225,0.07979703368583631,0.001215509770041982,5.33183914742536,5.306140288340765,-0.025698859084595682,1641
llama,gsm8k,l2_norm,9,0.2903225806451613,0.09891550922840153,5.97522068381505e-05,5.85843087427563,5.826245796167076,-0.03218507810855353,1641
llama,gsm8k,l2_norm,10,0.3225806451612903,0.10300191315249872,2.9090106922420917e-05,6.2623529425755295,6.231263736638168,-0.031089205937361974,1641
llama,gsm8k,l2_norm,11,0.3548387096774194,0.07398118775043437,0.0027109021105281576,6.7480062797373455,6.722098777973856,-0.02590750176348955,1641
llama,gsm8k,l2_norm,12,0.3870967741935484,0.16016320755113123,6.785845330106496e-11,7.22699476840704,7.165721146467455,-0.06127362193958508,1641
llama,gsm8k,l2_norm,13,0.41935483870967744,0.12346093232978855,5.25656309437504e-07,7.961742356709104,7.90572729103356,-0.056015065675544484,1641
llama,gsm8k,l2_norm,14,0.45161290322580644,0.08632705352517718,0.0004636597864857516,8.656090747041807,8.600248984478242,-0.05584176256356521,1641
llama,gsm8k,l2_norm,15,0.4838709677419355,0.02770701202585472,0.26196849976504927,9.541012696848664,9.518160699628613,-0.0228519972200516,1641
llama,gsm8k,l2_norm,16,0.5161290322580645,0.05736209816441036,0.020134128624808605,10.670553415964447,10.628339753132943,-0.04221366283150374,1641
llama,gsm8k,l2_norm,17,0.5483870967741935,-0.006671571841096405,0.7871160225609732,11.92245809330916,11.928943681979733,0.00648558867057325,1641
llama,gsm8k,l2_norm,18,0.5806451612903226,-0.029654180816542145,0.22989959734960236,13.226381786884245,13.264980926106542,0.038599139222297296,1641
llama,gsm8k,l2_norm,19,0.6129032258064516,-0.0320590501444727,0.1942762073961241,14.396117416984787,14.441971983683624,0.04585456669883747,1641
llama,gsm8k,l2_norm,20,0.6451612903225806,-0.04084867396729261,0.09809115173904186,15.498991722446442,15.566335530342352,0.06734380789590944,1641
llama,gsm8k,l2_norm,21,0.6774193548387096,-0.03690167651930865,0.1351156769321169,17.560401246801064,17.625997259259538,0.06559601245847446,1641
llama,gsm8k,l2_norm,22,0.7096774193548387,-0.055681920860616026,0.024091643963463062,19.311981585849654,19.428451479488903,0.11646989363924831,1641
llama,gsm8k,l2_norm,23,0.7419354838709677,-0.05778251552406207,0.019237361326125874,21.232563324127256,21.37287546285587,0.14031213872861414,1641
llama,gsm8k,l2_norm,24,0.7741935483870968,-0.057005129257094944,0.020923953460878254,23.314203793519937,23.461632907035508,0.14742911351557098,1641
llama,gsm8k,l2_norm,25,0.8064516129032258,-0.05083703892124095,0.03948150123727514,25.649293076865632,25.785367145834183,0.13607406896855068,1641
llama,gsm8k,l2_norm,26,0.8387096774193549,-0.05872239046732126,0.017357748454919327,28.707514439412233,28.885830598465837,0.17831615905360465,1641
llama,gsm8k,l2_norm,27,0.8709677419354839,-0.043536951384405165,0.07787659253465949,32.132558480818155,32.24847555797999,0.11591707716183208,1641
llama,gsm8k,l2_norm,28,0.9032258064516129,-0.04640680343944921,0.060178259125272665,36.05538284736388,36.183270452551824,0.12788760518794362,1641
llama,gsm8k,l2_norm,29,0.9354838709677419,-0.03505774850551641,0.15574817918317146,39.64176398984405,39.743953267706104,0.10218927786205256,1641
llama,gsm8k,l2_norm,30,0.967741935483871,-0.055084050493980394,0.025654119243561355,47.105481097654774,47.232168171954996,0.12668707430022152,1641
llama,gsm8k,l2_norm,31,1.0,0.05935782845838385,0.01617999504971069,140.35089503947597,140.16421440390107,-0.186680635574902,1641
llama,humaneval,attn_entropy,0,0.0,-0.04471360730650922,0.07025116005707491,3.5685982259624343,3.5924789145394804,0.023880688577046172,1640
llama,humaneval,attn_entropy,1,0.03225806451612903,-0.02778269372613138,0.2608126153407007,1.3967449452401264,1.400760869590894,0.004015924350767586,1640
llama,humaneval,attn_entropy,2,0.06451612903225806,0.035492931523953934,0.1508001534704295,0.9084322836219256,0.9026470081443269,-0.0057852754775987725,1640
llama,humaneval,attn_entropy,3,0.0967741935483871,-0.029883581571456836,0.22645537167294133,1.070398273704347,1.0750751492694384,0.004676875565091443,1640
llama,humaneval,attn_entropy,4,0.12903225806451613,-0.05285985884300222,0.03231232251514064,1.594658247568882,1.6054520175402485,0.010793769971366496,1640
llama,humaneval,attn_entropy,5,0.16129032258064516,-0.04709052903204892,0.05656919399171362,1.904491832734228,1.9189114730413885,0.014419640307160586,1640
llama,humaneval,attn_entropy,6,0.1935483870967742,-0.047374659452018256,0.055093047671178216,2.174912472174983,2.189329957350413,0.014417485175429956,1640
llama,humaneval,attn_entropy,7,0.22580645161290322,-0.006312437908935594,0.7983818239459837,2.5526320513923992,2.554771015432566,0.0021389640401667798,1640
llama,humaneval,attn_entropy,8,0.25806451612903225,-0.057601646937829695,0.019656157696821417,2.7997751177979397,2.820776388353068,0.021001270555128126,1640
llama,humaneval,attn_entropy,9,0.2903225806451613,-0.07575401117898711,0.0021414735924921275,2.8605352838337064,2.8915069865219185,0.030971702688212144,1640
llama,humaneval,attn_entropy,10,0.3225806451612903,-0.06659063235674141,0.0069830078222269925,2.659042720172071,2.6860571677405254,0.02701444756845417,1640
llama,humaneval,attn_entropy,11,0.3548387096774194,-0.08637488328527346,0.0004621348113663047,3.021106565332091,3.054141791400242,0.03303522606815079,1640
llama,humaneval,attn_entropy,12,0.3870967741935484,-0.029375888024877856,0.23444662093785162,2.8220313129253944,2.832374347409426,0.0103430344840314,1640
llama,humaneval,attn_entropy,13,0.41935483870967744,-0.0855392511182809,0.0005247537501921196,3.1938620632726407,3.230622031700539,0.036759968427898304,1640
llama,humaneval,attn_entropy,14,0.45161290322580644,-0.11936619869102956,1.2495292310151097e-06,2.82152009076306,2.8671928791252923,0.0456727883622321,1640
llama,humaneval,attn_entropy,15,0.4838709677419355,-0.11903423816458479,1.3379000998929247e-06,2.5052807485110495,2.5425190757759957,0.037238327264946136,1640
llama,humaneval,attn_entropy,16,0.5161290322580645,-0.026590815126112926,0.2818310351806097,2.2486816434750367,2.256028546783497,0.0073469033084601065,1640
llama,humaneval,attn_entropy,17,0.5483870967741935,-0.0467857879381824,0.058188823180435306,2.2374492820590137,2.252399749296464,0.014950467237450304,1640
llama,humaneval,attn_entropy,18,0.5806451612903226,0.0055926641919334325,0.820956649874148,1.5741476938154457,1.5725765792153432,-0.0015711146001025078,1640
llama,humaneval,attn_entropy,19,0.6129032258064516,-0.01167783525099622,0.6365186944019662,1.5563217565311058,1.558707759092991,0.0023860025618851477,1640
llama,humaneval,attn_entropy,20,0.6451612903225806,-0.008126336606724691,0.742272046760282,1.678574982646748,1.6808455111687142,0.0022705285219661864,1640
llama,humaneval,attn_entropy,21,0.6774193548387096,0.05318239819393129,0.03127116367052627,1.3811289138128717,1.36603976775774,-0.015089146055131675,1640
llama,humaneval,attn_entropy,22,0.7096774193548387,0.12301618282933337,5.823898882967495e-07,1.5355183249944773,1.4954963251419569,-0.04002199985252042,1640
llama,humaneval,attn_entropy,23,0.7419354838709677,0.11555590254032706,2.7079298999655478e-06,0.9468572749026929,0.9223828603762371,-0.024474414526455823,1640
llama,humaneval,attn_entropy,24,0.7741935483870968,0.15993183222438676,7.32841937122845e-11,1.1047605780659666,1.0551235898484135,-0.049636988217553135,1640
llama,humaneval,attn_entropy,25,0.8064516129032258,0.1622390509872231,3.869197229937217e-11,1.0284846182440799,0.9883137834709818,-0.04017083477309813,1640
llama,humaneval,attn_entropy,26,0.8387096774193549,0.12959538654944586,1.3909890706728086e-07,1.547485287655492,1.4932121351150451,-0.054273152540446956,1640
llama,humaneval,attn_entropy,27,0.8709677419354839,0.1332750847472574,6.050668858406427e-08,1.3854075389134095,1.3512765353594594,-0.03413100355395016,1640
llama,humaneval,attn_entropy,28,0.9032258064516129,0.12482060949503987,3.9606790730296024e-07,1.6630377777870098,1.6230211287258758,-0.040016649061134,1640
llama,humaneval,attn_entropy,29,0.9354838709677419,0.16654753304908404,1.1451156939370323e-11,1.3776308952731182,1.3274614770416324,-0.050169418231485796,1640
llama,humaneval,attn_entropy,30,0.967741935483871,0.13241009128108605,7.37349945424399e-08,2.3404827307099483,2.2782515433924737,-0.06223118731747457,1640
llama,humaneval,attn_entropy,31,1.0,0.15959022317340463,8.048958993580592e-11,1.7290706793803094,1.6730216525420243,-0.056049026838285165,1640
llama,humaneval,l2_norm,0,0.0,-0.030511143220481873,0.21684817203641538,1.0436693127869976,1.047250757936829,0.003581445149831497,1640
llama,humaneval,l2_norm,1,0.03225806451612903,0.026111975266284223,0.2905899450777169,1.529561235214541,1.5265150703347432,-0.003046164879797697,1640
llama,humaneval,l2_norm,2,0.06451612903225806,0.0044905354308918755,0.8558063270317368,2.2065124133493894,2.2058406955323355,-0.0006717178170538851,1640
llama,humaneval,l2_norm,3,0.0967741935483871,-0.0005270931945606283,0.9829829123317521,2.940293955840342,2.9403761625700833,8.220672974124099e-05,1640
llama,humaneval,l2_norm,4,0.12903225806451613,0.0194105499273351,0.4321358449184614,3.541157017414639,3.538119974768403,-0.0030370426462362765,1640
llama,humaneval,l2_norm,5,0.16129032258064516,-0.008539468242408138,0.7296698558584196,4.142495301298453,4.144183487749826,0.0016881864513731415,1640
llama,humaneval,l2_norm,6,0.1935483870967742,-0.05228134551588602,0.034254186680968704,4.627591547164494,4.640121373296732,0.012529826132237964,1640
llama,humaneval,l2_norm,7,0.22580645161290322,-0.06913259776121192,0.005096447557892419,5.118030746367642,5.1392219499035185,0.021191203535876113,1640
llama,humaneval,l2_norm,8,0.25806451612903225,0.006183858105705203,0.8024028224430677,5.460393789700693,5.458552208344131,-0.0018415813565617611,1640
llama,humaneval,l2_norm,9,0.2903225806451613,-0.014746716495111183,0.5506585394283463,5.966314080965836,5.971526679458839,0.005212598493002929,1640
llama,humaneval,l2_norm,10,0.3225806451612903,-0.05219243312092924,0.03456129596821577,6.496419729278458,6.512623311781846,0.016203582503388603,1640
llama,humaneval,l2_norm,11,0.3548387096774194,-0.05977649222486677,0.015474350848946087,6.874039857723149,6.893680953794132,0.01964109607098319,1640
llama,humaneval,l2_norm,12,0.3870967741935484,0.002336571220525166,0.9246707533477518,7.346834761787028,7.3460698924736585,-0.0007648693133699425,1640
llama,humaneval,l2_norm,13,0.41935483870967744,0.03319120720962293,0.17911441633326855,8.122481892540586,8.110850976854705,-0.011630915685881149,1640
llama,humaneval,l2_norm,14,0.45161290322580644,0.07245654499548211,0.0033259374443178696,8.663655432827252,8.633162417451283,-0.030493015375968824,1640
llama,humaneval,l2_norm,15,0.4838709677419355,0.002232356599897284,0.9280212182219707,9.53267566319036,9.531475494966969,-0.001200168223391529,1640
llama,humaneval,l2_norm,16,0.5161290322580645,0.045530406861063515,0.06527193448780627,10.675175966146194,10.648838366758902,-0.026337599387291633,1640
llama,humaneval,l2_norm,17,0.5483870967741935,0.05328235638381692,0.03095439219923709,11.888071581002526,11.848473839847983,-0.03959774115454273,1640
llama,humaneval,l2_norm,18,0.5806451612903226,0.07182151207861051,0.0036132405158126987,13.170703714535746,13.108621920998642,-0.062081793537103636,1640
llama,humaneval,l2_norm,19,0.6129032258064516,0.06728768657456906,0.006411559787688398,14.352637514780406,14.28639213184965,-0.06624538293075588,1640
llama,humaneval,l2_norm,20,0.6451612903225806,0.059981587933179606,0.015123643094847664,15.494750816943116,15.42330356029782,-0.07144725664529616,1640
llama,humaneval,l2_norm,21,0.6774193548387096,0.06125954018713811,0.013091835806741193,17.563714997097822,17.479283130144886,-0.08443186695293647,1640
llama,humaneval,l2_norm,22,0.7096774193548387,0.06947079967509627,0.004883664125297112,19.233291180340466,19.11874241884861,-0.11454876149185722,1640
llama,humaneval,l2_norm,23,0.7419354838709677,0.07410711995449587,0.002673753239218556,21.009601181779804,20.86864381958307,-0.14095736219673327,1640
llama,humaneval,l2_norm,24,0.7741935483870968,0.06906584878682033,0.005139419690163424,23.057926864043043,22.917065460676355,-0.14086140336668862,1640
llama,humaneval,l2_norm,25,0.8064516129032258,0.05265273680950257,0.03299644463957577,25.520407477621596,25.40342874650331,-0.11697873111828727,1640
llama,humaneval,l2_norm,26,0.8387096774193549,0.05190626630655768,0.03556573680800018,28.33004837212871,28.21019981284931,-0.11984855927940075,1640
llama,humaneval,l2_norm,27,0.8709677419354839,0.03805417229072116,0.12344839593767208,32.32738308483529,32.241927107642226,-0.08545597719306386,1640
llama,humaneval,l2_norm,28,0.9032258064516129,0.05594000652209912,0.023485426116759366,36.21807517307106,36.08370663243236,-0.13436854063869674,1640
llama,humaneval,l2_norm,29,0.9354838709677419,0.06114611383471014,0.013261874146760801,39.7505705015466,39.58204577429261,-0.16852472725398826,1640
llama,humaneval,l2_norm,30,0.967741935483871,0.029137271558180765,0.23827067297495286,48.398470270749456,48.31207629713928,-0.08639397361017842,1640
llama,humaneval,l2_norm,31,1.0,0.10978270547462265,8.352439012588033e-06,139.79721234655773,139.3227390952824,-0.47447325127532736,1640
mistral7b,gsm8k,attn_entropy,0,0.0,-0.24006323682314035,1.0239325468000317e-08,2.3044618073581487,2.3970585751838933,0.09259676782574466,555
mistral7b,gsm8k,attn_entropy,1,0.03225806451612903,-0.18902257105760067,7.342282945844339e-06,1.3260361032117198,1.3525348003864233,0.026498697174703434,555
mistral7b,gsm8k,attn_entropy,2,0.06451612903225806,-0.2468140766674896,3.795883144086322e-09,1.3822888853884476,1.4141261162619503,0.03183723087350265,555
mistral7b,gsm8k,attn_entropy,3,0.0967741935483871,-0.18085081169708017,1.816320026777443e-05,1.27376684100273,1.2868456762437854,0.013078835241055353,555
mistral7b,gsm8k,attn_entropy,4,0.12903225806451613,-0.22994946226437535,4.286554256658307e-08,1.581482803630344,1.6093316855663347,0.027848881935990555,555
mistral7b,gsm8k,attn_entropy,5,0.16129032258064516,-0.18769536920195315,8.528734683101887e-06,1.7092075851924784,1.7384085940157024,0.029201008823223962,555
mistral7b,gsm8k,attn_entropy,6,0.1935483870967742,-0.19191928624244572,5.275545308658673e-06,1.8896315026948107,1.9137190137160083,0.02408751102119755,555
mistral7b,gsm8k,attn_entropy,7,0.22580645161290322,-0.23833314678754114,1.3141931364252395e-08,2.276535771340071,2.3306408697747374,0.05410509843466649,555
mistral7b,gsm8k,attn_entropy,8,0.25806451612903225,-0.18043214022986245,1.9005779283708793e-05,2.390164471144071,2.42620644128213,0.03604197013805921,555
mistral7b,gsm8k,attn_entropy,9,0.2903225806451613,-0.20621069756070645,9.593100325523875e-07,2.6175863118633305,2.676810600991,0.05922428912766975,555
mistral7b,gsm8k,attn_entropy,10,0.3225806451612903,-0.1808664952126771,1.8132337256761836e-05,2.675663735818882,2.7106176873138317,0.03495395149494973,555
mistral7b,gsm8k,attn_entropy,11,0.3548387096774194,-0.19144531599441472,5.570655239413269e-06,2.59042663277524,2.6415122291546296,0.051085596379389475,555
mistral7b,gsm8k,attn_entropy,12,0.3870967741935484,-0.18611367880466392,1.0181685025167699e-05,2.668527599690713,2.716932951489708,0.048405351798994634,555
mistral7b,gsm8k,attn_entropy,13,0.41935483870967744,-0.1710843887333258,5.093368404030567e-05,2.952509421147581,2.9930789474364463,0.040569526288865454,555
mistral7b,gsm8k,attn_entropy,14,0.45161290322580644,-0.19745273182747436,2.7667662381410014e-06,2.716698687429974,2.773527580492611,0.056828893062637054,555
mistral7b,gsm8k,attn_entropy,15,0.4838709677419355,-0.20803484222381352,7.648886974780433e-07,2.616847375390357,2.668609653249301,0.05176227785894394,555
mistral7b,gsm8k,attn_entropy,16,0.5161290322580645,-0.25493632073678196,1.1058850888747437e-09,2.801098845706091,2.8718714913632595,0.07077264565716845,555
mistral7b,gsm8k,attn_entropy,17,0.5483870967741935,-0.1526378030516974,0.0003074157787296176,2.4044791968761046,2.4312870802490125,0.02680788337290796,555
mistral7b,gsm8k,attn_entropy,18,0.5806451612903226,-0.15576440010832995,0.00022978184174779105,2.3836922462888492,2.417138611345104,0.033446365056254646,555
mistral7b,gsm8k,attn_entropy,19,0.6129032258064516,-0.2369141211395217,1.6104089619124285e-08,2.3261180213227775,2.3745379674296996,0.04841994610692213,555
mistral7b,gsm8k,attn_entropy,20,0.6451612903225806,-0.20655204196093638,9.196451055952382e-07,2.3003110429068894,2.350793899425272,0.05048285651838258,555
mistral7b,gsm8k,attn_entropy,21,0.6774193548387096,-0.17551595969226977,3.212166868895336e-05,1.9346731809773743,1.9661291648160082,0.031455983838633905,555
mistral7b,gsm8k,attn_entropy,22,0.7096774193548387,-0.22149045904620415,1.3507657669800942e-07,1.5369046922153557,1.567346794674438,0.030442102459082188,555
mistral7b,gsm8k,attn_entropy,23,0.7419354838709677,-0.25179904074255094,1.7898595796587157e-09,1.4970506556623777,1.5330888516529688,0.036038195990591104,555
mistral7b,gsm8k,attn_entropy,24,0.7741935483870968,-0.22076424546150025,1.4875301881444245e-07,1.5459783842974635,1.576044988512695,0.03006660421523155,555
mistral7b,gsm8k,attn_entropy,25,0.8064516129032258,-0.23888980970782492,1.2130429557747308e-08,1.573281051559736,1.6037515297727292,0.0304704782129932,555
mistral7b,gsm8k,attn_entropy,26,0.8387096774193549,-0.14755921666341124,0.00048749305022703285,1.755747747162434,1.781060251645886,0.025312504483451903,555
mistral7b,gsm8k,attn_entropy,27,0.8709677419354839,-0.27612809990079884,3.60154312099364e-11,1.5933458570203678,1.6278401195916625,0.03449426257129473,555
mistral7b,gsm8k,attn_entropy,28,0.9032258064516129,-0.26226137731369237,3.5031327778596313e-10,2.0320421386527783,2.0864528108726645,0.05441067221988627,555
mistral7b,gsm8k,attn_entropy,29,0.9354838709677419,-0.19542668174358732,3.511772392501329e-06,1.9042665249673396,1.9345895746830333,0.030323049715693662,555
mistral7b,gsm8k,attn_entropy,30,0.967741935483871,-0.22521581524712556,8.193322480355164e-08,2.3049710477017435,2.3618073197072706,0.0568362720055271,555
mistral7b,gsm8k,attn_entropy,31,1.0,-0.2452165546747805,4.813420302959409e-09,2.532097440447973,2.602072952062904,0.06997551161493076,555
mistral7b,gsm8k,l2_norm,0,0.0,0.1527244194425386,0.00030496951616097625,0.2655911275627681,0.2637748396429603,-0.001816287919807813,555
mistral7b,gsm8k,l2_norm,1,0.03225806451612903,0.24888408705655662,2.783509463094759e-09,0.45455130379962455,0.448968471659882,-0.005582832139742533,555
mistral7b,gsm8k,l2_norm,2,0.06451612903225806,0.1714561298560411,4.902310412013693e-05,0.6705678943055685,0.665718511414334,-0.004849382891234488,555
mistral7b,gsm8k,l2_norm,3,0.0967741935483871,0.138188264299724,0.0010991654950318955,0.8239709491639645,0.8194940505064471,-0.004476898657517436,555
mistral7b,gsm8k,l2_norm,4,0.12903225806451613,0.07553664308894648,0.07539496397452139,1.041777061292654,1.038572371595963,-0.0032046896966910765,555
mistral7b,gsm8k,l2_norm,5,0.16129032258064516,0.07976521698950995,0.06039481056829769,1.2914675045548896,1.2878587630155258,-0.0036087415393637468,555
mistral7b,gsm8k,l2_norm,6,0.1935483870967742,0.08744034796591149,0.03946941081147096,1.557968557740587,1.553309131898745,-0.00465942584184198,555
mistral7b,gsm8k,l2_norm,7,0.22580645161290322,0.0713631170864629,0.09304392617980539,1.797638394558398,1.7935967810692928,-0.004041613489105256,555
mistral7b,gsm8k,l2_norm,8,0.25806451612903225,0.033374439739361356,0.43263205675117816,1.9965988789145803,1.9943272707324815,-0.0022716081820988165,555
mistral7b,gsm8k,l2_norm,9,0.2903225806451613,0.11336135536778144,0.007512757466516038,2.3501048523310195,2.3419102541376677,-0.008194598193351776,555
mistral7b,gsm8k,l2_norm,10,0.3225806451612903,0.05244302834083101,0.21737462726405857,2.595158904160843,2.5908879228341766,-0.00427098132666659,555
mistral7b,gsm8k,l2_norm,11,0.3548387096774194,0.14716760090851702,0.0005048343233671243,2.9571100979898324,2.944988185457497,-0.012121912532335521,555
mistral7b,gsm8k,l2_norm,12,0.3870967741935484,0.14329953658973318,0.0007097329989336625,3.350541728173455,3.3381525268842043,-0.012389201289250806,555
mistral7b,gsm8k,l2_norm,13,0.41935483870967744,0.15140535217337941,0.00034426883880216515,3.7298991305475,3.713646163740288,-0.016252966807211777,555
mistral7b,gsm8k,l2_norm,14,0.45161290322580644,0.21910254535667886,1.8525509072181271e-07,4.149931141274459,4.12306220987205,-0.02686893140240887,555
mistral7b,gsm8k,l2_norm,15,0.4838709677419355,0.22984459670938667,4.349183610446424e-08,4.809430284981373,4.774931889943266,-0.034498395038106366,555
mistral7b,gsm8k,l2_norm,16,0.5161290322580645,0.23736233423242872,1.5104752521848918e-08,5.571035578513217,5.527298273625139,-0.043737304888078476,555
mistral7b,gsm8k,l2_norm,17,0.5483870967741935,0.21003206264672486,5.955131055638074e-07,6.380383135523651,6.336980811128596,-0.0434023243950552,555
mistral7b,gsm8k,l2_norm,18,0.5806451612903226,0.24898539312559417,2.741374275912132e-09,7.3980808034192505,7.334504045392591,-0.06357675802665952,555
mistral7b,gsm8k,l2_norm,19,0.6129032258064516,0.22155548966084007,1.3391286599384184e-07,8.716966427448344,8.649229584731236,-0.06773684271710856,555
mistral7b,gsm8k,l2_norm,20,0.6451612903225806,0.1501866522221888,0.00038473012356360874,9.93007303052627,9.872394727739787,-0.057678302786483115,555
mistral7b,gsm8k,l2_norm,21,0.6774193548387096,0.14148006780245304,0.0008306874661220348,10.926905164575397,10.862210258112809,-0.06469490646258791,555
mistral7b,gsm8k,l2_norm,22,0.7096774193548387,0.1484289221394716,0.00045094377019426214,11.889540705616094,11.814278127278508,-0.0752625783375862,555
mistral7b,gsm8k,l2_norm,23,0.7419354838709677,0.09954980542412548,0.018987316183467825,12.813765509005602,12.757527078750291,-0.056238430255310945,555
mistral7b,gsm8k,l2_norm,24,0.7741935483870968,0.11400169409737522,0.007179183725157846,13.98981316684432,13.920867683530544,-0.06894548331377592,555
mistral7b,gsm8k,l2_norm,25,0.8064516129032258,0.11710098558277723,0.0057447649674066195,15.33993377797368,15.261361745752648,-0.07857203222103237,555
mistral7b,gsm8k,l2_norm,26,0.8387096774193549,0.1189206294926051,0.005028091455249208,16.70181573808643,16.62099113685375,-0.0808246012326812,555
mistral7b,gsm8k,l2_norm,27,0.8709677419354839,0.1453398696064736,0.000593617843118061,18.357798010562636,18.25315142011517,-0.10464659044746583,555
mistral7b,gsm8k,l2_norm,28,0.9032258064516129,0.11978379713613994,0.004717194820069213,20.544904795179356,20.45314654781392,-0.09175824736543703,555
mistral7b,gsm8k,l2_norm,29,0.9354838709677419,0.17708526759882082,2.7208948747290665e-05,23.876416403391023,23.71205062623268,-0.16436577715834133,555
mistral7b,gsm8k,l2_norm,30,0.967741935483871,0.16795248618025188,7.006787546245594e-05,27.138121044234055,26.967977410620506,-0.17014363361354867,555
mistral7b,gsm8k,l2_norm,31,1.0,-0.0908462155311693,0.03237125932064247,359.8015416075638,360.3005371223451,0.4989955147812566,555
mistral7b,humaneval,attn_entropy,0,0.0,-0.08711970238105314,0.00041226361066082465,2.326514150535284,2.437252784471775,0.11073863393649086,1640
mistral7b,humaneval,attn_entropy,1,0.03225806451612903,-0.09268069899102575,0.0001709265893657499,1.23641353137261,1.2759522250854836,0.03953869371287366,1640
mistral7b,humaneval,attn_entropy,2,0.06451612903225806,-0.06731957061159087,0.006386456440927829,1.5266006179005076,1.55304119140708,0.026440573506572473,1640
mistral7b,humaneval,attn_entropy,3,0.0967741935483871,-0.018112130776838934,0.46356680949294715,1.4547444269510947,1.4608045724304235,0.00606014547932876,1640
mistral7b,humaneval,attn_entropy,4,0.12903225806451613,-0.04852568600058323,0.049437429099561336,1.6856415374384344,1.712215820979461,0.026574283541026533,1640
mistral7b,humaneval,attn_entropy,5,0.16129032258064516,-0.06429010618043031,0.009207284313478233,1.8262742413492898,1.8647076186964913,0.038433377347201425,1640
mistral7b,humaneval,attn_entropy,6,0.1935483870967742,-0.06198491806745331,0.012049260284019954,2.073089025350536,2.1133659831182263,0.04027695776769047,1640
mistral7b,humaneval,attn_entropy,7,0.22580645161290322,-0.04261041517189701,0.0845170066556029,2.4587427945763234,2.4975222808514324,0.038779486275108965,1640
mistral7b,humaneval,attn_entropy,8,0.25806451612903225,-0.05201718969742264,0.035173482659783026,2.526465021880905,2.572224486044617,0.045759464163711794,1640
mistral7b,humaneval,attn_entropy,9,0.2903225806451613,-0.06673456757116301,0.0068613964115307674,2.684435795405376,2.7606571404531173,0.07622134504774136,1640
mistral7b,humaneval,attn_entropy,10,0.3225806451612903,-0.06421520623753021,0.009289291143830883,2.663554075924039,2.713032643431717,0.04947856750767787,1640
mistral7b,humaneval,attn_entropy,11,0.3548387096774194,-0.0732020863697302,0.0030152562680293557,2.60528767217535,2.6877390698790755,0.08245139770372534,1640
mistral7b,humaneval,attn_entropy,12,0.3870967741935484,-0.06405807390916154,0.009463452104838338,2.6530506917983936,2.7241876618840024,0.07113697008560882,1640
mistral7b,humaneval,attn_entropy,13,0.41935483870967744,-0.058003480386767975,0.018816383273235315,2.949900069972647,3.0033534525538763,0.053453382581229114,1640
mistral7b,humaneval,attn_entropy,14,0.45161290322580644,-0.07188652868097029,0.0035828222867534286,2.8156143979644757,2.8984105831908713,0.08279618522639565,1640
mistral7b,humaneval,attn_entropy,15,0.4838709677419355,-0.07269526554215665,0.003223424662895898,2.654441893435999,2.7421830636968565,0.0877411702608577,1640
mistral7b,humaneval,attn_entropy,16,0.5161290322580645,-0.0690636259599888,0.005140856329736035,2.6258254595557124,2.704209331519385,0.07838387196367247,1640
mistral7b,humaneval,attn_entropy,17,0.5483870967741935,-0.07151750089271139,0.003758610674892476,2.398947415300457,2.4553929141812594,0.056445498880802525,1640
mistral7b,humaneval,attn_entropy,18,0.5806451612903226,-0.07954398593417975,0.0012644025430395254,2.3804455067301094,2.4548382016805643,0.07439269495045497,1640
mistral7b,humaneval,attn_entropy,19,0.6129032258064516,-0.07103903344230354,0.0039981836614004194,2.262078031053571,2.319768594205468,0.057690563151897134,1640
mistral7b,humaneval,attn_entropy,20,0.6451612903225806,-0.05076684071931925,0.039815457209974675,2.2250650371545766,2.2767123230007043,0.051647285846127655,1640
mistral7b,humaneval,attn_entropy,21,0.6774193548387096,-0.06673708533210931,0.0068592861700265545,1.8429040581745884,1.884627844679109,0.04172378650452058,1640
mistral7b,humaneval,attn_entropy,22,0.7096774193548387,-0.05616338205732016,0.022935651549953903,1.6314793578854097,1.6590346748052174,0.027555316919807726,1640
mistral7b,humaneval,attn_entropy,23,0.7419354838709677,-0.04066677326214638,0.09970115831093979,1.499250193122954,1.5164495908186504,0.01719939769569634,1640
mistral7b,humaneval,attn_entropy,24,0.7741935483870968,-0.05377832994637125,0.02942302747132795,1.5013112320802036,1.5285002756136825,0.02718904353347895,1640
mistral7b,humaneval,attn_entropy,25,0.8064516129032258,-0.04679873877920168,0.0581192175963972,1.513896622698656,1.535996353023729,0.022099730325072953,1640
mistral7b,humaneval,attn_entropy,26,0.8387096774193549,-0.06696218269446796,0.006672960585452041,1.7317935796581905,1.770452160161379,0.03865858050318849,1640
mistral7b,humaneval,attn_entropy,27,0.8709677419354839,-0.06791490048941858,0.005933679663274537,1.6108663978836992,1.637841850894745,0.026975453011045758,1640
mistral7b,humaneval,attn_entropy,28,0.9032258064516129,-0.07090627887633136,0.004067066541571618,1.8798388104889614,1.9285431326568065,0.04870432216784515,1640
mistral7b,humaneval,attn_entropy,29,0.9354838709677419,-0.05601848362875023,0.023290989017239732,1.6501365288983272,1.6800612413119627,0.02992471241363548,1640
mistral7b,humaneval,attn_entropy,30,0.967741935483871,-0.07281858552398482,0.0031716023847184246,2.062777589714447,2.1332167094739742,0.0704391197595271,1640
mistral7b,humaneval,attn_entropy,31,1.0,-0.08043601372785569,0.0011132965715502988,2.292479886146628,2.369243379276908,0.0767634931302803,1640
mistral7b,humaneval,l2_norm,0,0.0,0.0006005001981252275,0.9806134209132459,0.2810395774412497,0.28102127668662247,-1.8300754627220694e-05,1640
mistral7b,humaneval,l2_norm,1,0.03225806451612903,0.05678123697381111,0.02147276698100655,0.47932224880001884,0.47406076583834755,-0.005261482961671282,1640
mistral7b,humaneval,l2_norm,2,0.06451612903225806,0.0648732190910414,0.008590606482618494,0.6922826768707994,0.685278545470296,-0.007004131400503377,1640
mistral7b,humaneval,l2_norm,3,0.0967741935483871,0.04998623683393477,0.042969106333275525,0.8389681166855519,0.8315357382461032,-0.007432378439448772,1640
mistral7b,humaneval,l2_norm,4,0.12903225806451613,0.038212188621678744,0.12189682897342702,1.0359695394637352,1.0294360232941842,-0.006533516169551001,1640
mistral7b,humaneval,l2_norm,5,0.16129032258064516,0.035058667263616144,0.15586358590354318,1.277791855709936,1.2717409402117725,-0.0060509154981633895,1640
mistral7b,humaneval,l2_norm,6,0.1935483870967742,0.0468579430156512,0.05780189820457733,1.5641389491572535,1.5558720558029144,-0.008266893354339055,1640
mistral7b,humaneval,l2_norm,7,0.22580645161290322,0.06937019054731283,0.0049461087451568445,1.8628265542283238,1.8466170457433042,-0.016209508485019564,1640
mistral7b,humaneval,l2_norm,8,0.25806451612903225,0.058783411871477675,0.017275531538455523,2.0764478660849615,2.0599193263722326,-0.01652853971272883,1640
mistral7b,humaneval,l2_norm,9,0.2903225806451613,0.06945838162562702,0.004891332843712546,2.384140046040052,2.364046370506513,-0.020093675533539024,1640
mistral7b,humaneval,l2_norm,10,0.3225806451612903,0.058781109900207275,0.017279911602000136,2.61120959442402,2.5927909223621475,-0.01841867206187242,1640
mistral7b,humaneval,l2_norm,11,0.3548387096774194,0.04590014035638549,0.06311560889459246,2.896033384640674,2.880741824015652,-0.015291560625021905,1640
mistral7b,humaneval,l2_norm,12,0.3870967741935484,0.014309542567365293,0.5625351183207781,3.2690659220943985,3.2650082054663034,-0.004057716628095065,1640
mistral7b,humaneval,l2_norm,13,0.41935483870967744,0.007516126948972245,0.7610119698891068,3.651442599430896,3.6491534912704053,-0.0022891081604905494,1640
mistral7b,humaneval,l2_norm,14,0.45161290322580644,0.004986512004811645,0.8400843167276504,4.053984645568106,4.0518468688875675,-0.0021377766805388276,1640
mistral7b,humaneval,l2_norm,15,0.4838709677419355,-0.01040899257555572,0.6735929228360941,4.610495410807388,4.6155674315420905,0.005072020734702143,1640
mistral7b,humaneval,l2_norm,16,0.5161290322580645,-0.0005454641060810544,0.9823899061064604,5.353252586673311,5.353545071476117,0.0002924848028058591,1640
mistral7b,humaneval,l2_norm,17,0.5483870967741935,0.00476253213556337,0.8471767789849,6.067912822328738,6.064793797852938,-0.0031190244757999253,1640
mistral7b,humaneval,l2_norm,18,0.5806451612903226,0.0063369484301343685,0.7976159236515227,7.08247911795815,7.076766671305987,-0.0057124466521631945,1640
mistral7b,humaneval,l2_norm,19,0.6129032258064516,0.03891774452396486,0.11515406726643458,8.651870655515573,8.6117806665086,-0.04008998900697236,1640
mistral7b,humaneval,l2_norm,20,0.6451612903225806,0.025235781985423113,0.3070864126878298,9.829863649758833,9.798099013388514,-0.03176463637031901,1640
mistral7b,humaneval,l2_norm,21,0.6774193548387096,0.02850776069950194,0.24856963927946674,10.863920500412709,10.82181773613146,-0.042102764281249705,1640
mistral7b,humaneval,l2_norm,22,0.7096774193548387,0.026529021596562088,0.2829511938120843,11.739175546912987,11.695215084510869,-0.043960462402118594,1640
mistral7b,humaneval,l2_norm,23,0.7419354838709677,0.030962998945520848,0.2101146269573543,12.709636554514903,12.653806611981084,-0.05582994253381912,1640
mistral7b,humaneval,l2_norm,24,0.7741935483870968,0.03226744303978098,0.1915268488393567,13.85194165285118,13.791428831073167,-0.06051282177801198,1640
mistral7b,humaneval,l2_norm,25,0.8064516129032258,0.03879991592335427,0.1162592693332624,15.112944279595926,15.037833489166161,-0.07511079042976476,1640
mistral7b,humaneval,l2_norm,26,0.8387096774193549,0.023546102012893522,0.34061564543013956,16.42317876330767,16.378873747766647,-0.04430501554102406,1640
mistral7b,humaneval,l2_norm,27,0.8709677419354839,0.027886732007846946,0.2590307389070766,18.096679077588043,18.04342833378524,-0.0532507438028027,1640
mistral7b,humaneval,l2_norm,28,0.9032258064516129,0.017029227723629796,0.49072553469059804,20.222120189386768,20.188717564010577,-0.03340262537619054,1640
mistral7b,humaneval,l2_norm,29,0.9354838709677419,0.031137032630681145,0.2075619326672144,23.31282706264538,23.237391822287417,-0.07543524035796167,1640
mistral7b,humaneval,l2_norm,30,0.967741935483871,0.027789056818719633,0.26070339128019215,27.29188391121221,27.208987228226345,-0.08289668298586506,1640
mistral7b,humaneval,l2_norm,31,1.0,-0.034413209711883254,0.16362621220054832,359.14253479520727,360.118309097185,0.9757743019777081,1640
mixtral,gsm8k,attn_entropy,0,0.0,-0.13251071323330507,0.0002538126777703746,2.3814312870543186,2.4347491965517243,0.05331790949740567,758
mixtral,gsm8k,attn_entropy,1,0.03225806451612903,-0.14305631646702172,7.735704633172117e-05,2.17356610056665,2.206721804652033,0.03315570408538315,758
mixtral,gsm8k,attn_entropy,2,0.06451612903225806,-0.07185015954057004,0.047990126536376944,1.1266022154948314,1.1390148266304734,0.01241261113564196,758
mixtral,gsm8k,attn_entropy,3,0.0967741935483871,-0.11091233654872774,0.002228074092861074,1.3317812503604454,1.3440688747799008,0.012287624419455412,758
mixtral,gsm8k,attn_entropy,4,0.12903225806451613,-0.1172549716025568,0.0012203740919118071,1.8738163852463838,1.8917104300648686,0.017894044818484778,758
mixtral,gsm8k,attn_entropy,5,0.16129032258064516,-0.12797064869537164,0.00041246152524868345,1.6852214653417317,1.70711557605067,0.02189411070893832,758
mixtral,gsm8k,attn_entropy,6,0.1935483870967742,-0.12534744289797653,0.0005421918081871778,1.8968503933046865,1.9154366568395458,0.01858626353485926,758
mixtral,gsm8k,attn_entropy,7,0.22580645161290322,-0.13610113078005798,0.00017098501076087832,2.4578059146949833,2.493376542558788,0.03557062786380483,758
mixtral,gsm8k,attn_entropy,8,0.25806451612903225,-0.14301651738854368,7.7717117461141e-05,2.2718485538074646,2.3006759417961837,0.02882738798871909,758
mixtral,gsm8k,attn_entropy,9,0.2903225806451613,-0.12394271639282187,0.0006263739351027002,2.698003629406363,2.739301070628514,0.041297441222150955,758
mixtral,gsm8k,attn_entropy,10,0.3225806451612903,-0.07779319985119024,0.03223388219350059,2.6183584886591107,2.637305314907889,0.018946826248778414,758
mixtral,gsm8k,attn_entropy,11,0.3548387096774194,-0.11808347937977885,0.0011256186460080655,2.561360850306503,2.595200212172568,0.033839361866065065,758
mixtral,gsm8k,attn_entropy,12,0.3870967741935484,-0.11034473386006498,0.0023480101703450616,2.4551160789309727,2.484897428910062,0.0297813499790891,758
mixtral,gsm8k,attn_entropy,13,0.41935483870967744,-0.08965180608521343,0.013542466690243293,2.785572969825605,2.808375804711621,0.02280283488601631,758
mixtral,gsm8k,attn_entropy,14,0.45161290322580644,-0.10245157814127757,0.0047509258298557636,2.6654448512644566,2.6978530239597043,0.03240817269524765,758
mixtral,gsm8k,attn_entropy,15,0.4838709677419355,-0.10851016493492778,0.0027771356667981996,2.5386976355219986,2.5698413309934516,0.031143695471453015,758
mixtral,gsm8k,attn_entropy,16,0.5161290322580645,-0.12095297290683546,0.0008474425245266343,2.5380199174262286,2.5732773522337085,0.03525743480747989,758
mixtral,gsm8k,attn_entropy,17,0.5483870967741935,-0.10931843494972503,0.0025799533522350895,2.1753177453605255,2.1995981464105814,0.02428040105005591,758
mixtral,gsm8k,attn_entropy,18,0.5806451612903226,-0.0986251790972651,0.0065782075858353585,2.0820536736756674,2.108034195026015,0.025980521350347452,758
mixtral,gsm8k,attn_entropy,19,0.6129032258064516,-0.11285116262123322,0.001859417776131633,2.167222461710581,2.190636673883507,0.02341421217292572,758
mixtral,gsm8k,attn_entropy,20,0.6451612903225806,-0.11281894245894299,0.0018650573286895877,2.1429428658098666,2.171730945167029,0.02878807935716221,758
mixtral,gsm8k,attn_entropy,21,0.6774193548387096,-0.13243929727067258,0.0002557894560518017,1.8104073689457867,1.8339750428909813,0.023567673945194656,758
mixtral,gsm8k,attn_entropy,22,0.7096774193548387,-0.1341527947695159,0.00021211879861559313,1.617875462693341,1.6445493026458555,0.0266738399525146,758
mixtral,gsm8k,attn_entropy,23,0.7419354838709677,-0.22845526884904982,1.968887340408715e-10,1.4860577964744954,1.523360075798451,0.03730227932395547,758
mixtral,gsm8k,attn_entropy,24,0.7741935483870968,-0.11331474614678468,0.0017799881503553674,1.6595375731525643,1.6810458704537083,0.021508297301144008,758
mixtral,gsm8k,attn_entropy,25,0.8064516129032258,-0.12820274109184548,0.0004025011279120217,1.6112594298672973,1.6339046306555858,0.022645200788288466,758
mixtral,gsm8k,attn_entropy,26,0.8387096774193549,-0.10719785695944627,0.0031267101921990375,1.7290334183998834,1.7532327945581143,0.024199376158230868,758
mixtral,gsm8k,attn_entropy,27,0.8709677419354839,-0.16247499366666607,6.9324639020340395e-06,1.5268676569248856,1.5534767296095109,0.026609072684625312,758
mixtral,gsm8k,attn_entropy,28,0.9032258064516129,-0.19612225550116022,5.220296142770175e-08,2.0730742919827225,2.123290836514093,0.05021654453137048,758
mixtral,gsm8k,attn_entropy,29,0.9354838709677419,-0.11531652664275328,0.001471495353238831,1.9136104085911483,1.9394375726850626,0.02582716409391428,758
mixtral,gsm8k,attn_entropy,30,0.967741935483871,-0.1472008255963872,4.737847556144986e-05,2.3555580263148026,2.401705293185644,0.046147266870841364,758
mixtral,gsm8k,attn_entropy,31,1.0,-0.1790673027532898,6.974613486068006e-07,2.1996263445978927,2.254261861516419,0.05463551691852642,758
mixtral,gsm8k,l2_norm,0,0.0,0.09899073249769837,0.006379745576847243,2.110915667993407,2.098555800387609,-0.012359867605798325,758
mixtral,gsm8k,l2_norm,1,0.03225806451612903,0.10963581291041392,0.002506084835219194,5.614968429917139,5.577334947801739,-0.03763348211540052,758
mixtral,gsm8k,l2_norm,2,0.06451612903225806,0.08561839150460855,0.018390097686284614,8.281728454163153,8.240077123194718,-0.04165133096843476,758
mixtral,gsm8k,l2_norm,3,0.0967741935483871,0.06626726144004115,0.06823516286606157,12.022613986946793,11.978896555644925,-0.043717431301868004,758
mixtral,gsm8k,l2_norm,4,0.12903225806451613,-0.0006530437265197061,0.9856789015378401,16.403258007734774,16.40383226265941,0.0005742549246363637,758
mixtral,gsm8k,l2_norm,5,0.16129032258064516,0.028750922373172696,0.4292815347405493,21.066928131186902,21.036613168779592,-0.03031496240731002,758
mixtral,gsm8k,l2_norm,6,0.1935483870967742,0.03748721683454149,0.3026582707224914,25.947421544231712,25.895563916056556,-0.05185762817515638,758
mixtral,gsm8k,l2_norm,7,0.22580645161290322,0.02388036548053766,0.5115166059491312,30.9993309116348,30.959650723190038,-0.03968018844476262,758
mixtral,gsm8k,l2_norm,8,0.25806451612903225,0.033598719511129436,0.35560741686738134,34.1527859381164,34.076022444697536,-0.07676349341886635,758
mixtral,gsm8k,l2_norm,9,0.2903225806451613,0.04787137085891062,0.18798455774863382,40.883141498839244,40.77625826016812,-0.10688323867112359,758
mixtral,gsm8k,l2_norm,10,0.3225806451612903,0.03782740054717161,0.29828882345702357,47.07817803504469,46.96838897897788,-0.10978905606680911,758
mixtral,gsm8k,l2_norm,11,0.3548387096774194,0.05763498035774323,0.1128541163538191,53.88462295597738,53.70656874576654,-0.17805421021083845,758
mixtral,gsm8k,l2_norm,12,0.3870967741935484,0.08916167543107006,0.014064079645245562,62.39112777198125,62.10647562227209,-0.2846521497091601,758
mixtral,gsm8k,l2_norm,13,0.41935483870967744,0.060101874769890574,0.09823384548467914,68.77312907211893,68.55224036949296,-0.22088870262597027,758
mixtral,gsm8k,l2_norm,14,0.45161290322580644,0.12203846043222585,0.0007599449231305898,77.74990204668988,77.25165484970994,-0.49824719697994624,758
mixtral,gsm8k,l2_norm,15,0.4838709677419355,0.182450922452327,4.2496350540258144e-07,92.22730911695714,91.42701212651397,-0.8002969904431723,758
mixtral,gsm8k,l2_norm,16,0.5161290322580645,0.17815660964002225,7.956933539298333e-07,111.4324456833791,110.5406727759282,-0.8917729074508998,758
mixtral,gsm8k,l2_norm,17,0.5483870967741935,0.15200232543995237,2.6406088037324946e-05,130.20146201669667,129.249261907305,-0.9522001093916685,758
mixtral,gsm8k,l2_norm,18,0.5806451612903226,0.1881891843196341,1.7956285634925427e-07,154.82808912640883,153.4895026174337,-1.3385865089751405,758
mixtral,gsm8k,l2_norm,19,0.6129032258064516,0.17263191028837402,1.7445807260679093e-06,188.52115601384494,187.10882385557989,-1.412332158265059,758
mixtral,gsm8k,l2_norm,20,0.6451612903225806,0.04176981917611138,0.25072024327284226,213.81064830953613,213.37402861891746,-0.4366196906186701,758
mixtral,gsm8k,l2_norm,21,0.6774193548387096,0.020739141625507024,0.5686065538479248,243.65755627723507,243.42515988439317,-0.23239639284190616,758
mixtral,gsm8k,l2_norm,22,0.7096774193548387,-0.009930240628741102,0.7848893976197575,263.88885744902257,264.0168681818765,0.12801073285390885,758
mixtral,gsm8k,l2_norm,23,0.7419354838709677,-0.005432512577739107,0.8813002539227963,284.3394057980552,284.4210715179387,0.0816657198834605,758
mixtral,gsm8k,l2_norm,24,0.7741935483870968,0.00974695002471008,0.788765075897826,309.78517901759847,309.628762678418,-0.15641633918045272,758
mixtral,gsm8k,l2_norm,25,0.8064516129032258,0.026111605272992333,0.47285874401716543,340.9881425366366,340.54287233688234,-0.44527019975424764,758
mixtral,gsm8k,l2_norm,26,0.8387096774193549,0.013161748674774909,0.7175132433607936,375.23637367415296,375.0154446631896,-0.22092901096334572,758
mixtral,gsm8k,l2_norm,27,0.8709677419354839,0.01307270141931377,0.7193434658515634,397.7106313166259,397.4737833780167,-0.23684793860917353,758
mixtral,gsm8k,l2_norm,28,0.9032258064516129,0.05575490051993812,0.1251053010149017,420.51798744499575,419.43852564345497,-1.0794618015407877,758
mixtral,gsm8k,l2_norm,29,0.9354838709677419,0.025202897861123903,0.48840616327710246,506.24942275613665,505.5900366153467,-0.659386140789934,758
mixtral,gsm8k,l2_norm,30,0.967741935483871,-0.0026357995380533283,0.9422448539121007,576.7395185599423,576.8260726292193,0.0865540692769855,758
mixtral,gsm8k,l2_norm,31,1.0,-0.024514313547042896,0.5003681506133643,279.37818542492516,280.03867083485306,0.660485409927901,758
mixtral,humaneval,attn_entropy,0,0.0,0.022684692360745714,0.36152982284224616,2.598903934166152,2.5605767847995513,-0.038327149366600644,1620
mixtral,humaneval,attn_entropy,1,0.03225806451612903,0.018429551076347063,0.4585324676413325,2.256765877827943,2.239682886235064,-0.017082991592878738,1620
mixtral,humaneval,attn_entropy,2,0.06451612903225806,-0.004412742953352776,0.8591366760652462,1.1958996350636495,1.2020874310398644,0.006187795976214883,1620
mixtral,humaneval,attn_entropy,3,0.0967741935483871,-0.00917674088292705,0.7120685670507082,1.2941211061740963,1.2975306982934192,0.0034095921193229017,1620
mixtral,humaneval,attn_entropy,4,0.12903225806451613,0.018298138946629093,0.46174346420326207,1.7603184433335235,1.7474704583142435,-0.012847985019279973,1620
mixtral,humaneval,attn_entropy,5,0.16129032258064516,0.013369238093597986,0.5907771820265126,1.6489937912602632,1.641189068444055,-0.007804722816208143,1620
mixtral,humaneval,attn_entropy,6,0.1935483870967742,0.011276106518299567,0.6501753318766925,1.9347354671819301,1.927288282441588,-0.0074471847403421165,1620
mixtral,humaneval,attn_entropy,7,0.22580645161290322,0.007144429670059545,0.7738524155544972,2.408316294432088,2.402039149357058,-0.006277145075030077,1620
mixtral,humaneval,attn_entropy,8,0.25806451612903225,0.01247961706251915,0.6157190610870771,2.355196922693576,2.345156005624255,-0.010040917069320976,1620
mixtral,humaneval,attn_entropy,9,0.2903225806451613,0.008890790693318442,0.7206589391814112,2.6709841570043564,2.659500281086694,-0.011483875917662534,1620
mixtral,humaneval,attn_entropy,10,0.3225806451612903,-0.0050651324705137495,0.8385788808132412,2.665837897572694,2.6715277620879614,0.005689864515267207,1620
mixtral,humaneval,attn_entropy,11,0.3548387096774194,0.009713411743719601,0.696045076200738,2.6398880018720563,2.626946511001784,-0.01294149087027252,1620
mixtral,humaneval,attn_entropy,12,0.3870967741935484,0.004169264123084438,0.8668343671440826,2.532297122106241,2.5265261248880297,-0.005770997218211171,1620
mixtral,humaneval,attn_entropy,13,0.41935483870967744,-0.010086871740148813,0.6849735493445381,2.803868444671954,2.814244168706888,0.01037572403493403,1620
mixtral,humaneval,attn_entropy,14,0.45161290322580644,0.004624315778118178,0.852458525660797,2.7525905055105424,2.747046776907082,-0.005543728603460529,1620
mixtral,humaneval,attn_entropy,15,0.4838709677419355,0.004422616172463583,0.8588248067825783,2.637526662159995,2.6315213203532,-0.006005341806794906,1620
mixtral,humaneval,attn_entropy,16,0.5161290322580645,0.001615628452841434,0.9481918035868533,2.5595570739353555,2.5574782240810534,-0.0020788498543020673,1620
mixtral,humaneval,attn_entropy,17,0.5483870967741935,0.00301544892094059,0.9034723726705708,2.2226844107516417,2.2189059301414344,-0.0037784806102072466,1620
mixtral,humaneval,attn_entropy,18,0.5806451612903226,-0.0060116185589221,0.8089518782952112,2.1529049180699196,2.1612320326719816,0.008327114602062036,1620
mixtral,humaneval,attn_entropy,19,0.6129032258064516,0.00258609803892231,0.9171627868969824,2.071178915611898,2.0686227680737437,-0.002556147538154363,1620
mixtral,humaneval,attn_entropy,20,0.6451612903225806,0.0022265200725830876,0.9286474868894564,1.9205016595186928,1.9181652177301391,-0.0023364417885536337,1620
mixtral,humaneval,attn_entropy,21,0.6774193548387096,-0.001764998628740034,0.943409657353506,1.5986264553630367,1.5999649366195985,0.0013384812565617743,1620
mixtral,humaneval,attn_entropy,22,0.7096774193548387,0.020280376237412953,0.41465845176571514,1.4269270121444664,1.4135268600185178,-0.013400152125948583,1620
mixtral,humaneval,attn_entropy,23,0.7419354838709677,0.029495573439581455,0.23541869777662214,1.297205581439246,1.2801976839824374,-0.01700789745680864,1620
mixtral,humaneval,attn_entropy,24,0.7741935483870968,0.01326459324637301,0.5936868528775233,1.438755869903766,1.4247873265592557,-0.013968543344510254,1620
mixtral,humaneval,attn_entropy,25,0.8064516129032258,0.007382388424961667,0.7665351484858997,1.416836585604166,1.4065706109762346,-0.01026597462793144,1620
mixtral,humaneval,attn_entropy,26,0.8387096774193549,0.018709930797910435,0.4517235073475173,1.612244620615963,1.5906541037421833,-0.021590516873779775,1620
mixtral,humaneval,attn_entropy,27,0.8709677419354839,0.006931524339579408,0.7804163681662991,1.4930544076237624,1.4843426805267828,-0.008711727096979649,1620
mixtral,humaneval,attn_entropy,28,0.9032258064516129,0.0021823945528874258,0.9300579011684621,1.9546409455633484,1.9519349001812136,-0.002706045382134814,1620
mixtral,humaneval,attn_entropy,29,0.9354838709677419,0.01100040447349338,0.6581785302126516,1.7134496763763651,1.703608482729454,-0.009841193646911162,1620
mixtral,humaneval,attn_entropy,30,0.967741935483871,0.028074636084492403,0.25875751607844727,2.176826728162665,2.1342638459703895,-0.04256288219227544,1620
mixtral,humaneval,attn_entropy,31,1.0,0.007555472706589671,0.7612257781522123,2.0654482594947714,2.052420323964439,-0.013027935530332435,1620
mixtral,humaneval,l2_norm,0,0.0,-0.022702753604650305,0.361147576864569,2.177365743980539,2.188243564889133,0.010877820908594238,1620
mixtral,humaneval,l2_norm,1,0.03225806451612903,-0.030452543760621,0.22056419659608326,5.833662551200368,5.8925326407349,0.058870089534531544,1620
mixtral,humaneval,l2_norm,2,0.06451612903225806,-0.019433468103587207,0.43441908002180946,8.570705752095497,8.620174314735683,0.049468562640186065,1620
mixtral,humaneval,l2_norm,3,0.0967741935483871,-0.014920871206008707,0.5484240437579195,12.503271896695425,12.563934534014303,0.060662637318877444,1620
mixtral,humaneval,l2_norm,4,0.12903225806451613,-0.005632129880642943,0.8208003691870426,16.643801484984234,16.67498641827138,0.031184933287146777,1620
mixtral,humaneval,l2_norm,5,0.16129032258064516,-0.005812907649130207,0.8151508066682539,21.651336261207152,21.695128000397695,0.043791739190542245,1620
mixtral,humaneval,l2_norm,6,0.1935483870967742,0.0025988136289052392,0.9167569604793754,27.015508471208403,26.989782898264185,-0.025725572944217845,1620
mixtral,humaneval,l2_norm,7,0.22580645161290322,0.0037777364447059356,0.879238884185825,32.508047314478,32.46454854448011,-0.04349876999788904,1620
mixtral,humaneval,l2_norm,8,0.25806451612903225,0.011612252315335001,0.6404718884773903,36.65939181508909,36.5034269709347,-0.15596484415438994,1620
mixtral,humaneval,l2_norm,9,0.2903225806451613,0.025254168756305914,0.30970648600954337,43.29290197543123,42.96906291947074,-0.3238390559604909,1620
mixtral,humaneval,l2_norm,10,0.3225806451612903,0.025469998394696537,0.3055885170268971,49.602389529894154,49.21759894935911,-0.38479058053504644,1620
mixtral,humaneval,l2_norm,11,0.3548387096774194,0.032103636269902196,0.19653661517846527,56.5954462083587,56.00846815207954,-0.5869780562791647,1620
mixtral,humaneval,l2_norm,12,0.3870967741935484,0.03828023515793885,0.12352989723199775,65.77021389735995,65.06025828905271,-0.70995560830724,1620
mixtral,humaneval,l2_norm,13,0.41935483870967744,0.03558537678044099,0.15224926579518566,71.96431322948158,71.26192969424298,-0.7023835352385959,1620
mixtral,humaneval,l2_norm,14,0.45161290322580644,0.03982293462532245,0.10910242382682672,80.94627869218058,80.14814167040215,-0.7981370217784303,1620
mixtral,humaneval,l2_norm,15,0.4838709677419355,0.044602848624344084,0.07269553115775312,94.28271632847115,93.43441510654544,-0.8483012219257091,1620
mixtral,humaneval,l2_norm,16,0.5161290322580645,0.04016328752113692,0.10610612461242315,112.49468091390848,111.54697363309708,-0.9477072808114002,1620
mixtral,humaneval,l2_norm,17,0.5483870967741935,0.036353697636456364,0.14358723372143004,130.6513753186987,129.56822514159919,-1.083150177099526,1620
mixtral,humaneval,l2_norm,18,0.5806451612903226,0.027599025159037525,0.2669157094560149,154.18396555781513,153.2661137412537,-0.9178518165614378,1620
mixtral,humaneval,l2_norm,19,0.6129032258064516,0.01311342540584379,0.5979016343530223,190.52506201661012,189.95969164494588,-0.565370371664244,1620
mixtral,humaneval,l2_norm,20,0.6451612903225806,0.02275794766208724,0.35998102665143317,216.39667928681743,215.29069158581396,-1.105987701003471,1620
mixtral,humaneval,l2_norm,21,0.6774193548387096,0.02681766123145923,0.2806987922404326,245.38706932696493,243.9919016560297,-1.3951676709352228,1620
mixtral,humaneval,l2_norm,22,0.7096774193548387,0.024698368772238632,0.320478824057053,266.688219970656,265.20298739726525,-1.4852325733907605,1620
mixtral,humaneval,l2_norm,23,0.7419354838709677,0.03487865121087847,0.16056258534362408,291.9145091534401,289.56093161299685,-2.3535775404432684,1620
mixtral,humaneval,l2_norm,24,0.7741935483870968,0.031110075718928258,0.21075474188534649,315.7936191482665,313.3221511963384,-2.471467951928105,1620
mixtral,humaneval,l2_norm,25,0.8064516129032258,0.03851559770032151,0.12123724382301539,342.000488603035,338.57776586488353,-3.422722738151492,1620
mixtral,humaneval,l2_norm,26,0.8387096774193549,0.03467145900650393,0.16306363938012045,370.5908599597311,367.75616335583726,-2.8346966038938604,1620
mixtral,humaneval,l2_norm,27,0.8709677419354839,0.03557841185138677,0.15232956670439102,392.5114235485053,389.1626825523286,-3.34874099617673,1620
mixtral,humaneval,l2_norm,28,0.9032258064516129,0.051138501467469545,0.03958602017147283,412.51819681891294,407.9634804587626,-4.554716360150337,1620
mixtral,humaneval,l2_norm,29,0.9354838709677419,0.0676372671876607,0.0064620579362013614,487.0462383948781,478.4674662823137,-8.578772112564423,1620
mixtral,humaneval,l2_norm,30,0.967741935483871,0.07326287545385883,0.003172977438377256,563.1124063568265,553.4746299627525,-9.637776394073967,1620
mixtral,humaneval,l2_norm,31,1.0,-0.01257964839381395,0.6128915535251505,278.9912713034713,279.62619584747364,0.634924544002331,1620
qwen,gsm8k,attn_entropy,0,0.0,-0.20132890097902334,6.577763160243043e-19,3.358846296675391,3.4340927054393897,0.07524640876399857,1909
qwen,gsm8k,attn_entropy,1,0.03225806451612903,-0.17962346031792753,2.6285745946559127e-15,3.6047405784025215,3.65119962565985,0.0464590472573283,1909
qwen,gsm8k,attn_entropy,2,0.06451612903225806,-0.19799833548270462,2.5047208064835364e-18,4.017918104990762,4.09446983429091,0.07655172930014853,1909
qwen,gsm8k,attn_entropy,3,0.0967741935483871,-0.18635729148026525,2.2299961602818863e-16,3.645478376371209,3.709667621964132,0.06418924559292272,1909
qwen,gsm8k,attn_entropy,4,0.12903225806451613,-0.21711688782679295,8.411746352311072e-22,1.5263009036144695,1.5736845311145296,0.04738362750006009,1909
qwen,gsm8k,attn_entropy,5,0.16129032258064516,-0.19916846547970615,1.5700591654785867e-18,2.015900104814312,2.0961603761645184,0.0802602713502063,1909
qwen,gsm8k,attn_entropy,6,0.1935483870967742,-0.20378518106844187,2.4168421735852094e-19,1.9769747027623903,2.0183756595663858,0.04140095680399547,1909
qwen,gsm8k,attn_entropy,7,0.22580645161290322,-0.2408136583812567,1.373418514755046e-26,2.3032318254580844,2.3720902819153786,0.06885845645729427,1909
qwen,gsm8k,attn_entropy,8,0.25806451612903225,-0.14549472859516693,1.6937090368027059e-10,2.1514847450301358,2.196404775423357,0.04492003039322112,1909
qwen,gsm8k,attn_entropy,9,0.2903225806451613,-0.256497043030189,4.655538642006678e-30,2.7395904218639706,2.8425553635860887,0.10296494172211812,1909
qwen,gsm8k,attn_entropy,10,0.3225806451612903,-0.19728487325177008,3.3252100491738914e-18,2.1882353242052854,2.238857949225104,0.050622625019818734,1909
qwen,gsm8k,attn_entropy,11,0.3548387096774194,-0.18682323304690243,1.8734797306647579e-16,2.449596362181608,2.5058072631374864,0.05621090095587844,1909
qwen,gsm8k,attn_entropy,12,0.3870967741935484,-0.21090252326653536,1.2346829653642445e-20,2.739484043152115,2.8092760257440474,0.06979198259193264,1909
qwen,gsm8k,attn_entropy,13,0.41935483870967744,-0.23561405775087013,1.716557861519218e-25,3.0043340728754773,3.092499995594728,0.08816592271925083,1909
qwen,gsm8k,attn_entropy,14,0.45161290322580644,-0.18439137156255805,4.627448637306679e-16,2.5159329086391096,2.5847536329610814,0.06882072432197184,1909
qwen,gsm8k,attn_entropy,15,0.4838709677419355,-0.17417757466599612,1.804381234474764e-14,2.5673994753737177,2.6227639261011495,0.05536445072743179,1909
qwen,gsm8k,attn_entropy,16,0.5161290322580645,-0.15281192090766205,1.9229657672669443e-11,2.7922274233491895,2.854695999255465,0.062468575906275525,1909
qwen,gsm8k,attn_entropy,17,0.5483870967741935,-0.157725989228073,4.199860892522412e-12,2.6036702900380653,2.6734177356839415,0.0697474456458762,1909
qwen,gsm8k,attn_entropy,18,0.5806451612903226,-0.19896471271676058,1.7034431518900941e-18,2.5978011155132488,2.66721816979809,0.06941705428484113,1909
qwen,gsm8k,attn_entropy,19,0.6129032258064516,-0.17041954821417654,6.579041413873493e-14,2.646013889546981,2.7041577644088326,0.058143874861851685,1909
qwen,gsm8k,attn_entropy,20,0.6451612903225806,-0.18647935837001958,2.1306059370858786e-16,2.733024104091229,2.7970903590130116,0.06406625492178275,1909
qwen,gsm8k,attn_entropy,21,0.6774193548387096,-0.13449091238821922,3.6535424965911016e-09,2.4015146518157073,2.4412657942335243,0.039751142417816965,1909
qwen,gsm8k,attn_entropy,22,0.7096774193548387,-0.14943064297768377,5.325669893403112e-11,2.3165435890076886,2.383344061322161,0.06680047231447217,1909
qwen,gsm8k,attn_entropy,23,0.7419354838709677,-0.17689896902913996,6.943678034581081e-15,2.0914606840862673,2.150849506733982,0.05938882264771461,1909
qwen,gsm8k,attn_entropy,24,0.7741935483870968,-0.21345765447769663,4.1330053336394254e-21,2.082859319167287,2.1472011956978934,0.06434187653060652,1909
qwen,gsm8k,attn_entropy,25,0.8064516129032258,-0.20074539935088712,8.32822022062077e-19,2.3447697876526985,2.4271371820602217,0.08236739440752316,1909
qwen,gsm8k,attn_entropy,26,0.8387096774193549,-0.2029097039833335,3.45839140014186e-19,2.3585986324601995,2.4389660076659063,0.0803673752057068,1909
qwen,gsm8k,attn_entropy,27,0.8709677419354839,-0.19602657750923855,5.4665158249302256e-18,2.9429354060063284,3.0250790814035384,0.08214367539721001,1909
qwen,gsm8k,l2_norm,0,0.0,0.16129924452321096,1.3473746843336829e-12,12.051194985005028,11.947283972956908,-0.10391101204811903,1909
qwen,gsm8k,l2_norm,1,0.03225806451612903,0.16424599211898305,5.174309760239461e-13,16.326233158422454,16.159342263467178,-0.16689089495527654,1909
qwen,gsm8k,l2_norm,2,0.06451612903225806,0.15438537263783692,1.1876975160202826e-11,20.566880696909564,20.380118803972945,-0.1867618929366195,1909
qwen,gsm8k,l2_norm,3,0.0967741935483871,0.16353026453536434,6.538976745095845e-13,24.13507085102811,23.877415763753365,-0.2576550872747454,1909
qwen,gsm8k,l2_norm,4,0.12903225806451613,0.15867135145104935,3.1167196329333635e-12,27.617926487921924,27.33722173397427,-0.2807047539476528,1909
qwen,gsm8k,l2_norm,5,0.16129032258064516,0.1648103645818248,4.2990580137182324e-13,32.061112659971606,31.804576031655962,-0.2565366283156436,1909
qwen,gsm8k,l2_norm,6,0.1935483870967742,0.2158378291515186,1.4722801062207118e-21,36.91861821726384,36.531347212697085,-0.387271004566756,1909
qwen,gsm8k,l2_norm,7,0.22580645161290322,0.1848807072636914,3.861496807059845e-16,40.37257590700721,40.006874001629214,-0.3657019053779962,1909
qwen,gsm8k,l2_norm,8,0.25806451612903225,0.20208403699459118,4.841655272958212e-19,43.894004635197156,43.281757475987455,-0.6122471592097014,1909
qwen,gsm8k,l2_norm,9,0.2903225806451613,0.21053193297304942,1.4453770125901143e-20,46.53015748067726,45.87223114426028,-0.6579263364169776,1909
qwen,gsm8k,l2_norm,10,0.3225806451612903,0.18227696977389682,1.0055794213407582e-15,47.175013316647465,46.512782998198894,-0.6622303184485716,1909
qwen,gsm8k,l2_norm,11,0.3548387096774194,0.20764372521360655,4.8848432148451494e-20,48.636707609808646,47.8647396856644,-0.7719679241442492,1909
qwen,gsm8k,l2_norm,12,0.3870967741935484,0.218551317247485,4.471045998630365e-22,50.76450955501611,49.96969846055222,-0.7948110944638884,1909
qwen,gsm8k,l2_norm,13,0.41935483870967744,0.17304947209869245,2.668743232312471e-14,52.76191866900768,52.07213274013599,-0.6897859288716859,1909
qwen,gsm8k,l2_norm,14,0.45161290322580644,0.16953653016474085,8.878697924804865e-14,58.92240692119641,58.329071452311304,-0.5933354688851082,1909
qwen,gsm8k,l2_norm,15,0.4838709677419355,0.21233404920151216,6.699277945415214e-21,63.53243804815898,62.60951047767756,-0.9229275704814199,1909
qwen,gsm8k,l2_norm,16,0.5161290322580645,0.21047559962618512,1.4803732793967403e-20,68.05142503988726,67.08328347240281,-0.9681415674844516,1909
qwen,gsm8k,l2_norm,17,0.5483870967741935,0.22216221456075957,8.929312606292863e-23,73.30362657994849,72.43976441872925,-0.863862161219231,1909
qwen,gsm8k,l2_norm,18,0.5806451612903226,0.24278310338363324,5.193251711726514e-27,78.04787194136293,76.63695215208021,-1.4109197892827154,1909
qwen,gsm8k,l2_norm,19,0.6129032258064516,0.21391890177699652,3.3869844957805306e-21,92.89736491066753,91.09716587669006,-1.8001990339774778,1909
qwen,gsm8k,l2_norm,20,0.6451612903225806,0.1754624661772029,1.1516979166378482e-14,108.56594756264836,106.83358143445636,-1.7323661281919982,1909
qwen,gsm8k,l2_norm,21,0.6774193548387096,0.15868784765259414,3.1004904647330606e-12,135.72813090915326,133.8029008651714,-1.9252300439818555,1909
qwen,gsm8k,l2_norm,22,0.7096774193548387,0.14821767205054115,7.632302683338659e-11,162.45091370428787,160.4983658179397,-1.9525478863481567,1909
qwen,gsm8k,l2_norm,23,0.7419354838709677,0.1266905510571179,2.7897529079082432e-08,200.76032126980473,198.552729522185,-2.2075917476197446,1909
qwen,gsm8k,l2_norm,24,0.7741935483870968,0.0942877786266144,3.6892203782932496e-05,250.33003708255083,248.23727091160464,-2.0927661709461916,1909
qwen,gsm8k,l2_norm,25,0.8064516129032258,0.09031572221728038,7.763784317615675e-05,303.7869529835534,301.3819585752183,-2.404994408335142,1909
qwen,gsm8k,l2_norm,26,0.8387096774193549,0.07461625296486912,0.0011041294135672767,381.2065407810181,379.4301631205846,-1.776377660433468,1909
qwen,gsm8k,l2_norm,27,0.8709677419354839,-0.19457896104559225,9.64458792928535e-18,305.3254578258361,312.02358614529106,6.698128319454952,1909
qwen,humaneval,attn_entropy,0,0.0,-0.4069751318873771,1.8928396516941085e-66,3.140618127462004,3.4495542718192804,0.30893614435727645,1640
qwen,humaneval,attn_entropy,1,0.03225806451612903,-0.47991862759926956,3.1611920004719664e-95,3.2617009858599477,3.6291495752652754,0.36744858940532765,1640
qwen,humaneval,attn_entropy,2,0.06451612903225806,-0.4835629437602046,7.417263406301028e-97,3.4368116708820295,3.8808004042622986,0.443988733380269,1640
qwen,humaneval,attn_entropy,3,0.0967741935483871,-0.4438917892532695,3.896867110771358e-80,3.2297695159670976,3.533134405406963,0.3033648894398655,1640
qwen,humaneval,attn_entropy,4,0.12903225806451613,-0.4196219708905164,6.016700860094091e-71,1.1546978971740032,1.3660262020518728,0.21132830487786958,1640
qwen,humaneval,attn_entropy,5,0.16129032258064516,-0.3831549141695684,1.726852256825766e-58,1.5654167635704492,1.8229561679313186,0.2575394043608694,1640
qwen,humaneval,attn_entropy,6,0.1935483870967742,-0.38311024364164903,1.7847403209771983e-58,1.706342371218346,1.8876545179887418,0.18131214677039575,1640
qwen,humaneval,attn_entropy,7,0.22580645161290322,-0.37104416259377065,1.0931642135807003e-54,2.047966464894609,2.274988191709136,0.22702172681452693,1640
qwen,humaneval,attn_entropy,8,0.25806451612903225,-0.37413980892758886,1.2087246827612873e-55,1.7377553066779556,1.9747414909370085,0.23698618425905282,1640
qwen,humaneval,attn_entropy,9,0.2903225806451613,-0.3623444573697155,4.6870891687802855e-52,2.4420532434116247,2.7358364147062932,0.2937831712946686,1640
qwen,humaneval,attn_entropy,10,0.3225806451612903,-0.3729317999962713,2.8626464954327927e-55,1.7543321000953207,2.004623553149252,0.2502914530539311,1640
qwen,humaneval,attn_entropy,11,0.3548387096774194,-0.3897561387663387,1.2487413486051194e-60,2.0138273896787893,2.292518357184348,0.2786909675055589,1640
qwen,humaneval,attn_entropy,12,0.3870967741935484,-0.36589508974246066,4.0403811833820715e-53,2.2903239279338643,2.6064792229624674,0.31615529502860307,1640
qwen,humaneval,attn_entropy,13,0.41935483870967744,-0.38000125493716014,1.748822007292568e-57,2.5013681270616708,2.8493097033027945,0.34794157624112376,1640
qwen,humaneval,attn_entropy,14,0.45161290322580644,-0.3558637560925708,3.7961037620443088e-50,2.072744580525758,2.381936307745883,0.3091917272201252,1640
qwen,humaneval,attn_entropy,15,0.4838709677419355,-0.38159298113763035,5.452994134482474e-58,2.131250972136343,2.4237021291219585,0.2924511569856154,1640
qwen,humaneval,attn_entropy,16,0.5161290322580645,-0.33209961470686494,1.6061078658087147e-43,2.28753795920099,2.568537325668945,0.2809993664679551,1640
qwen,humaneval,attn_entropy,17,0.5483870967741935,-0.3635288219546998,2.0764697833785927e-52,2.0790647364359276,2.4092484631201287,0.33018372668420115,1640
qwen,humaneval,attn_entropy,18,0.5806451612903226,-0.3406622910374347,7.662394028582843e-46,2.2935459156265696,2.5179812356381737,0.22443532001160404,1640
qwen,humaneval,attn_entropy,19,0.6129032258064516,-0.3000216106731455,1.8397513525636595e-35,2.319926806057868,2.533880979694256,0.2139541736363877,1640
qwen,humaneval,attn_entropy,20,0.6451612903225806,-0.3387438552680401,2.575561107947066e-45,2.207159132882251,2.505611146299255,0.2984520134170041,1640
qwen,humaneval,attn_entropy,21,0.6774193548387096,-0.3794296688739273,2.653399899691215e-57,2.0035870453889926,2.283897238482362,0.28031019309336935,1640
qwen,humaneval,attn_entropy,22,0.7096774193548387,-0.3270692142546091,3.43152072747858e-42,1.7869406229993967,2.0724335312427686,0.2854929082433719,1640
qwen,humaneval,attn_entropy,23,0.7419354838709677,-0.37924603652801886,3.033149001548136e-57,1.6329264190579618,1.9180908220586101,0.2851644030006484,1640
qwen,humaneval,attn_entropy,24,0.7741935483870968,-0.3607422981328788,1.4022833476601402e-51,1.7094505258495003,1.9904621228325972,0.28101159698309686,1640
qwen,humaneval,attn_entropy,25,0.8064516129032258,-0.45018182993959505,1.2154035029762614e-82,1.8811842453011696,2.294005180073772,0.4128209347726026,1640
qwen,humaneval,attn_entropy,26,0.8387096774193549,-0.3943367122676013,3.8188456048132368e-62,1.9244142066222671,2.2872357318163465,0.3628215251940794,1640
qwen,humaneval,attn_entropy,27,0.8709677419354839,-0.43538033708971413,7.922326851617922e-77,2.3600881239578033,2.828462522444671,0.4683743984868678,1640
qwen,humaneval,l2_norm,0,0.0,0.4022144070645475,8.32972108652873e-65,12.663046919513683,12.065345876851271,-0.5977010426624112,1640
qwen,humaneval,l2_norm,1,0.03225806451612903,0.41753445174629455,3.428823436438809e-70,17.661020721185764,16.711098154336547,-0.9499225668492173,1640
qwen,humaneval,l2_norm,2,0.06451612903225806,0.33083283876649816,3.4913000516262333e-43,21.77277243306997,20.969381537377505,-0.8033908956924662,1640
qwen,humaneval,l2_norm,3,0.0967741935483871,0.45861266331706213,4.387870845055927e-86,28.71029799867278,25.02015534426756,-3.690142654405218,1640
qwen,humaneval,l2_norm,4,0.12903225806451613,0.43282298031865607,7.490468824180548e-76,32.79976727788569,28.76173488535556,-4.038032392530134,1640
qwen,humaneval,l2_norm,5,0.16129032258064516,0.44369816014311725,4.6454311715890734e-80,37.68685094918251,33.46607777225626,-4.220773176926244,1640
qwen,humaneval,l2_norm,6,0.1935483870967742,0.4479480182480079,9.56581159837704e-82,42.796548334357595,38.438923954479904,-4.3576243798776915,1640
qwen,humaneval,l2_norm,7,0.22580645161290322,0.4222957550285044,6.360342344139667e-72,47.514140280261884,42.98646421312769,-4.527676067134195,1640
qwen,humaneval,l2_norm,8,0.25806451612903225,0.44017482444710726,1.1142779585928487e-78,52.707092134742986,47.0151341331609,-5.691958001582087,1640
qwen,humaneval,l2_norm,9,0.2903225806451613,0.47505049778723335,4.427620664988165e-93,56.36632434838726,50.07216963897587,-6.294154709411387,1640
qwen,humaneval,l2_norm,10,0.3225806451612903,0.47679083024227603,7.635771248756666e-94,58.37627275306997,51.64314537633805,-6.733127376731922,1640
qwen,humaneval,l2_norm,11,0.3548387096774194,0.4654521997940765,5.993194378239352e-89,60.133026878204994,53.34522356139694,-6.787803316808052,1640
qwen,humaneval,l2_norm,12,0.3870967741935484,0.4750064832047198,4.628265466689562e-93,62.530478305840745,55.41060289020853,-7.119875415632215,1640
qwen,humaneval,l2_norm,13,0.41935483870967744,0.45483820649998435,1.568195357100399e-84,65.68071631911178,58.48580359182575,-7.194912727286031,1640
qwen,humaneval,l2_norm,14,0.45161290322580644,0.4760907958505838,1.550320510801726e-93,70.28697229142864,63.718488099900554,-6.568484191528086,1640
qwen,humaneval,l2_norm,15,0.4838709677419355,0.4332706509066996,5.062009653590737e-76,74.43618196597414,67.97453815163318,-6.46164381434096,1640
qwen,humaneval,l2_norm,16,0.5161290322580645,0.4333280583865023,4.8137160621463597e-76,78.12743627178934,72.01718131160588,-6.110254960183454,1640
qwen,humaneval,l2_norm,17,0.5483870967741935,0.42646201352732377,1.8416090928604104e-73,82.59901924971139,77.05319576765959,-5.5458234820518015,1640
qwen,humaneval,l2_norm,18,0.5806451612903226,0.44582538924624954,6.698157620448258e-81,89.03983625731301,82.37923782025703,-6.660598437055981,1640
qwen,humaneval,l2_norm,19,0.6129032258064516,0.39053023478890075,6.953509964046109e-61,102.70647415829924,96.71195022043328,-5.994523937865964,1640
qwen,humaneval,l2_norm,20,0.6451612903225806,0.3365379758857726,1.0272629626800826e-44,118.32860643738411,112.533139145723,-5.795467291661112,1640
qwen,humaneval,l2_norm,21,0.6774193548387096,0.3210157255732801,1.2666730703622547e-40,144.5611239769046,138.39746425411494,-6.163659722789674,1640
qwen,humaneval,l2_norm,22,0.7096774193548387,0.2561300259585816,5.597119687887237e-26,172.71753400937723,167.13248748654678,-5.585046522830453,1640
qwen,humaneval,l2_norm,23,0.7419354838709677,0.2587274330968459,1.714911206827262e-26,214.03449984996206,206.90808773632088,-7.12641211364118,1640
qwen,humaneval,l2_norm,24,0.7741935483870968,0.31222787596988855,2.063065500365496e-38,267.70750430835636,257.43991610462274,-10.267588203733624,1640
qwen,humaneval,l2_norm,25,0.8064516129032258,0.3524898905281153,3.592684406531688e-49,322.6285063488174,309.5273706805718,-13.101135668245604,1640
qwen,humaneval,l2_norm,26,0.8387096774193549,0.31862006196994586,5.16439313056941e-40,400.0779524372268,389.0194770605358,-11.058475376691035,1640
qwen,humaneval,l2_norm,27,0.8709677419354839,0.12884769881166527,1.6427734918430966e-07,312.59331298278215,306.22366150646906,-6.369651476313095,1640
