model,signal,best_outcome,best_pp,mean_other_pp,specificity_gap,pp_correct,pp_incorrect,pp_format_failure,dir_correct,dir_incorrect,dir_format_failure
llama,attention_collapse_detected,incorrect,0.5098418192404736,0.5070795494341107,0.0027622698063628492,0.5070178729867854,0.5098418192404736,0.5071412258814361,lower,higher,lower
llama,attn_entropy_norm_mean,incorrect,0.7542770639142833,0.6925960878995501,0.06168097601473321,0.6706153814085049,0.7542770639142833,0.7145767943905954,higher,lower,higher
llama,attn_entropy_norm_std,incorrect,0.672238057439746,0.6223084139253676,0.04992964351437834,0.6245718147381828,0.672238057439746,0.6200450131125523,lower,higher,lower
llama,collapsed_rate_mean,incorrect,0.7520827008923018,0.6866240492701552,0.06545865162214659,0.6739046175885319,0.7520827008923018,0.6993434809517786,lower,higher,lower
llama,collapsed_rate_mean_zscore,incorrect,0.7520827008923018,0.6866240492701552,0.06545865162214659,0.6739046175885319,0.7520827008923018,0.6993434809517786,lower,higher,lower
llama,compound_density_per_100t,incorrect,0.5764182645652206,0.5431743285947461,0.03324393597047448,0.5675232939730668,0.5764182645652206,0.5188253632164255,higher,lower,higher
llama,concentration_max_mean,format_failure,0.588296420939672,0.5159644607108851,0.07233196022878696,0.5141822631987096,0.5177466582230605,0.588296420939672,higher,higher,lower
llama,concentration_min_mean,format_failure,0.6024048310565007,0.5485948641884412,0.0538099668680595,0.529401173527449,0.5677885548494334,0.6024048310565007,lower,higher,lower
llama,cs_confident_repetition_risk,incorrect,0.5231367665135537,0.5134807389430616,0.00965602757049211,0.5199917466998127,0.5231367665135537,0.5069697311863103,lower,higher,lower
llama,early10_entropy_mean,format_failure,0.6799476007297863,0.5743120984737174,0.10563550225606888,0.5407461382137768,0.6078780587336581,0.6799476007297863,higher,lower,higher
llama,early10_entropy_slope,format_failure,0.5424105532062291,0.5077177931656884,0.03469276004054067,0.5034501030303085,0.5119854833010684,0.5424105532062291,higher,higher,lower
llama,early10_margin_mean,format_failure,0.6848674609191606,0.5900612851069954,0.09480617581216522,0.5553776202037888,0.624744950010202,0.6848674609191606,lower,higher,lower
llama,early10_margin_slope,incorrect,0.5053205916164446,0.5031483621677129,0.002172229448731744,0.5045439976122224,0.5053205916164446,0.5017527267232034,higher,lower,higher
llama,early10_surprisal_mean,format_failure,0.6314086591237301,0.5333997312383992,0.09800892788533089,0.5091920677688991,0.5576073947078993,0.6314086591237301,higher,lower,higher
llama,early10_surprisal_slope,correct,0.556599604071185,0.5309671677520944,0.025632436319090623,0.556599604071185,0.5561582753146446,0.5057760601895441,higher,lower,lower
llama,early25p_entropy_mean,format_failure,0.7167654742125464,0.6302779333538198,0.08648754085872667,0.5892499858769479,0.6713058808306915,0.7167654742125464,higher,lower,higher
llama,early25p_entropy_slope,incorrect,0.6395232306995585,0.6101929877514853,0.029330242948073182,0.5886300820707929,0.6395232306995585,0.6317558934321776,lower,higher,lower
llama,early25p_margin_mean,format_failure,0.7351086147218857,0.6528129058595937,0.08229570886229198,0.6081452701671897,0.6974805415519978,0.7351086147218857,lower,higher,lower
llama,early25p_margin_slope,incorrect,0.6279150347614474,0.5994010232347947,0.02851401152665267,0.5830503436206551,0.6279150347614474,0.6157517028489343,higher,lower,higher
llama,early25p_surprisal_mean,format_failure,0.6969162367272019,0.613893021711569,0.08302321501563292,0.5766869645890524,0.6510990788340856,0.6969162367272019,higher,lower,higher
llama,early25p_surprisal_slope,format_failure,0.6052166648696513,0.5832293119211398,0.021987352948511507,0.5630231004797004,0.6034355233625791,0.6052166648696513,lower,higher,lower
llama,early50p_entropy_mean,format_failure,0.6818663037544603,0.6117354874780508,0.07013081627640949,0.5772775649501796,0.6461934100059221,0.6818663037544603,higher,lower,higher
llama,early50p_entropy_slope,incorrect,0.6539161370750619,0.6183545919059719,0.03556154516909005,0.6013145465019994,0.6539161370750619,0.6353946373099444,lower,higher,lower
llama,early50p_margin_mean,format_failure,0.7120875743603545,0.640828691196923,0.07125888316343154,0.6004913311648784,0.6811660512289677,0.7120875743603545,lower,higher,lower
llama,early50p_margin_slope,incorrect,0.6502779422815652,0.6120261970693677,0.03825174521219754,0.6028205018985309,0.6502779422815652,0.6212318922402046,higher,lower,higher
llama,early50p_surprisal_mean,format_failure,0.6665243204098213,0.6016683697250977,0.0648559506847236,0.5701266180712834,0.6332101213789122,0.6665243204098213,higher,lower,higher
llama,early50p_surprisal_slope,incorrect,0.6235962919463922,0.5967669433618463,0.026829348584545887,0.5794487387585792,0.6235962919463922,0.6140851479651136,lower,higher,lower
llama,entropy_diff_std,format_failure,0.5649790852880474,0.5132121751047628,0.05176691018328461,0.5012901068246515,0.5251342433848741,0.5649790852880474,higher,lower,higher
llama,entropy_early_late_delta,format_failure,0.6448234496073026,0.5966796563948356,0.04814379321246709,0.5691278841613672,0.6242314286283038,0.6448234496073026,lower,higher,lower
llama,entropy_max,incorrect,0.6471100347863303,0.6027037972340203,0.04440623755230999,0.608343294994156,0.6471100347863303,0.5970642994738848,lower,higher,lower
llama,entropy_mean,format_failure,0.6370594942264869,0.5753483693583137,0.061711124868173206,0.549509076666573,0.6011876620500545,0.6370594942264869,higher,lower,higher
llama,entropy_p90,format_failure,0.6470656153985257,0.5854278061505107,0.061637809248014985,0.5576353449091004,0.6132202673919209,0.6470656153985257,higher,lower,higher
llama,entropy_range,incorrect,0.6471100347863303,0.6027037972340203,0.04440623755230999,0.608343294994156,0.6471100347863303,0.5970642994738848,lower,higher,lower
llama,entropy_range_approx,incorrect,0.6694157115770301,0.6243082582197808,0.045107453357249305,0.6181069309897828,0.6694157115770301,0.6305095854497789,lower,higher,lower
llama,entropy_slope,incorrect,0.6736927754913135,0.6287708465971951,0.04492192889411839,0.6196255744759139,0.6736927754913135,0.6379161187184762,lower,higher,lower
llama,entropy_std,format_failure,0.5742601744321785,0.522801495474254,0.05145867895792444,0.5090642805807882,0.5365387103677198,0.5742601744321785,higher,lower,higher
llama,failure_risk,incorrect,0.5303069371108933,0.5159447599828588,0.014362177128034448,0.528080554868284,0.5303069371108933,0.5038089650974337,higher,lower,higher
llama,failure_risk_is_zero,incorrect,0.521284854758362,0.5126181731698531,0.008666681588508807,0.5181524268539187,0.521284854758362,0.5070839194857877,lower,higher,lower
llama,focused_head_mean,incorrect,0.7567804417714652,0.6970276312228127,0.059752810548652446,0.6694939959657917,0.7567804417714652,0.7245612664798337,lower,higher,lower
llama,focused_head_mean_zscore,incorrect,0.7567804417714652,0.6970276312228127,0.059752810548652446,0.6694939959657917,0.7567804417714652,0.7245612664798337,lower,higher,lower
llama,focused_head_rate,incorrect,0.7567804417714652,0.6970276312228127,0.059752810548652446,0.6694939959657917,0.7567804417714652,0.7245612664798337,lower,higher,lower
llama,hidden_max_abs_last_layer_mean,incorrect,0.5982922225927013,0.5665466747491623,0.031745547843539,0.5746828506270484,0.5982922225927013,0.5584104988712763,lower,higher,lower
llama,hidden_max_abs_last_layer_mean_zscore,incorrect,0.5982922225927013,0.5665466747491623,0.031745547843539,0.5746828506270484,0.5982922225927013,0.5584104988712763,lower,higher,lower
llama,hidden_std_last_layer_mean,incorrect,0.6173656073175708,0.579795536260397,0.037570071057173804,0.5888040901567311,0.6173656073175708,0.5707869823640629,higher,lower,higher
llama,hidden_std_last_layer_mean_zscore,incorrect,0.6173656073175708,0.579795536260397,0.037570071057173804,0.5888040901567311,0.6173656073175708,0.5707869823640629,higher,lower,higher
llama,high_entropy_frac,incorrect,0.6123901107787859,0.5783954006450341,0.03399471013375177,0.5828489957226033,0.6123901107787859,0.573941805567465,lower,higher,lower
llama,high_entropy_steps,incorrect,0.6183399293822566,0.5819908411257362,0.03634908825652039,0.5878478009274993,0.6183399293822566,0.576133881323973,lower,higher,lower
llama,l2_norm_cross_layer_max,format_failure,0.5597905217768548,0.5106407538419367,0.0491497679349181,0.5210728021434412,0.5002087055404323,0.5597905217768548,higher,higher,lower
llama,l2_norm_cross_layer_max_zscore,format_failure,0.5597905217768548,0.5106407538419367,0.0491497679349181,0.5210728021434412,0.5002087055404323,0.5597905217768548,higher,higher,lower
llama,l2_norm_last_layer_mean,incorrect,0.6174651390209067,0.5796830872770864,0.03778205174382032,0.589078394569981,0.6174651390209067,0.5702877799841919,higher,lower,higher
llama,l2_norm_last_layer_mean_zscore,incorrect,0.6174651390209067,0.5796830872770864,0.03778205174382032,0.589078394569981,0.6174651390209067,0.5702877799841919,higher,lower,higher
llama,l2_norm_slope,correct,0.5398389398074008,0.5330873090593302,0.006751630748070614,0.5398389398074008,0.5264723227215949,0.5397022953970654,higher,lower,lower
llama,late50p_entropy_mean,format_failure,0.5581379751230814,0.5106314042122908,0.04750657091079058,0.5012443390728814,0.5200184693517003,0.5581379751230814,lower,lower,higher
llama,late50p_margin_mean,format_failure,0.575160097089769,0.5231771096512725,0.0519829874384965,0.5092719725236399,0.5370822467789053,0.575160097089769,lower,higher,lower
llama,late50p_surprisal_mean,format_failure,0.5559467483502125,0.5101512035144741,0.045795544835738444,0.5065709199257686,0.5137314871031795,0.5559467483502125,lower,lower,higher
llama,margin_diff_std,format_failure,0.6481718410804505,0.5938239086595387,0.05434793242091174,0.565709350306372,0.6219384670127053,0.6481718410804505,higher,lower,higher
llama,margin_early_late_delta,format_failure,0.6444201823786654,0.6049876327949336,0.03943254958373177,0.5773875283933767,0.6325877371964905,0.6444201823786654,higher,lower,higher
llama,margin_mean,format_failure,0.6638805853572396,0.6014796163422289,0.06240096901501069,0.570417839937333,0.6325413927471248,0.6638805853572396,lower,higher,lower
llama,margin_min,format_failure,0.572197568680654,0.5131013911567043,0.05909617752394969,0.5083732328436636,0.5178295494697449,0.572197568680654,higher,higher,lower
llama,margin_range,format_failure,0.572197568680654,0.5131013911567043,0.05909617752394969,0.5083732328436636,0.5178295494697449,0.572197568680654,lower,lower,higher
llama,margin_slope,incorrect,0.6839280559965363,0.6328860755749994,0.05104198042153685,0.6305116532550539,0.6839280559965363,0.635260497894945,higher,lower,higher
llama,margin_std,format_failure,0.6576609312161946,0.6022486687773805,0.05541226243881414,0.5722983960744259,0.6321989414803351,0.6576609312161946,higher,lower,higher
llama,max_compound_severity,incorrect,0.5231367665135537,0.5134807389430616,0.00965602757049211,0.5199917466998127,0.5231367665135537,0.5069697311863103,lower,higher,lower
llama,n_compound_signals,incorrect,0.5231367665135537,0.5134807389430616,0.00965602757049211,0.5199917466998127,0.5231367665135537,0.5069697311863103,lower,higher,lower
llama,n_warning_signals,incorrect,0.52161330937937,0.5125086125381979,0.0091046968411721,0.5187687054916167,0.52161330937937,0.5062485195847791,higher,lower,higher
llama,perplexity_max,incorrect,0.6471100347863303,0.6027037972340203,0.04440623755230999,0.608343294994156,0.6471100347863303,0.5970642994738848,lower,higher,lower
llama,perplexity_mean,format_failure,0.5944498543568567,0.5358443437234008,0.05860551063345587,0.5182725105590583,0.5534161768877432,0.5944498543568567,higher,lower,higher
llama,repetition_detected,correct,0.5014242380575622,0.5010711562059365,0.00035308185162574723,0.5014242380575622,0.5010755644691726,0.5010667479427005,higher,lower,lower
llama,risk_score,format_failure,0.5730953688791462,0.517174151656662,0.05592121722248422,0.5037292410015011,0.530619062311823,0.5730953688791462,higher,lower,higher
llama,risk_score_is_one,format_failure,0.5012191405059433,0.5009502141101165,0.0002689263958267629,0.5011564287377979,0.5007439994824351,0.5012191405059433,higher,lower,lower
llama,risk_score_is_zero,format_failure,0.5012191405059433,0.5002224839744183,0.0009966565315250309,0.5000567943058271,0.5003881736430096,0.5012191405059433,higher,higher,lower
llama,surprisal_diff_std,format_failure,0.5729094414621536,0.5179994003749262,0.05491004108722741,0.5045760199335929,0.5314227808162595,0.5729094414621536,higher,lower,higher
llama,surprisal_early_late_delta,format_failure,0.6293091225838987,0.5842047678284217,0.04510435475547703,0.5596353805565902,0.6087741551002532,0.6293091225838987,lower,higher,lower
llama,surprisal_max,incorrect,0.5919448992490333,0.5575176563867783,0.03442724286225496,0.575087661104752,0.5919448992490333,0.5399476516688047,lower,higher,lower
llama,surprisal_mean,format_failure,0.6296750345324096,0.5693383058614213,0.06033672867098827,0.5449196133999519,0.5937569983228907,0.6296750345324096,higher,lower,higher
llama,surprisal_p90,format_failure,0.6488247094990233,0.5879271253929432,0.06089758410608004,0.5597806893922436,0.616073561393643,0.6488247094990233,higher,lower,higher
llama,surprisal_range,incorrect,0.5919448992490333,0.5575176563867783,0.03442724286225496,0.575087661104752,0.5919448992490333,0.5399476516688047,lower,higher,lower
llama,surprisal_slope,incorrect,0.6577306896054066,0.6161622821507577,0.04156840745464885,0.6094880929831542,0.6577306896054066,0.6228364713183612,lower,higher,lower
llama,surprisal_std,format_failure,0.5766891166240335,0.5209244950445882,0.055764621579445395,0.5067761950896489,0.5350727949995273,0.5766891166240335,higher,lower,higher
llama,surprisal_volatility,format_failure,0.6429900666657666,0.6105899263251331,0.03240014034063354,0.5804453543595639,0.6407344982907022,0.6429900666657666,lower,higher,lower
llama,topk_mass_mean,incorrect,0.634305281152179,0.5892909993660167,0.04501428178616229,0.603854883298275,0.634305281152179,0.5747271154337584,higher,lower,higher
llama,topk_mass_std,incorrect,0.6519769795611647,0.6052390538317661,0.04673792572939861,0.612880646464207,0.6519769795611647,0.5975974611993252,lower,higher,lower
llama,warning_density_per_100t,incorrect,0.5373713552734385,0.5191483587343431,0.018222996539095426,0.5351928332836383,0.5373713552734385,0.5031038841850479,higher,lower,higher
mistral7b,attn_entropy_norm_mean,correct,0.5858710117865271,0.5556438335903104,0.030227178196216675,0.5858710117865271,0.5724840004640348,0.5388036667165861,higher,lower,higher
mistral7b,attn_entropy_norm_std,format_failure,0.5526038259334284,0.5271661458360187,0.025437680097409654,0.5066678130587283,0.5476644786133091,0.5526038259334284,lower,lower,higher
mistral7b,collapsed_rate_mean,incorrect,0.7085738600934837,0.6179194372327088,0.09065442286077485,0.5318215655453336,0.7085738600934837,0.7040173089200842,lower,higher,lower
mistral7b,collapsed_rate_mean_zscore,incorrect,0.7085738600934837,0.6179194372327088,0.09065442286077485,0.5318215655453336,0.7085738600934837,0.7040173089200842,lower,higher,lower
mistral7b,compound_density_per_100t,format_failure,0.6438918271314957,0.5845733775720894,0.05931844955940635,0.5530955892565427,0.616051165887636,0.6438918271314957,higher,higher,lower
mistral7b,concentration_max_mean,incorrect,0.8317009536883522,0.7023431332812285,0.12935782040712362,0.6024922269474151,0.8317009536883522,0.802194039615042,higher,lower,higher
mistral7b,concentration_min_mean,correct,0.5665565101474069,0.5142216268071866,0.052334883340220295,0.5665565101474069,0.5025585360666277,0.5258847175477455,higher,lower,lower
mistral7b,cs_confident_repetition_risk,format_failure,0.5112854789510606,0.5086429107494915,0.002642568201569051,0.5109899315912583,0.5062958899077248,0.5112854789510606,lower,lower,higher
mistral7b,early10_entropy_mean,correct,0.5211163948027286,0.5052109301004971,0.01590546470223153,0.5211163948027286,0.500666596980873,0.5097552632201212,lower,lower,higher
mistral7b,early10_entropy_slope,incorrect,0.8462671475389234,0.7054585781860003,0.14080856935292307,0.5867811442021589,0.8462671475389234,0.8241360121698418,higher,lower,higher
mistral7b,early10_margin_mean,incorrect,0.5445212163030921,0.5327897675251472,0.011731448777944964,0.5334812620012919,0.5445212163030921,0.5320982730490025,higher,lower,higher
mistral7b,early10_margin_slope,incorrect,0.8396594841962287,0.7037827872821945,0.13587669691403426,0.5929885632694514,0.8396594841962287,0.8145770112949374,lower,higher,lower
mistral7b,early10_surprisal_mean,format_failure,0.5595121028446217,0.5343170195702014,0.025195083274420327,0.5197127993938819,0.548921239746521,0.5595121028446217,higher,higher,lower
mistral7b,early10_surprisal_slope,incorrect,0.7757765937906332,0.6586899034294112,0.11708669036122199,0.5518007541202139,0.7757765937906332,0.7655790527386086,higher,lower,higher
mistral7b,early25p_entropy_mean,incorrect,0.5335395106365495,0.5256386362683193,0.00790087436823017,0.5285043772335355,0.5335395106365495,0.5227728953031031,higher,lower,higher
mistral7b,early25p_entropy_slope,format_failure,0.6280981469366522,0.5649455960159345,0.0631525509207177,0.5121344864861688,0.6177567055457003,0.6280981469366522,lower,lower,higher
mistral7b,early25p_margin_mean,incorrect,0.5613580391626104,0.5411134464886117,0.020244592673998696,0.5318634529475871,0.5613580391626104,0.5503634400296363,lower,higher,lower
mistral7b,early25p_margin_slope,format_failure,0.6288872949689054,0.5676140046497027,0.0612732903192027,0.5083102401470909,0.6269177691523146,0.6288872949689054,lower,higher,lower
mistral7b,early25p_surprisal_mean,correct,0.5472912445776024,0.5100172906423817,0.037273953935220705,0.5472912445776024,0.5197317540035092,0.5003028272812542,higher,lower,higher
mistral7b,early25p_surprisal_slope,format_failure,0.6366151445168715,0.5752552993260807,0.06135984519079085,0.5332898292243261,0.6172207694278353,0.6366151445168715,lower,lower,higher
mistral7b,early50p_entropy_mean,format_failure,0.5390319300707017,0.5284584351586479,0.010573494912053838,0.5331399164162608,0.5237769539010348,0.5390319300707017,lower,lower,higher
mistral7b,early50p_entropy_slope,format_failure,0.613663957878475,0.5842170835706382,0.02944687430783688,0.6010702598709133,0.5673639072703631,0.613663957878475,lower,lower,higher
mistral7b,early50p_margin_mean,format_failure,0.5760629300628197,0.5451483918706659,0.03091453819215384,0.5295677293574106,0.5607290543839212,0.5760629300628197,higher,higher,lower
mistral7b,early50p_margin_slope,format_failure,0.6043729457480433,0.5776282971778444,0.02674464857019898,0.5938112465470451,0.5614453478086436,0.6043729457480433,higher,higher,lower
mistral7b,early50p_surprisal_mean,format_failure,0.520010719549779,0.5143120324504094,0.005698687099369604,0.5160461819632846,0.5125778829375341,0.520010719549779,lower,lower,higher
mistral7b,early50p_surprisal_slope,format_failure,0.6081093394077448,0.5834134566024993,0.024695882805245484,0.6073790905436618,0.5594478226613367,0.6081093394077448,lower,lower,higher
mistral7b,entropy_diff_std,correct,0.5283272743573406,0.5100168080883258,0.01831046626901478,0.5283272743573406,0.5038560815154606,0.5161775346611912,lower,lower,higher
mistral7b,entropy_early_late_delta,format_failure,0.6049735558165381,0.564551754719739,0.04042180109679916,0.5484236741718603,0.5806798352676177,0.6049735558165381,lower,lower,higher
mistral7b,entropy_max,incorrect,0.6165780388242517,0.5834954546772856,0.033082584146966076,0.5793894874378211,0.6165780388242517,0.58760142191675,lower,higher,lower
mistral7b,entropy_mean,format_failure,0.596127720282807,0.5601206488582319,0.036007071424575154,0.5477681730699278,0.572473124646536,0.596127720282807,lower,lower,higher
mistral7b,entropy_p90,format_failure,0.6319124149726887,0.5742341538893991,0.05767826108328955,0.5374737928160901,0.6109945149627081,0.6319124149726887,lower,lower,higher
mistral7b,entropy_range,incorrect,0.6165780388242517,0.5834954546772856,0.033082584146966076,0.5793894874378211,0.6165780388242517,0.58760142191675,lower,higher,lower
mistral7b,entropy_range_approx,incorrect,0.6311943822777345,0.5895228743394578,0.041671507938276675,0.5737868636697332,0.6311943822777345,0.6052588850091826,lower,higher,lower
mistral7b,entropy_slope,format_failure,0.648797597559726,0.5844212158430153,0.06437638171671067,0.5445964883659578,0.6242459433200729,0.648797597559726,lower,lower,higher
mistral7b,entropy_std,correct,0.5594136057631187,0.5124754136868044,0.04693819207631433,0.5594136057631187,0.5246823657078223,0.5002684616657865,lower,higher,lower
mistral7b,failure_risk,correct,0.5013047558368626,0.5002712083817898,0.0010335474550727808,0.5013047558368626,0.5003981757628782,0.5001442410007015,lower,higher,higher
mistral7b,focused_head_mean,incorrect,0.7206479812065874,0.6446447924307597,0.07600318877582768,0.6033667183277961,0.7206479812065874,0.6859228665337231,higher,lower,higher
mistral7b,focused_head_mean_zscore,incorrect,0.7206479812065874,0.6446447924307597,0.07600318877582768,0.6033667183277961,0.7206479812065874,0.6859228665337231,higher,lower,higher
mistral7b,focused_head_rate,incorrect,0.7206479812065874,0.6446447924307597,0.07600318877582768,0.6033667183277961,0.7206479812065874,0.6859228665337231,higher,lower,higher
mistral7b,hidden_max_abs_last_layer_mean,incorrect,0.8965205238760448,0.7281182321900219,0.16840229168602283,0.574301270364075,0.8965205238760448,0.881935194015969,lower,higher,lower
mistral7b,hidden_max_abs_last_layer_mean_zscore,incorrect,0.8965205238760448,0.7281182321900219,0.16840229168602283,0.574301270364075,0.8965205238760448,0.881935194015969,lower,higher,lower
mistral7b,hidden_std_last_layer_mean,correct,0.5353165916000326,0.5261278062265478,0.009188785373484887,0.5353165916000326,0.5329845418380614,0.5192710706150342,lower,higher,lower
mistral7b,hidden_std_last_layer_mean_zscore,correct,0.5353165916000326,0.5261278062265478,0.009188785373484887,0.5353165916000326,0.5329845418380614,0.5192710706150342,lower,higher,lower
mistral7b,high_entropy_frac,incorrect,0.5495074765203185,0.5297042419191348,0.019803234601183717,0.5135593930294953,0.5495074765203185,0.5458490908087743,lower,higher,lower
mistral7b,high_entropy_steps,incorrect,0.5497799761698755,0.530015841373148,0.01976413479672756,0.5141527978947539,0.5497799761698755,0.5458788848515421,lower,higher,lower
mistral7b,l2_norm_cross_layer_max,incorrect,0.8749465272306302,0.72196276714108,0.15298376008955017,0.5921724937922135,0.8749465272306302,0.8517530404899465,lower,higher,lower
mistral7b,l2_norm_cross_layer_max_zscore,incorrect,0.8749465272306302,0.72196276714108,0.15298376008955017,0.5921724937922135,0.8749465272306302,0.8517530404899465,lower,higher,lower
mistral7b,l2_norm_last_layer_mean,correct,0.5358383469614364,0.526661976924772,0.009176370036664383,0.5358383469614364,0.5336168497832088,0.5197071040663351,lower,higher,lower
mistral7b,l2_norm_last_layer_mean_zscore,correct,0.5358383469614364,0.526661976924772,0.009176370036664383,0.5358383469614364,0.5336168497832088,0.5197071040663351,lower,higher,lower
mistral7b,l2_norm_slope,format_failure,0.6950467797999542,0.596789141058502,0.09825763874145221,0.5113467093771197,0.6822315727398842,0.6950467797999542,lower,lower,higher
mistral7b,late50p_entropy_mean,format_failure,0.6395794153116158,0.580018251391085,0.05956116392053079,0.5446424175350955,0.6153940852470744,0.6395794153116158,lower,lower,higher
mistral7b,late50p_margin_mean,format_failure,0.6473179844093607,0.5830490101077009,0.06426897430165979,0.542343754478094,0.6237542657373079,0.6473179844093607,higher,higher,lower
mistral7b,late50p_surprisal_mean,format_failure,0.6233197499822655,0.5709575596902583,0.05236219029200717,0.5403272802362743,0.6015878391442424,0.6233197499822655,lower,lower,higher
mistral7b,margin_diff_std,format_failure,0.6191391255684908,0.5613697086565368,0.05776941691195403,0.5145676301504052,0.6081717871626684,0.6191391255684908,lower,lower,higher
mistral7b,margin_early_late_delta,format_failure,0.5800559623554634,0.5521652412768827,0.027890721078580705,0.5469010303566088,0.5574294521971568,0.5800559623554634,higher,higher,lower
mistral7b,margin_mean,format_failure,0.6288727920486163,0.5743350327769567,0.0545377592716596,0.5427622610672762,0.6059078044866373,0.6288727920486163,higher,higher,lower
mistral7b,margin_min,format_failure,0.6214209709074572,0.5723610568146438,0.049059914092813406,0.5481833727589321,0.5965387408703554,0.6214209709074572,higher,higher,lower
mistral7b,margin_range,format_failure,0.6214209709074572,0.5723610568146438,0.049059914092813406,0.5481833727589321,0.5965387408703554,0.6214209709074572,lower,lower,higher
mistral7b,margin_slope,format_failure,0.630631744054985,0.5741882503205765,0.05644349373440849,0.5394017156198123,0.6089747850213407,0.630631744054985,higher,higher,lower
mistral7b,margin_std,format_failure,0.6104783599088838,0.5658757118462792,0.04460264806260461,0.5439630332652112,0.5877883904273471,0.6104783599088838,lower,lower,higher
mistral7b,max_compound_severity,format_failure,0.5112854789510606,0.5086429107494915,0.002642568201569051,0.5109899315912583,0.5062958899077248,0.5112854789510606,lower,lower,higher
mistral7b,n_compound_signals,format_failure,0.5112854789510606,0.5086429107494915,0.002642568201569051,0.5109899315912583,0.5062958899077248,0.5112854789510606,lower,lower,higher
mistral7b,n_warning_signals,format_failure,0.567014211285479,0.5452377478713368,0.02177646341414219,0.5445946511991923,0.5458808445434815,0.567014211285479,higher,higher,lower
mistral7b,perplexity_max,incorrect,0.6165780388242517,0.5834954546772856,0.033082584146966076,0.5793894874378211,0.6165780388242517,0.58760142191675,lower,higher,lower
mistral7b,perplexity_mean,correct,0.5583855272411413,0.5225840053534575,0.03580152188768382,0.5583855272411413,0.5098447295788401,0.5353232811280749,lower,lower,higher
mistral7b,risk_score,format_failure,0.5113056569271149,0.5087110008325402,0.0025946560945747654,0.5111883456019329,0.5062336560631474,0.5113056569271149,lower,lower,higher
mistral7b,risk_score_is_one,format_failure,0.5112854789510606,0.5086429107494915,0.002642568201569051,0.5109899315912583,0.5062958899077248,0.5112854789510606,lower,lower,higher
mistral7b,surprisal_diff_std,correct,0.5314556019256447,0.5216634793582114,0.009792122567433226,0.5314556019256447,0.5145974618258806,0.5287294968905423,lower,lower,higher
mistral7b,surprisal_early_late_delta,format_failure,0.5873301227230808,0.5570011989876523,0.030328923735428504,0.551488803203431,0.5625135947718737,0.5873301227230808,lower,lower,higher
mistral7b,surprisal_max,correct,0.5566982732837005,0.5119158485300437,0.04478242475365679,0.5566982732837005,0.5113194602210933,0.5125122368389939,lower,higher,higher
mistral7b,surprisal_mean,format_failure,0.5727433377209922,0.5450366978052842,0.027706639915707987,0.5345898084275984,0.55548358718297,0.5727433377209922,lower,lower,higher
mistral7b,surprisal_p90,format_failure,0.6035383972696675,0.5595981149278562,0.043940282341811354,0.5339354096257249,0.5852608202299873,0.6035383972696675,lower,lower,higher
mistral7b,surprisal_range,correct,0.5566982732837005,0.5119158485300437,0.04478242475365679,0.5566982732837005,0.5113194602210933,0.5125122368389939,lower,higher,higher
mistral7b,surprisal_slope,format_failure,0.6373547934516163,0.5778173982432,0.05953739520841628,0.5407876742277102,0.6148471222586898,0.6373547934516163,lower,lower,higher
mistral7b,surprisal_std,correct,0.5300983031192887,0.5064016257650684,0.02369667735422032,0.5300983031192887,0.5025192622812148,0.510283989248922,lower,higher,higher
mistral7b,surprisal_volatility,format_failure,0.615632591976162,0.565602000487861,0.050030591488301024,0.5328947316616074,0.5983092693141145,0.615632591976162,higher,higher,lower
mistral7b,topk_mass_mean,incorrect,0.7170811662259946,0.6373999048111472,0.07968126141484744,0.5845085689132276,0.7170811662259946,0.6902912407090668,higher,lower,higher
mistral7b,topk_mass_std,incorrect,0.7026007704912486,0.6320610536883197,0.07053971680292892,0.5922746402643757,0.7026007704912486,0.6718474671122636,lower,higher,lower
mistral7b,warning_density_per_100t,format_failure,0.6823341819643575,0.6122712512376278,0.07006293072672964,0.5846118176854491,0.6399306847898066,0.6823341819643575,higher,higher,lower
mixtral,attention_collapse_detected,correct,0.5003313452617628,0.5001013488115736,0.0002299964501891738,0.5003313452617628,0.5000103818569112,0.5001923157662361,lower,higher,higher
mixtral,attn_entropy_norm_mean,incorrect,0.861051975239882,0.7349900061368567,0.12606196910302525,0.6809277227003429,0.861051975239882,0.7890522895733706,higher,lower,higher
mixtral,attn_entropy_norm_std,incorrect,0.8820196620155948,0.7510918382566264,0.1309278237589684,0.7041934439872394,0.8820196620155948,0.7979902325260134,lower,higher,lower
mixtral,collapsed_rate_mean,incorrect,0.8910161517265639,0.7491564565965245,0.14185969513003938,0.6682144123079904,0.8910161517265639,0.8300985008850588,lower,higher,lower
mixtral,collapsed_rate_mean_zscore,incorrect,0.8910161517265639,0.7491564565965245,0.14185969513003938,0.6682144123079904,0.8910161517265639,0.8300985008850588,lower,higher,lower
mixtral,compound_density_per_100t,correct,0.5399923273206827,0.5117991123740486,0.02819321494663407,0.5399923273206827,0.5092161881241328,0.5143820366239644,higher,lower,lower
mixtral,concentration_max_mean,incorrect,0.7664869994723573,0.6623856759360628,0.10410132353629453,0.576078963648893,0.7664869994723573,0.7486923882232326,lower,higher,lower
mixtral,concentration_min_mean,incorrect,0.6366279850892107,0.5849225661734276,0.051705418915783063,0.5476707859157348,0.6366279850892107,0.6221743464311205,lower,higher,lower
mixtral,cs_confident_repetition_risk,incorrect,0.5196943825604345,0.5118652132482613,0.007829169312173256,0.504917339814931,0.5196943825604345,0.5188130866815914,higher,lower,higher
mixtral,early10_entropy_mean,incorrect,0.5698640953860585,0.5492045104178331,0.020659584968225397,0.5544127263000073,0.5698640953860585,0.543996294535659,higher,lower,higher
mixtral,early10_entropy_slope,incorrect,0.8755319174923296,0.7395487620621237,0.1359831554302059,0.6628985775270855,0.8755319174923296,0.8161989465971621,higher,lower,higher
mixtral,early10_margin_mean,incorrect,0.5401310678900157,0.5275631867984214,0.012567881091594346,0.527614215041974,0.5401310678900157,0.5275121585548689,lower,higher,lower
mixtral,early10_margin_slope,incorrect,0.8566668620898555,0.7290026072972109,0.12766425479264465,0.6624466930421898,0.8566668620898555,0.7955585215522321,lower,higher,lower
mixtral,early10_surprisal_mean,incorrect,0.5759028245979168,0.5544840255076985,0.021418799090218266,0.5644505062647371,0.5759028245979168,0.5445175447506598,higher,lower,higher
mixtral,early10_surprisal_slope,incorrect,0.8316275026382131,0.7096600665335682,0.12196743610464489,0.634070989346314,0.8316275026382131,0.7852491437208224,higher,lower,higher
mixtral,early25p_entropy_mean,incorrect,0.720850951955209,0.6459062775860109,0.07494467436919805,0.621926800217521,0.720850951955209,0.669885754954501,higher,lower,higher
mixtral,early25p_entropy_slope,incorrect,0.5539597709973629,0.5339617592401624,0.019998011757200507,0.5210481369453948,0.5539597709973629,0.5468753815349302,higher,lower,higher
mixtral,early25p_margin_mean,incorrect,0.7404418212952649,0.6572277544963678,0.08321406679889709,0.6243166691985408,0.7404418212952649,0.690138839794195,lower,higher,lower
mixtral,early25p_margin_slope,incorrect,0.5775372061996366,0.552841437612527,0.024695768587109534,0.5512636154774301,0.5775372061996366,0.554419259747624,lower,higher,lower
mixtral,early25p_surprisal_mean,incorrect,0.717840213450978,0.6462487440280753,0.07159146942290273,0.6323812385928065,0.717840213450978,0.6601162494633442,higher,lower,higher
mixtral,early25p_surprisal_slope,incorrect,0.5438419602860637,0.5276023183584997,0.016239641927563997,0.517146273064357,0.5438419602860637,0.5380583636526425,higher,lower,higher
mixtral,early50p_entropy_mean,incorrect,0.6737513679623224,0.6160460786982611,0.057705289264061266,0.6024533859963145,0.6737513679623224,0.6296387714002077,higher,lower,higher
mixtral,early50p_entropy_slope,incorrect,0.5768513904359891,0.553479084148703,0.02337230628728615,0.5564949175379617,0.5768513904359891,0.5504632507594441,lower,higher,lower
mixtral,early50p_margin_mean,incorrect,0.7015814621562995,0.6332081974158772,0.06837326474042227,0.6114569504347118,0.7015814621562995,0.6549594443970427,lower,higher,lower
mixtral,early50p_margin_slope,incorrect,0.574076991850853,0.5496572294322519,0.02441976241860111,0.5446270329297747,0.574076991850853,0.5546874259347291,higher,lower,higher
mixtral,early50p_surprisal_mean,incorrect,0.6736625114811123,0.6166752847937718,0.056987226687340575,0.6059792958748065,0.6736625114811123,0.627371273712737,higher,lower,higher
mixtral,early50p_surprisal_slope,incorrect,0.5908604849426433,0.5642653635545101,0.026595121388133247,0.5721859320268863,0.5908604849426433,0.5563447950821337,lower,higher,lower
mixtral,entropy_diff_std,incorrect,0.583108902014813,0.5597581164592436,0.023350785555569464,0.5710966757593972,0.583108902014813,0.5484195571590899,higher,lower,higher
mixtral,entropy_early_late_delta,incorrect,0.7001140790817948,0.6273872954529114,0.0727267836288834,0.585347482758279,0.7001140790817948,0.6694271081475437,lower,higher,lower
mixtral,entropy_max,format_failure,0.5525184562190449,0.5286394697089789,0.023878986510066036,0.5222708598904909,0.5350080795274668,0.5525184562190449,higher,higher,lower
mixtral,entropy_mean,incorrect,0.6054982924898868,0.5726258594042635,0.032872433085623376,0.5734590243698385,0.6054982924898868,0.5717926944386884,higher,lower,higher
mixtral,entropy_p90,incorrect,0.6434326815969983,0.596160422674328,0.047272258922670285,0.5864662523199672,0.6434326815969983,0.6058545930286889,higher,lower,higher
mixtral,entropy_range,format_failure,0.5525184562190449,0.5286394697089789,0.023878986510066036,0.5222708598904909,0.5350080795274668,0.5525184562190449,higher,higher,lower
mixtral,entropy_range_approx,format_failure,0.564297458316912,0.5319846911942244,0.0323127671226876,0.5134387473607964,0.5505306350276524,0.564297458316912,higher,higher,lower
mixtral,entropy_slope,incorrect,0.6279573024760118,0.5853878433462605,0.0425694591297513,0.5750711676783155,0.6279573024760118,0.5957045190142056,lower,higher,lower
mixtral,entropy_std,incorrect,0.5599936976021576,0.5439618673608272,0.01603183024133037,0.5556065599756941,0.5599936976021576,0.5323171747459603,higher,lower,higher
mixtral,failure_risk,incorrect,0.5051014612768951,0.503593468059324,0.001507993217571113,0.5039761431411531,0.5051014612768951,0.5032107929774949,lower,higher,lower
mixtral,focused_head_mean,incorrect,0.8973916805905688,0.7543180988865277,0.14307358170404116,0.6766692205570564,0.8973916805905688,0.831966977215999,lower,higher,lower
mixtral,focused_head_mean_zscore,incorrect,0.8973916805905688,0.7543180988865277,0.14307358170404116,0.6766692205570564,0.8973916805905688,0.831966977215999,lower,higher,lower
mixtral,focused_head_rate,incorrect,0.8973916805905688,0.7543180988865277,0.14307358170404116,0.6766692205570564,0.8973916805905688,0.831966977215999,lower,higher,lower
mixtral,hidden_max_abs_last_layer_mean,incorrect,0.8406265878134099,0.716009050984545,0.1246175368288649,0.641137119695999,0.8406265878134099,0.7908809822730911,lower,higher,lower
mixtral,hidden_max_abs_last_layer_mean_zscore,incorrect,0.8406265878134099,0.716009050984545,0.1246175368288649,0.641137119695999,0.8406265878134099,0.7908809822730911,lower,higher,lower
mixtral,hidden_std_last_layer_mean,incorrect,0.5681950592132262,0.5423349741890351,0.025860085024191126,0.5235216607332748,0.5681950592132262,0.5611482876447955,lower,higher,lower
mixtral,hidden_std_last_layer_mean_zscore,incorrect,0.5681950592132262,0.5423349741890351,0.025860085024191126,0.5235216607332748,0.5681950592132262,0.5611482876447955,lower,higher,lower
mixtral,high_entropy_frac,format_failure,0.520605550883095,0.5094313727163229,0.01117417816677213,0.500179983223582,0.5186827622090637,0.520605550883095,lower,higher,lower
mixtral,high_entropy_steps,format_failure,0.520605550883095,0.5095730003581957,0.011032550524899265,0.5003621680768104,0.518783832639581,0.520605550883095,lower,higher,lower
mixtral,l2_norm_cross_layer_max,incorrect,0.6437061213871138,0.5896171359750604,0.054088985412053425,0.5516738990200547,0.6437061213871138,0.6275603729300662,higher,lower,higher
mixtral,l2_norm_cross_layer_max_zscore,incorrect,0.6437061213871138,0.5896171359750604,0.054088985412053425,0.5516738990200547,0.6437061213871138,0.6275603729300662,higher,lower,higher
mixtral,l2_norm_last_layer_mean,incorrect,0.5679736813820329,0.5421953975007932,0.025778283881239705,0.5234341459548358,0.5679736813820329,0.5609566490467504,lower,higher,lower
mixtral,l2_norm_last_layer_mean_zscore,incorrect,0.5679736813820329,0.5421953975007932,0.025778283881239705,0.5234341459548358,0.5679736813820329,0.5609566490467504,lower,higher,lower
mixtral,l2_norm_slope,incorrect,0.5571279997459498,0.5348238903309867,0.02230410941496319,0.5163746204940898,0.5571279997459498,0.5532731601678835,lower,higher,lower
mixtral,late50p_entropy_mean,correct,0.5224329548731972,0.5069894731472786,0.015443481725918584,0.5224329548731972,0.5131724389791092,0.500806507315448,higher,lower,higher
mixtral,late50p_margin_mean,correct,0.5302503913396697,0.5210674448293542,0.009182946510315482,0.5302503913396697,0.5288041566512283,0.51333073300748,lower,higher,lower
mixtral,late50p_surprisal_mean,correct,0.5180764802106519,0.508765684196248,0.009310796014403877,0.5180764802106519,0.5135861865118915,0.5039451818806044,higher,lower,higher
mixtral,margin_diff_std,incorrect,0.6571819243321413,0.606256977685284,0.050924946646857316,0.5993215678245036,0.6571819243321413,0.6131923875460644,higher,lower,higher
mixtral,margin_early_late_delta,incorrect,0.7099681409570178,0.6319912409318138,0.07797690002520397,0.5808706367131107,0.7099681409570178,0.6831118451505169,higher,lower,higher
mixtral,margin_mean,incorrect,0.6333708301577066,0.5899129730849182,0.043457857072788375,0.5829898791085161,0.6333708301577066,0.5968360670613202,lower,higher,lower
mixtral,margin_min,incorrect,0.5741005037032695,0.5477614720629029,0.02633903164036655,0.5347073153548256,0.5741005037032695,0.5608156287709803,lower,higher,lower
mixtral,margin_range,incorrect,0.5741005037032694,0.5477614720629029,0.02633903164036644,0.5347073153548256,0.5741005037032694,0.5608156287709803,higher,lower,higher
mixtral,margin_slope,incorrect,0.6462321187782143,0.5962039924225735,0.0500281263556408,0.5786267995570321,0.6462321187782143,0.6137811852881148,higher,lower,higher
mixtral,margin_std,incorrect,0.639334290906959,0.593141507620339,0.04619278328662002,0.5825858800684267,0.639334290906959,0.6036971351722513,higher,lower,higher
mixtral,max_compound_severity,incorrect,0.5196943825604345,0.5118652132482613,0.007829169312173256,0.504917339814931,0.5196943825604345,0.5188130866815914,higher,lower,higher
mixtral,n_compound_signals,incorrect,0.5196943825604345,0.5118652132482613,0.007829169312173256,0.504917339814931,0.5196943825604345,0.5188130866815914,higher,lower,higher
mixtral,n_warning_signals,format_failure,0.5973505455944115,0.5537372178940378,0.04361332770037363,0.5442012927969283,0.5632731429911473,0.5973505455944115,higher,higher,lower
mixtral,perplexity_max,format_failure,0.5525184562190449,0.5286394697089789,0.023878986510066036,0.5222708598904909,0.5350080795274668,0.5525184562190449,higher,higher,lower
mixtral,perplexity_mean,incorrect,0.5712067137636552,0.55164718098843,0.019559532775225152,0.5632385091444687,0.5712067137636552,0.5400558528323913,higher,lower,higher
mixtral,repetition_detected,incorrect,0.5016891891891891,0.5011278000625348,0.0005613891266543769,0.5009940357852882,0.5016891891891891,0.5012615643397813,lower,higher,lower
mixtral,risk_score,incorrect,0.5195381966836685,0.511758391239155,0.00777980544451351,0.5048122119993219,0.5195381966836685,0.5187045704789882,higher,lower,higher
mixtral,risk_score_is_one,incorrect,0.5196943825604345,0.5118652132482613,0.007829169312173256,0.504917339814931,0.5196943825604345,0.5188130866815914,higher,lower,higher
mixtral,surprisal_diff_std,incorrect,0.5790782987434289,0.5548090515451289,0.024269247198299926,0.5569902842083709,0.5790782987434289,0.5526278188818871,higher,lower,higher
mixtral,surprisal_early_late_delta,incorrect,0.6993017162577662,0.6291762842604868,0.07012543199727939,0.5969946603796648,0.6993017162577662,0.6613579081413088,lower,higher,lower
mixtral,surprisal_max,correct,0.5084735221010592,0.5046595918808212,0.0038139302202380154,0.5084735221010592,0.5019473615426706,0.5073718222189718,higher,higher,lower
mixtral,surprisal_mean,incorrect,0.6052347765335835,0.5725041200484104,0.03273065648517304,0.5735856180744987,0.6052347765335835,0.5714226220223222,higher,lower,higher
mixtral,surprisal_p90,incorrect,0.6329216621719334,0.5894223070348699,0.04349935513706349,0.5817341245990282,0.6329216621719334,0.5971104894707117,higher,lower,higher
mixtral,surprisal_range,correct,0.5084735221010592,0.5046595918808212,0.0038139302202380154,0.5084735221010592,0.5019473615426706,0.5073718222189718,higher,higher,lower
mixtral,surprisal_slope,incorrect,0.6417367747356901,0.5951522852683595,0.046584489467330625,0.5861134411691534,0.6417367747356901,0.6041911293675656,lower,higher,lower
mixtral,surprisal_std,incorrect,0.5625598483516054,0.5446654575719686,0.017894390779636837,0.5518692936511606,0.5625598483516054,0.5374616214927767,higher,lower,higher
mixtral,surprisal_volatility,incorrect,0.589435795115431,0.558649702518384,0.03078609259704701,0.5574206676729596,0.589435795115431,0.5598787373638083,lower,higher,lower
mixtral,topk_mass_mean,format_failure,0.6160085607602703,0.5525763552648821,0.0634322054953882,0.5011938336756867,0.6039588768540775,0.6160085607602703,lower,lower,higher
mixtral,topk_mass_std,format_failure,0.613628145276955,0.5520835834072758,0.06154456186967916,0.5038019391953924,0.6003652276191592,0.613628145276955,higher,higher,lower
mixtral,warning_density_per_100t,format_failure,0.5872209559177051,0.5509762776491344,0.036244678268570696,0.5523170500804696,0.5496355052177991,0.5872209559177051,higher,higher,lower
qwen,attention_collapse_detected,incorrect,0.500170998632011,0.5001533611177699,1.763751424110893e-05,0.5001658374792703,0.500170998632011,0.5001408847562694,lower,higher,lower
qwen,attn_entropy_norm_mean,format_failure,0.7080991704829406,0.6084488687919196,0.09965030169102096,0.5972574461028193,0.6196402914810201,0.7080991704829406,higher,lower,higher
qwen,attn_entropy_norm_std,format_failure,0.6821856644341852,0.5446193315418439,0.13756633289234121,0.5617570812603648,0.527481581823323,0.6821856644341852,higher,lower,lower
qwen,collapsed_rate_mean,format_failure,0.689209775853901,0.5156414570487088,0.1735683188051922,0.5209666334991707,0.5103162805982469,0.689209775853901,higher,higher,lower
qwen,collapsed_rate_mean_zscore,format_failure,0.689209775853901,0.5156414570487088,0.1735683188051922,0.5209666334991707,0.5103162805982469,0.689209775853901,higher,higher,lower
qwen,compound_density_per_100t,correct,0.6685598673300166,0.6409514393384108,0.02760842799160579,0.6685598673300166,0.6279700265191175,0.6539328521577041,higher,lower,lower
qwen,concentration_max_mean,format_failure,0.7594493418669243,0.5444894578078029,0.21495988405912136,0.5257653067993366,0.5632136088162691,0.7594493418669243,lower,higher,lower
qwen,concentration_min_mean,format_failure,0.767979836449828,0.5405837993817821,0.2273960370680459,0.5644746932006633,0.5166929055629008,0.767979836449828,higher,lower,lower
qwen,cs_confident_repetition_risk,incorrect,0.524392620501494,0.5220723152341982,0.0023203052672958746,0.523575456053068,0.524392620501494,0.5205691744153282,higher,lower,higher
qwen,cs_degenerating_generation,incorrect,0.500170998632011,0.5001533611177699,1.763751424110893e-05,0.5001658374792703,0.500170998632011,0.5001408847562694,lower,higher,lower
qwen,early10_entropy_mean,format_failure,0.5839378992379838,0.5791901364914354,0.004747762746548423,0.5765402321724711,0.5818400408103998,0.5839378992379838,lower,higher,lower
qwen,early10_entropy_slope,format_failure,0.5601577909270217,0.5478350913128924,0.01232269961412924,0.5454667993366501,0.5502033832891348,0.5601577909270217,higher,lower,higher
qwen,early10_margin_mean,correct,0.5322327031509121,0.5230522372281529,0.009180465922759229,0.5322327031509121,0.5312960932066734,0.5148083812496324,higher,lower,higher
qwen,early10_margin_slope,incorrect,0.5172842360277877,0.5151415545792907,0.0021426814484970524,0.5169114427860697,0.5172842360277877,0.5133716663725116,lower,higher,lower
qwen,early10_surprisal_mean,format_failure,0.6045442300725479,0.5799047901817935,0.024639439890754344,0.5756195024875622,0.584190077876025,0.6045442300725479,lower,higher,lower
qwen,early10_surprisal_slope,incorrect,0.5303240758431474,0.5264865884789005,0.0038374873642469387,0.5297024212271974,0.5303240758431474,0.5232707557306036,higher,lower,higher
qwen,early25p_entropy_mean,incorrect,0.5185545456977125,0.5168786329321503,0.0016759127655622263,0.5178961194029851,0.5185545456977125,0.5158611464613155,lower,higher,lower
qwen,early25p_entropy_slope,format_failure,0.5942127849577059,0.5346015238440639,0.05961126111364201,0.5441217955499136,0.5250812521382142,0.5942127849577059,lower,higher,higher
qwen,early25p_margin_mean,format_failure,0.5281846921745484,0.5072468106389694,0.020937881535579073,0.5053397014925374,0.5091539197854015,0.5281846921745484,lower,higher,lower
qwen,early25p_margin_slope,format_failure,0.5645139285094138,0.5417730293716081,0.022740899137805748,0.5492503048040972,0.5342957539391191,0.5645139285094138,higher,lower,lower
qwen,early25p_surprisal_mean,correct,0.5325842786069652,0.5233748635594122,0.009209415047553016,0.5325842786069652,0.5316564799883836,0.5150932471304408,lower,higher,lower
qwen,early25p_surprisal_slope,format_failure,0.5936794582392777,0.5274196929011055,0.06625976533817224,0.5365158514158832,0.5183235343863277,0.5936794582392777,lower,higher,higher
qwen,early50p_entropy_mean,incorrect,0.5633810250747044,0.5529563965310262,0.010424628543678205,0.5630760862354892,0.5633810250747044,0.5428367068265632,lower,higher,lower
qwen,early50p_entropy_slope,correct,0.5966840464344941,0.5616269102486098,0.03505713618588435,0.5966840464344941,0.5804140173023867,0.5428398031948327,lower,higher,higher
qwen,early50p_margin_mean,correct,0.5377950248756218,0.5228964110190346,0.014898613856587195,0.5377950248756218,0.5355918367736857,0.5102009852643834,higher,lower,higher
qwen,early50p_margin_slope,correct,0.5977889220563848,0.5503805007689677,0.04740842128741707,0.5977889220563848,0.5856925253536519,0.5150684761842834,higher,lower,lower
qwen,early50p_surprisal_mean,correct,0.5674005970149254,0.5546619081130593,0.012738688901866135,0.5674005970149254,0.5671683104188798,0.5421555058072387,lower,higher,lower
qwen,early50p_surprisal_slope,correct,0.577534991708126,0.5553725457847923,0.022162445923333718,0.577534991708126,0.5623163436480219,0.5484287479215628,lower,higher,higher
qwen,entropy_diff_std,incorrect,0.6105014176646364,0.606955924088696,0.0035454935759403616,0.6039180099502487,0.6105014176646364,0.6099938382271434,lower,higher,lower
qwen,entropy_early_late_delta,format_failure,0.5600365783722625,0.547740161422775,0.012296416949487465,0.5453724400007477,0.5501078828448025,0.5600365783722625,lower,higher,lower
qwen,entropy_max,correct,0.6923544941956883,0.621619461502804,0.07073503269288428,0.6923544941956883,0.6825021112121605,0.5607368117934475,lower,higher,lower
qwen,entropy_mean,incorrect,0.6147830705622511,0.5996746149663746,0.01510845559587648,0.6126710447761194,0.6147830705622511,0.5866781851566298,lower,higher,lower
qwen,entropy_p90,incorrect,0.6229597188362157,0.6020469062784319,0.020912812557783766,0.6226531343283582,0.6229597188362157,0.5814406782285058,lower,higher,lower
qwen,entropy_range,correct,0.6923544941956883,0.621619461502804,0.07073503269288428,0.6923544941956883,0.6825021112121605,0.5607368117934475,lower,higher,lower
qwen,entropy_range_approx,correct,0.6873117081260365,0.6095750883945339,0.07773661973150259,0.6873117081260365,0.6753504994306414,0.5437996773584264,lower,higher,lower
qwen,entropy_slope,correct,0.5900290547263681,0.5448037837011555,0.04522527102521268,0.5900290547263681,0.5794685095033206,0.5101390578989903,lower,higher,higher
qwen,entropy_std,incorrect,0.6481593286918509,0.6274301801474762,0.020729148544374687,0.6459409618573797,0.6481593286918509,0.6089193984375726,lower,higher,lower
qwen,failure_risk,correct,0.5321233830845771,0.519034843111472,0.013088539973105107,0.5321233830845771,0.52724323456809,0.510826451654854,higher,lower,lower
qwen,failure_risk_is_zero,correct,0.5318235489220564,0.5162877353767014,0.015535813545355048,0.5318235489220564,0.5279262737965135,0.5046491969568893,lower,higher,higher
qwen,focused_head_mean,format_failure,0.7198529844345567,0.5224298617470111,0.19742312268754558,0.5057602653399669,0.5390994581540554,0.7198529844345567,lower,higher,lower
qwen,focused_head_mean_zscore,format_failure,0.7198529844345567,0.5224298617470111,0.19742312268754558,0.5057602653399669,0.5390994581540554,0.7198529844345567,lower,higher,lower
qwen,focused_head_rate,format_failure,0.7198529844345567,0.5224298617470111,0.19742312268754558,0.5057602653399669,0.5390994581540554,0.7198529844345567,lower,higher,lower
qwen,hidden_max_abs_last_layer_mean,format_failure,0.531290349549014,0.5069920183618536,0.024298331187160405,0.5048193698175788,0.5091646669061284,0.531290349549014,higher,lower,higher
qwen,hidden_max_abs_last_layer_mean_zscore,format_failure,0.531290349549014,0.5069920183618536,0.024298331187160405,0.5048193698175788,0.5091646669061284,0.531290349549014,higher,lower,higher
qwen,hidden_std_last_layer_mean,format_failure,0.5349657386850963,0.5303334839393761,0.004632254745720266,0.5290900165837479,0.5315769512950042,0.5349657386850963,lower,higher,lower
qwen,hidden_std_last_layer_mean_zscore,format_failure,0.5349657386850963,0.5303334839393761,0.004632254745720266,0.5290900165837479,0.5315769512950042,0.5349657386850963,lower,higher,lower
qwen,high_entropy_frac,correct,0.5048867661691543,0.5032776790936528,0.0016090870755014475,0.5048867661691543,0.5046866999365681,0.5018686582507377,lower,higher,lower
qwen,high_entropy_steps,correct,0.5049201990049752,0.5032802159993915,0.0016399830055836562,0.5049201990049752,0.504713448325933,0.5018469836728501,lower,higher,lower
qwen,l2_norm_cross_layer_max,format_failure,0.5978390445846067,0.5526771129257431,0.04516193165886362,0.5633907794361526,0.5419634464153337,0.5978390445846067,lower,higher,higher
qwen,l2_norm_cross_layer_max_zscore,format_failure,0.5978390445846067,0.5526771129257431,0.04516193165886362,0.5633907794361526,0.5419634464153337,0.5978390445846067,lower,higher,higher
qwen,l2_norm_last_layer_mean,format_failure,0.5347149328552541,0.5307114210411057,0.004003511814148375,0.529508192371476,0.5319146497107353,0.5347149328552541,lower,higher,lower
qwen,l2_norm_last_layer_mean_zscore,format_failure,0.5347149328552541,0.5307114210411057,0.004003511814148375,0.529508192371476,0.5319146497107353,0.5347149328552541,lower,higher,lower
qwen,l2_norm_slope,correct,0.6656318407960199,0.5943318576131171,0.07129998318290276,0.6656318407960199,0.6418605606462411,0.5468031545799931,lower,higher,higher
qwen,late50p_entropy_mean,incorrect,0.6008774904661098,0.5881789847501397,0.012698505715970088,0.5987815588723051,0.6008774904661098,0.5775764106279744,lower,higher,lower
qwen,late50p_margin_mean,incorrect,0.5900119125862635,0.5796594448753942,0.010352467710869284,0.587737048092869,0.5900119125862635,0.5715818416579196,higher,lower,higher
qwen,late50p_surprisal_mean,incorrect,0.606344192542549,0.5906398036391077,0.01570438890344128,0.6050934660033167,0.606344192542549,0.5761861412748988,lower,higher,lower
qwen,margin_diff_std,format_failure,0.5458835332039051,0.5342131739076097,0.011670359296295452,0.5322873631840797,0.5361389846311397,0.5458835332039051,lower,higher,lower
qwen,margin_early_late_delta,format_failure,0.5849687688897844,0.5546653600873905,0.030303408802393905,0.5506306364046648,0.5587000837701164,0.5849687688897844,higher,lower,higher
qwen,margin_mean,incorrect,0.5910008865180475,0.5774885602184858,0.013512326299561672,0.5899611276948591,0.5910008865180475,0.5650159927421127,higher,lower,higher
qwen,margin_min,correct,0.5647341956882256,0.5548242899315666,0.009909905756658954,0.5647341956882256,0.5488931898600677,0.5607553900030655,higher,lower,lower
qwen,margin_p90,incorrect,0.5001709986320109,0.5001533611177699,1.763751424099791e-05,0.5001658374792703,0.5001709986320109,0.5001408847562694,higher,lower,higher
qwen,margin_range,correct,0.5647341956882257,0.5548242899315665,0.009909905756659176,0.5647341956882257,0.5488931898600677,0.5607553900030654,lower,higher,higher
qwen,margin_slope,correct,0.6050425207296849,0.5498702999312552,0.05517222079842965,0.6050425207296849,0.5952400285825646,0.5045005712799457,higher,lower,higher
qwen,margin_std,incorrect,0.5907353132236395,0.5761941685107388,0.014541144712900689,0.5901404975124378,0.5907353132236395,0.5622478395090399,lower,higher,lower
qwen,max_compound_severity,incorrect,0.5240601762336738,0.521774106908415,0.002286069325258877,0.5232530679933665,0.5240601762336738,0.5202951458234636,higher,lower,higher
qwen,n_compound_signals,incorrect,0.5242216218694831,0.5219189541164282,0.0023026677530548767,0.5234096185737976,0.5242216218694831,0.5204282896590589,higher,lower,higher
qwen,n_warning_signals,correct,0.5321700829187397,0.5169248775566406,0.015245205362099057,0.5321700829187397,0.5280626428172932,0.505787112295988,higher,lower,lower
qwen,perplexity_max,correct,0.6923544941956883,0.621619461502804,0.07073503269288428,0.6923544941956883,0.6825021112121605,0.5607368117934475,lower,higher,lower
qwen,perplexity_mean,incorrect,0.6344593768389517,0.616888400294916,0.01757097654403572,0.6319326036484245,0.6344593768389517,0.6018441969414074,lower,higher,lower
qwen,risk_score,incorrect,0.5706112102499828,0.5641811489889379,0.00643006126104495,0.5681270978441127,0.5706112102499828,0.5602352001337632,lower,higher,lower
qwen,risk_score_is_zero,format_failure,0.5019723865877712,0.5005226926453411,0.001449693942430108,0.5003900497512437,0.5006553355394385,0.5019723865877712,lower,higher,lower
qwen,surprisal_diff_std,incorrect,0.6206892104639699,0.6101317739320268,0.010557436531943076,0.6162642786069652,0.6206892104639699,0.6039992692570884,lower,higher,lower
qwen,surprisal_early_late_delta,format_failure,0.5637316139431796,0.5456110788730537,0.018120535070125898,0.5428290645537743,0.5483930931923331,0.5637316139431796,lower,higher,lower
qwen,surprisal_max,correct,0.660738175787728,0.6100035973513364,0.05073457843639162,0.660738175787728,0.6547434924989874,0.5652637022036853,lower,higher,lower
qwen,surprisal_mean,incorrect,0.6205368401745524,0.6035097566025008,0.017027083572051516,0.618799336650083,0.6205368401745524,0.5882201765549187,lower,higher,lower
qwen,surprisal_p90,correct,0.6151193366500829,0.5905492714811088,0.024570065168974087,0.6151193366500829,0.6139708270601991,0.5671277159020185,lower,higher,lower
qwen,surprisal_range,correct,0.660738175787728,0.6100035973513364,0.05073457843639162,0.660738175787728,0.6547434924989874,0.5652637022036853,lower,higher,lower
qwen,surprisal_slope,correct,0.5933978109452737,0.5436788666318935,0.0497189443133802,0.5933978109452737,0.5834640501646937,0.5038936830990931,lower,higher,higher
qwen,surprisal_std,incorrect,0.6428000978226811,0.6241169605476006,0.01868313727508053,0.6401257711442786,0.6428000978226811,0.6081081499509225,lower,higher,lower
qwen,surprisal_volatility,incorrect,0.5688202336612231,0.5659902319757419,0.0028300016854811982,0.5649956954922436,0.5688202336612231,0.5669847684592403,higher,lower,higher
qwen,topk_mass_mean,incorrect,0.6763678935261256,0.6533291205422176,0.023038772983907996,0.6730499502487562,0.6763678935261256,0.6336082908356788,higher,lower,higher
qwen,topk_mass_std,incorrect,0.6749676631078572,0.6511844059684486,0.023783257139408542,0.6720597014925374,0.6749676631078572,0.6303091104443599,lower,higher,lower
qwen,warning_density_per_100t,correct,0.5643380431177446,0.5455040609975926,0.01883398212015197,0.5643380431177446,0.5518715752508617,0.5391365467443235,higher,lower,lower
