model,outcome,signal,raw_auroc,predictive_power,direction,n_total,n_outcome
llama,correct,attention_collapse_detected,0.4929821270132147,0.5070178729867854,lower,3640,1773
llama,correct,attn_entropy_norm_mean,0.6706153814085049,0.6706153814085049,higher,3640,1773
llama,correct,attn_entropy_norm_std,0.3754281852618172,0.6245718147381828,lower,3640,1773
llama,correct,collapsed_rate_mean,0.32609538241146807,0.6739046175885319,lower,3640,1773
llama,correct,collapsed_rate_mean_zscore,0.32609538241146807,0.6739046175885319,lower,3640,1773
llama,correct,compound_density_per_100t,0.5675232939730668,0.5675232939730668,higher,3640,1773
llama,correct,concentration_max_mean,0.5141822631987096,0.5141822631987096,higher,3640,1773
llama,correct,concentration_min_mean,0.470598826472551,0.529401173527449,lower,3640,1773
llama,correct,cs_confident_repetition_risk,0.4800082533001872,0.5199917466998127,lower,3640,1773
llama,correct,early10_entropy_mean,0.5407461382137768,0.5407461382137768,higher,3640,1773
llama,correct,early10_entropy_slope,0.5034501030303085,0.5034501030303085,higher,3640,1773
llama,correct,early10_margin_mean,0.44462237979621116,0.5553776202037888,lower,3640,1773
llama,correct,early10_margin_slope,0.5045439976122224,0.5045439976122224,higher,3640,1773
llama,correct,early10_surprisal_mean,0.5091920677688991,0.5091920677688991,higher,3640,1773
llama,correct,early10_surprisal_slope,0.556599604071185,0.556599604071185,higher,3640,1773
llama,correct,early25p_entropy_mean,0.5892499858769479,0.5892499858769479,higher,3640,1773
llama,correct,early25p_entropy_slope,0.4113699179292071,0.5886300820707929,lower,3640,1773
llama,correct,early25p_margin_mean,0.3918547298328103,0.6081452701671897,lower,3640,1773
llama,correct,early25p_margin_slope,0.5830503436206551,0.5830503436206551,higher,3640,1773
llama,correct,early25p_surprisal_mean,0.5766869645890524,0.5766869645890524,higher,3640,1773
llama,correct,early25p_surprisal_slope,0.43697689952029956,0.5630231004797004,lower,3640,1773
llama,correct,early50p_entropy_mean,0.5772775649501796,0.5772775649501796,higher,3640,1773
llama,correct,early50p_entropy_slope,0.39868545349800055,0.6013145465019994,lower,3640,1773
llama,correct,early50p_margin_mean,0.3995086688351216,0.6004913311648784,lower,3640,1773
llama,correct,early50p_margin_slope,0.6028205018985309,0.6028205018985309,higher,3640,1773
llama,correct,early50p_surprisal_mean,0.5701266180712834,0.5701266180712834,higher,3640,1773
llama,correct,early50p_surprisal_slope,0.42055126124142084,0.5794487387585792,lower,3640,1773
llama,correct,entropy_diff_std,0.5012901068246515,0.5012901068246515,higher,3640,1773
llama,correct,entropy_early_late_delta,0.4308721158386329,0.5691278841613672,lower,3640,1773
llama,correct,entropy_max,0.39165670500584404,0.608343294994156,lower,3640,1773
llama,correct,entropy_mean,0.549509076666573,0.549509076666573,higher,3640,1773
llama,correct,entropy_p90,0.5576353449091004,0.5576353449091004,higher,3640,1773
llama,correct,entropy_range,0.39165670500584404,0.608343294994156,lower,3640,1773
llama,correct,entropy_range_approx,0.38189306901021725,0.6181069309897828,lower,3640,1773
llama,correct,entropy_slope,0.38037442552408607,0.6196255744759139,lower,3640,1773
llama,correct,entropy_std,0.5090642805807882,0.5090642805807882,higher,3640,1773
llama,correct,failure_risk,0.528080554868284,0.528080554868284,higher,3640,1773
llama,correct,failure_risk_is_zero,0.4818475731460813,0.5181524268539187,lower,3640,1773
llama,correct,focused_head_mean,0.33050600403420827,0.6694939959657917,lower,3640,1773
llama,correct,focused_head_mean_zscore,0.33050600403420827,0.6694939959657917,lower,3640,1773
llama,correct,focused_head_rate,0.33050600403420827,0.6694939959657917,lower,3640,1773
llama,correct,hidden_max_abs_last_layer_mean,0.4253171493729516,0.5746828506270484,lower,3640,1773
llama,correct,hidden_max_abs_last_layer_mean_zscore,0.4253171493729516,0.5746828506270484,lower,3640,1773
llama,correct,hidden_std_last_layer_mean,0.5888040901567311,0.5888040901567311,higher,3640,1773
llama,correct,hidden_std_last_layer_mean_zscore,0.5888040901567311,0.5888040901567311,higher,3640,1773
llama,correct,high_entropy_frac,0.4171510042773967,0.5828489957226033,lower,3640,1773
llama,correct,high_entropy_steps,0.41215219907250067,0.5878478009274993,lower,3640,1773
llama,correct,l2_norm_cross_layer_max,0.5210728021434412,0.5210728021434412,higher,3640,1773
llama,correct,l2_norm_cross_layer_max_zscore,0.5210728021434412,0.5210728021434412,higher,3640,1773
llama,correct,l2_norm_last_layer_mean,0.589078394569981,0.589078394569981,higher,3640,1773
llama,correct,l2_norm_last_layer_mean_zscore,0.589078394569981,0.589078394569981,higher,3640,1773
llama,correct,l2_norm_slope,0.5398389398074008,0.5398389398074008,higher,3640,1773
llama,correct,late50p_entropy_mean,0.4987556609271187,0.5012443390728814,lower,3640,1773
llama,correct,late50p_margin_mean,0.49072802747636013,0.5092719725236399,lower,3640,1773
llama,correct,late50p_surprisal_mean,0.49342908007423136,0.5065709199257686,lower,3640,1773
llama,correct,margin_diff_std,0.565709350306372,0.565709350306372,higher,3640,1773
llama,correct,margin_early_late_delta,0.5773875283933767,0.5773875283933767,higher,3640,1773
llama,correct,margin_mean,0.4295821600626671,0.570417839937333,lower,3640,1773
llama,correct,margin_min,0.5083732328436636,0.5083732328436636,higher,3640,1773
llama,correct,margin_range,0.49162676715633635,0.5083732328436636,lower,3640,1773
llama,correct,margin_slope,0.6305116532550539,0.6305116532550539,higher,3640,1773
llama,correct,margin_std,0.5722983960744259,0.5722983960744259,higher,3640,1773
llama,correct,max_compound_severity,0.4800082533001872,0.5199917466998127,lower,3640,1773
llama,correct,n_compound_signals,0.4800082533001872,0.5199917466998127,lower,3640,1773
llama,correct,n_warning_signals,0.5187687054916167,0.5187687054916167,higher,3640,1773
llama,correct,perplexity_max,0.39165670500584404,0.608343294994156,lower,3640,1773
llama,correct,perplexity_mean,0.5182725105590583,0.5182725105590583,higher,3640,1773
llama,correct,repetition_detected,0.5014242380575622,0.5014242380575622,higher,3640,1773
llama,correct,risk_score,0.5037292410015011,0.5037292410015011,higher,3640,1773
llama,correct,risk_score_is_one,0.5011564287377979,0.5011564287377979,higher,3640,1773
llama,correct,risk_score_is_zero,0.5000567943058271,0.5000567943058271,higher,3640,1773
llama,correct,surprisal_diff_std,0.5045760199335929,0.5045760199335929,higher,3640,1773
llama,correct,surprisal_early_late_delta,0.44036461944340977,0.5596353805565902,lower,3640,1773
llama,correct,surprisal_max,0.42491233889524804,0.575087661104752,lower,3640,1773
llama,correct,surprisal_mean,0.5449196133999519,0.5449196133999519,higher,3640,1773
llama,correct,surprisal_p90,0.5597806893922436,0.5597806893922436,higher,3640,1773
llama,correct,surprisal_range,0.42491233889524804,0.575087661104752,lower,3640,1773
llama,correct,surprisal_slope,0.3905119070168458,0.6094880929831542,lower,3640,1773
llama,correct,surprisal_std,0.5067761950896489,0.5067761950896489,higher,3640,1773
llama,correct,surprisal_volatility,0.4195546456404361,0.5804453543595639,lower,3291,1773
llama,correct,topk_mass_mean,0.603854883298275,0.603854883298275,higher,3640,1773
llama,correct,topk_mass_std,0.38711935353579296,0.612880646464207,lower,3640,1773
llama,correct,warning_density_per_100t,0.5351928332836383,0.5351928332836383,higher,3640,1773
llama,incorrect,attention_collapse_detected,0.5098418192404736,0.5098418192404736,higher,3640,1508
llama,incorrect,attn_entropy_norm_mean,0.24572293608571671,0.7542770639142833,lower,3640,1508
llama,incorrect,attn_entropy_norm_std,0.672238057439746,0.672238057439746,higher,3640,1508
llama,incorrect,collapsed_rate_mean,0.7520827008923018,0.7520827008923018,higher,3640,1508
llama,incorrect,collapsed_rate_mean_zscore,0.7520827008923018,0.7520827008923018,higher,3640,1508
llama,incorrect,compound_density_per_100t,0.4235817354347794,0.5764182645652206,lower,3640,1508
llama,incorrect,concentration_max_mean,0.5177466582230605,0.5177466582230605,higher,3640,1508
llama,incorrect,concentration_min_mean,0.5677885548494334,0.5677885548494334,higher,3640,1508
llama,incorrect,cs_confident_repetition_risk,0.5231367665135537,0.5231367665135537,higher,3640,1508
llama,incorrect,early10_entropy_mean,0.3921219412663419,0.6078780587336581,lower,3640,1508
llama,incorrect,early10_entropy_slope,0.5119854833010684,0.5119854833010684,higher,3640,1508
llama,incorrect,early10_margin_mean,0.624744950010202,0.624744950010202,higher,3640,1508
llama,incorrect,early10_margin_slope,0.4946794083835554,0.5053205916164446,lower,3640,1508
llama,incorrect,early10_surprisal_mean,0.44239260529210067,0.5576073947078993,lower,3640,1508
llama,incorrect,early10_surprisal_slope,0.4438417246853554,0.5561582753146446,lower,3640,1508
llama,incorrect,early25p_entropy_mean,0.3286941191693084,0.6713058808306915,lower,3640,1508
llama,incorrect,early25p_entropy_slope,0.6395232306995585,0.6395232306995585,higher,3640,1508
llama,incorrect,early25p_margin_mean,0.6974805415519978,0.6974805415519978,higher,3640,1508
llama,incorrect,early25p_margin_slope,0.3720849652385526,0.6279150347614474,lower,3640,1508
llama,incorrect,early25p_surprisal_mean,0.34890092116591437,0.6510990788340856,lower,3640,1508
llama,incorrect,early25p_surprisal_slope,0.6034355233625791,0.6034355233625791,higher,3640,1508
llama,incorrect,early50p_entropy_mean,0.3538065899940779,0.6461934100059221,lower,3640,1508
llama,incorrect,early50p_entropy_slope,0.6539161370750619,0.6539161370750619,higher,3640,1508
llama,incorrect,early50p_margin_mean,0.6811660512289677,0.6811660512289677,higher,3640,1508
llama,incorrect,early50p_margin_slope,0.34972205771843473,0.6502779422815652,lower,3640,1508
llama,incorrect,early50p_surprisal_mean,0.3667898786210878,0.6332101213789122,lower,3640,1508
llama,incorrect,early50p_surprisal_slope,0.6235962919463922,0.6235962919463922,higher,3640,1508
llama,incorrect,entropy_diff_std,0.47486575661512587,0.5251342433848741,lower,3640,1508
llama,incorrect,entropy_early_late_delta,0.6242314286283038,0.6242314286283038,higher,3640,1508
llama,incorrect,entropy_max,0.6471100347863303,0.6471100347863303,higher,3640,1508
llama,incorrect,entropy_mean,0.39881233794994553,0.6011876620500545,lower,3640,1508
llama,incorrect,entropy_p90,0.386779732608079,0.6132202673919209,lower,3640,1508
llama,incorrect,entropy_range,0.6471100347863303,0.6471100347863303,higher,3640,1508
llama,incorrect,entropy_range_approx,0.6694157115770301,0.6694157115770301,higher,3640,1508
llama,incorrect,entropy_slope,0.6736927754913135,0.6736927754913135,higher,3640,1508
llama,incorrect,entropy_std,0.46346128963228017,0.5365387103677198,lower,3640,1508
llama,incorrect,failure_risk,0.4696930628891067,0.5303069371108933,lower,3640,1508
llama,incorrect,failure_risk_is_zero,0.521284854758362,0.521284854758362,higher,3640,1508
llama,incorrect,focused_head_mean,0.7567804417714652,0.7567804417714652,higher,3640,1508
llama,incorrect,focused_head_mean_zscore,0.7567804417714652,0.7567804417714652,higher,3640,1508
llama,incorrect,focused_head_rate,0.7567804417714652,0.7567804417714652,higher,3640,1508
llama,incorrect,hidden_max_abs_last_layer_mean,0.5982922225927013,0.5982922225927013,higher,3640,1508
llama,incorrect,hidden_max_abs_last_layer_mean_zscore,0.5982922225927013,0.5982922225927013,higher,3640,1508
llama,incorrect,hidden_std_last_layer_mean,0.38263439268242916,0.6173656073175708,lower,3640,1508
llama,incorrect,hidden_std_last_layer_mean_zscore,0.38263439268242916,0.6173656073175708,lower,3640,1508
llama,incorrect,high_entropy_frac,0.6123901107787859,0.6123901107787859,higher,3640,1508
llama,incorrect,high_entropy_steps,0.6183399293822566,0.6183399293822566,higher,3640,1508
llama,incorrect,l2_norm_cross_layer_max,0.5002087055404323,0.5002087055404323,higher,3640,1508
llama,incorrect,l2_norm_cross_layer_max_zscore,0.5002087055404323,0.5002087055404323,higher,3640,1508
llama,incorrect,l2_norm_last_layer_mean,0.38253486097909334,0.6174651390209067,lower,3640,1508
llama,incorrect,l2_norm_last_layer_mean_zscore,0.38253486097909334,0.6174651390209067,lower,3640,1508
llama,incorrect,l2_norm_slope,0.47352767727840506,0.5264723227215949,lower,3640,1508
llama,incorrect,late50p_entropy_mean,0.4799815306482998,0.5200184693517003,lower,3640,1508
llama,incorrect,late50p_margin_mean,0.5370822467789053,0.5370822467789053,higher,3640,1508
llama,incorrect,late50p_surprisal_mean,0.4862685128968205,0.5137314871031795,lower,3640,1508
llama,incorrect,margin_diff_std,0.3780615329872948,0.6219384670127053,lower,3640,1508
llama,incorrect,margin_early_late_delta,0.36741226280350947,0.6325877371964905,lower,3640,1508
llama,incorrect,margin_mean,0.6325413927471248,0.6325413927471248,higher,3640,1508
llama,incorrect,margin_min,0.5178295494697449,0.5178295494697449,higher,3640,1508
llama,incorrect,margin_range,0.48217045053025515,0.5178295494697449,lower,3640,1508
llama,incorrect,margin_slope,0.3160719440034637,0.6839280559965363,lower,3640,1508
llama,incorrect,margin_std,0.36780105851966494,0.6321989414803351,lower,3640,1508
llama,incorrect,max_compound_severity,0.5231367665135537,0.5231367665135537,higher,3640,1508
llama,incorrect,n_compound_signals,0.5231367665135537,0.5231367665135537,higher,3640,1508
llama,incorrect,n_warning_signals,0.47838669062062994,0.52161330937937,lower,3640,1508
llama,incorrect,perplexity_max,0.6471100347863303,0.6471100347863303,higher,3640,1508
llama,incorrect,perplexity_mean,0.4465838231122568,0.5534161768877432,lower,3640,1508
llama,incorrect,repetition_detected,0.49892443553082744,0.5010755644691726,lower,3640,1508
llama,incorrect,risk_score,0.469380937688177,0.530619062311823,lower,3640,1508
llama,incorrect,risk_score_is_one,0.4992560005175649,0.5007439994824351,lower,3640,1508
llama,incorrect,risk_score_is_zero,0.5003881736430096,0.5003881736430096,higher,3640,1508
llama,incorrect,surprisal_diff_std,0.4685772191837405,0.5314227808162595,lower,3640,1508
llama,incorrect,surprisal_early_late_delta,0.6087741551002532,0.6087741551002532,higher,3640,1508
llama,incorrect,surprisal_max,0.5919448992490333,0.5919448992490333,higher,3640,1508
llama,incorrect,surprisal_mean,0.4062430016771092,0.5937569983228907,lower,3640,1508
llama,incorrect,surprisal_p90,0.383926438606357,0.616073561393643,lower,3640,1508
llama,incorrect,surprisal_range,0.5919448992490333,0.5919448992490333,higher,3640,1508
llama,incorrect,surprisal_slope,0.6577306896054066,0.6577306896054066,higher,3640,1508
llama,incorrect,surprisal_std,0.46492720500047274,0.5350727949995273,lower,3640,1508
llama,incorrect,surprisal_volatility,0.6407344982907022,0.6407344982907022,higher,3291,1508
llama,incorrect,topk_mass_mean,0.36569471884782095,0.634305281152179,lower,3640,1508
llama,incorrect,topk_mass_std,0.6519769795611647,0.6519769795611647,higher,3640,1508
llama,incorrect,warning_density_per_100t,0.4626286447265615,0.5373713552734385,lower,3640,1508
llama,format_failure,attention_collapse_detected,0.49285877411856394,0.5071412258814361,lower,3640,359
llama,format_failure,attn_entropy_norm_mean,0.7145767943905954,0.7145767943905954,higher,3640,359
llama,format_failure,attn_entropy_norm_std,0.37995498688744767,0.6200450131125523,lower,3640,359
llama,format_failure,collapsed_rate_mean,0.30065651904822144,0.6993434809517786,lower,3640,359
llama,format_failure,collapsed_rate_mean_zscore,0.30065651904822144,0.6993434809517786,lower,3640,359
llama,format_failure,compound_density_per_100t,0.5188253632164255,0.5188253632164255,higher,3640,359
llama,format_failure,concentration_max_mean,0.41170357906032795,0.588296420939672,lower,3640,359
llama,format_failure,concentration_min_mean,0.39759516894349933,0.6024048310565007,lower,3640,359
llama,format_failure,cs_confident_repetition_risk,0.4930302688136897,0.5069697311863103,lower,3640,359
llama,format_failure,early10_entropy_mean,0.6799476007297863,0.6799476007297863,higher,3640,359
llama,format_failure,early10_entropy_slope,0.45758944679377084,0.5424105532062291,lower,3640,359
llama,format_failure,early10_margin_mean,0.3151325390808394,0.6848674609191606,lower,3640,359
llama,format_failure,early10_margin_slope,0.5017527267232034,0.5017527267232034,higher,3640,359
llama,format_failure,early10_surprisal_mean,0.6314086591237301,0.6314086591237301,higher,3640,359
llama,format_failure,early10_surprisal_slope,0.49422393981045587,0.5057760601895441,lower,3640,359
llama,format_failure,early25p_entropy_mean,0.7167654742125464,0.7167654742125464,higher,3640,359
llama,format_failure,early25p_entropy_slope,0.36824410656782236,0.6317558934321776,lower,3640,359
llama,format_failure,early25p_margin_mean,0.2648913852781143,0.7351086147218857,lower,3640,359
llama,format_failure,early25p_margin_slope,0.6157517028489343,0.6157517028489343,higher,3640,359
llama,format_failure,early25p_surprisal_mean,0.6969162367272019,0.6969162367272019,higher,3640,359
llama,format_failure,early25p_surprisal_slope,0.3947833351303487,0.6052166648696513,lower,3640,359
llama,format_failure,early50p_entropy_mean,0.6818663037544603,0.6818663037544603,higher,3640,359
llama,format_failure,early50p_entropy_slope,0.3646053626900556,0.6353946373099444,lower,3640,359
llama,format_failure,early50p_margin_mean,0.2879124256396455,0.7120875743603545,lower,3640,359
llama,format_failure,early50p_margin_slope,0.6212318922402046,0.6212318922402046,higher,3640,359
llama,format_failure,early50p_surprisal_mean,0.6665243204098213,0.6665243204098213,higher,3640,359
llama,format_failure,early50p_surprisal_slope,0.3859148520348864,0.6140851479651136,lower,3640,359
llama,format_failure,entropy_diff_std,0.5649790852880474,0.5649790852880474,higher,3640,359
llama,format_failure,entropy_early_late_delta,0.35517655039269735,0.6448234496073026,lower,3640,359
llama,format_failure,entropy_max,0.40293570052611516,0.5970642994738848,lower,3640,359
llama,format_failure,entropy_mean,0.6370594942264869,0.6370594942264869,higher,3640,359
llama,format_failure,entropy_p90,0.6470656153985257,0.6470656153985257,higher,3640,359
llama,format_failure,entropy_range,0.40293570052611516,0.5970642994738848,lower,3640,359
llama,format_failure,entropy_range_approx,0.3694904145502212,0.6305095854497789,lower,3640,359
llama,format_failure,entropy_slope,0.3620838812815238,0.6379161187184762,lower,3640,359
llama,format_failure,entropy_std,0.5742601744321785,0.5742601744321785,higher,3640,359
llama,format_failure,failure_risk,0.5038089650974337,0.5038089650974337,higher,3640,359
llama,format_failure,failure_risk_is_zero,0.4929160805142124,0.5070839194857877,lower,3640,359
llama,format_failure,focused_head_mean,0.27543873352016635,0.7245612664798337,lower,3640,359
llama,format_failure,focused_head_mean_zscore,0.27543873352016635,0.7245612664798337,lower,3640,359
llama,format_failure,focused_head_rate,0.27543873352016635,0.7245612664798337,lower,3640,359
llama,format_failure,hidden_max_abs_last_layer_mean,0.44158950112872375,0.5584104988712763,lower,3640,359
llama,format_failure,hidden_max_abs_last_layer_mean_zscore,0.44158950112872375,0.5584104988712763,lower,3640,359
llama,format_failure,hidden_std_last_layer_mean,0.5707869823640629,0.5707869823640629,higher,3640,359
llama,format_failure,hidden_std_last_layer_mean_zscore,0.5707869823640629,0.5707869823640629,higher,3640,359
llama,format_failure,high_entropy_frac,0.42605819443253506,0.573941805567465,lower,3640,359
llama,format_failure,high_entropy_steps,0.42386611867602697,0.576133881323973,lower,3640,359
llama,format_failure,l2_norm_cross_layer_max,0.44020947822314516,0.5597905217768548,lower,3640,359
llama,format_failure,l2_norm_cross_layer_max_zscore,0.44020947822314516,0.5597905217768548,lower,3640,359
llama,format_failure,l2_norm_last_layer_mean,0.5702877799841919,0.5702877799841919,higher,3640,359
llama,format_failure,l2_norm_last_layer_mean_zscore,0.5702877799841919,0.5702877799841919,higher,3640,359
llama,format_failure,l2_norm_slope,0.4602977046029346,0.5397022953970654,lower,3640,359
llama,format_failure,late50p_entropy_mean,0.5581379751230814,0.5581379751230814,higher,3640,359
llama,format_failure,late50p_margin_mean,0.42483990291023105,0.575160097089769,lower,3640,359
llama,format_failure,late50p_surprisal_mean,0.5559467483502125,0.5559467483502125,higher,3640,359
llama,format_failure,margin_diff_std,0.6481718410804505,0.6481718410804505,higher,3640,359
llama,format_failure,margin_early_late_delta,0.6444201823786654,0.6444201823786654,higher,3640,359
llama,format_failure,margin_mean,0.3361194146427604,0.6638805853572396,lower,3640,359
llama,format_failure,margin_min,0.42780243131934603,0.572197568680654,lower,3640,359
llama,format_failure,margin_range,0.572197568680654,0.572197568680654,higher,3640,359
llama,format_failure,margin_slope,0.635260497894945,0.635260497894945,higher,3640,359
llama,format_failure,margin_std,0.6576609312161946,0.6576609312161946,higher,3640,359
llama,format_failure,max_compound_severity,0.4930302688136897,0.5069697311863103,lower,3640,359
llama,format_failure,n_compound_signals,0.4930302688136897,0.5069697311863103,lower,3640,359
llama,format_failure,n_warning_signals,0.5062485195847791,0.5062485195847791,higher,3640,359
llama,format_failure,perplexity_max,0.40293570052611516,0.5970642994738848,lower,3640,359
llama,format_failure,perplexity_mean,0.5944498543568567,0.5944498543568567,higher,3640,359
llama,format_failure,repetition_detected,0.4989332520572996,0.5010667479427005,lower,3640,359
llama,format_failure,risk_score,0.5730953688791462,0.5730953688791462,higher,3640,359
llama,format_failure,risk_score_is_one,0.4987808594940567,0.5012191405059433,lower,3640,359
llama,format_failure,risk_score_is_zero,0.4987808594940567,0.5012191405059433,lower,3640,359
llama,format_failure,surprisal_diff_std,0.5729094414621536,0.5729094414621536,higher,3640,359
llama,format_failure,surprisal_early_late_delta,0.3706908774161013,0.6293091225838987,lower,3640,359
llama,format_failure,surprisal_max,0.4600523483311953,0.5399476516688047,lower,3640,359
llama,format_failure,surprisal_mean,0.6296750345324096,0.6296750345324096,higher,3640,359
llama,format_failure,surprisal_p90,0.6488247094990233,0.6488247094990233,higher,3640,359
llama,format_failure,surprisal_range,0.4600523483311953,0.5399476516688047,lower,3640,359
llama,format_failure,surprisal_slope,0.3771635286816388,0.6228364713183612,lower,3640,359
llama,format_failure,surprisal_std,0.5766891166240335,0.5766891166240335,higher,3640,359
llama,format_failure,surprisal_volatility,0.3570099333342333,0.6429900666657666,lower,3291,359
llama,format_failure,topk_mass_mean,0.5747271154337584,0.5747271154337584,higher,3640,359
llama,format_failure,topk_mass_std,0.4024025388006748,0.5975974611993252,lower,3640,359
llama,format_failure,warning_density_per_100t,0.5031038841850479,0.5031038841850479,higher,3640,359
mistral7b,correct,attn_entropy_norm_mean,0.5858710117865271,0.5858710117865271,higher,3640,423
mistral7b,correct,attn_entropy_norm_std,0.4933321869412717,0.5066678130587283,lower,3640,423
mistral7b,correct,collapsed_rate_mean,0.46817843445466645,0.5318215655453336,lower,3640,423
mistral7b,correct,collapsed_rate_mean_zscore,0.46817843445466645,0.5318215655453336,lower,3640,423
mistral7b,correct,compound_density_per_100t,0.5530955892565427,0.5530955892565427,higher,3640,423
mistral7b,correct,concentration_max_mean,0.6024922269474151,0.6024922269474151,higher,3640,423
mistral7b,correct,concentration_min_mean,0.5665565101474069,0.5665565101474069,higher,3640,423
mistral7b,correct,cs_confident_repetition_risk,0.4890100684087417,0.5109899315912583,lower,3640,423
mistral7b,correct,early10_entropy_mean,0.4788836051972713,0.5211163948027286,lower,3640,423
mistral7b,correct,early10_entropy_slope,0.5867811442021589,0.5867811442021589,higher,3640,423
mistral7b,correct,early10_margin_mean,0.5334812620012919,0.5334812620012919,higher,3640,423
mistral7b,correct,early10_margin_slope,0.4070114367305486,0.5929885632694514,lower,3640,423
mistral7b,correct,early10_surprisal_mean,0.5197127993938819,0.5197127993938819,higher,3640,423
mistral7b,correct,early10_surprisal_slope,0.5518007541202139,0.5518007541202139,higher,3640,423
mistral7b,correct,early25p_entropy_mean,0.5285043772335355,0.5285043772335355,higher,3640,423
mistral7b,correct,early25p_entropy_slope,0.4878655135138313,0.5121344864861688,lower,3640,423
mistral7b,correct,early25p_margin_mean,0.4681365470524129,0.5318634529475871,lower,3640,423
mistral7b,correct,early25p_margin_slope,0.4916897598529091,0.5083102401470909,lower,3640,423
mistral7b,correct,early25p_surprisal_mean,0.5472912445776024,0.5472912445776024,higher,3640,423
mistral7b,correct,early25p_surprisal_slope,0.4667101707756739,0.5332898292243261,lower,3640,423
mistral7b,correct,early50p_entropy_mean,0.4668600835837392,0.5331399164162608,lower,3640,423
mistral7b,correct,early50p_entropy_slope,0.39892974012908666,0.6010702598709133,lower,3640,423
mistral7b,correct,early50p_margin_mean,0.5295677293574106,0.5295677293574106,higher,3640,423
mistral7b,correct,early50p_margin_slope,0.5938112465470451,0.5938112465470451,higher,3640,423
mistral7b,correct,early50p_surprisal_mean,0.48395381803671544,0.5160461819632846,lower,3640,423
mistral7b,correct,early50p_surprisal_slope,0.3926209094563382,0.6073790905436618,lower,3640,423
mistral7b,correct,entropy_diff_std,0.47167272564265933,0.5283272743573406,lower,3640,423
mistral7b,correct,entropy_early_late_delta,0.45157632582813967,0.5484236741718603,lower,3640,423
mistral7b,correct,entropy_max,0.42061051256217885,0.5793894874378211,lower,3640,423
mistral7b,correct,entropy_mean,0.45223182693007224,0.5477681730699278,lower,3640,423
mistral7b,correct,entropy_p90,0.4625262071839099,0.5374737928160901,lower,3640,423
mistral7b,correct,entropy_range,0.42061051256217885,0.5793894874378211,lower,3640,423
mistral7b,correct,entropy_range_approx,0.42621313633026675,0.5737868636697332,lower,3640,423
mistral7b,correct,entropy_slope,0.45540351163404225,0.5445964883659578,lower,3640,423
mistral7b,correct,entropy_std,0.4405863942368813,0.5594136057631187,lower,3640,423
mistral7b,correct,failure_risk,0.49869524416313743,0.5013047558368626,lower,3640,423
mistral7b,correct,focused_head_mean,0.6033667183277961,0.6033667183277961,higher,3640,423
mistral7b,correct,focused_head_mean_zscore,0.6033667183277961,0.6033667183277961,higher,3640,423
mistral7b,correct,focused_head_rate,0.6033667183277961,0.6033667183277961,higher,3640,423
mistral7b,correct,hidden_max_abs_last_layer_mean,0.42569872963592503,0.574301270364075,lower,3640,423
mistral7b,correct,hidden_max_abs_last_layer_mean_zscore,0.42569872963592503,0.574301270364075,lower,3640,423
mistral7b,correct,hidden_std_last_layer_mean,0.46468340839996736,0.5353165916000326,lower,3640,423
mistral7b,correct,hidden_std_last_layer_mean_zscore,0.46468340839996736,0.5353165916000326,lower,3640,423
mistral7b,correct,high_entropy_frac,0.4864406069705047,0.5135593930294953,lower,3640,423
mistral7b,correct,high_entropy_steps,0.4858472021052461,0.5141527978947539,lower,3640,423
mistral7b,correct,l2_norm_cross_layer_max,0.40782750620778646,0.5921724937922135,lower,3640,423
mistral7b,correct,l2_norm_cross_layer_max_zscore,0.40782750620778646,0.5921724937922135,lower,3640,423
mistral7b,correct,l2_norm_last_layer_mean,0.4641616530385636,0.5358383469614364,lower,3640,423
mistral7b,correct,l2_norm_last_layer_mean_zscore,0.4641616530385636,0.5358383469614364,lower,3640,423
mistral7b,correct,l2_norm_slope,0.4886532906228803,0.5113467093771197,lower,3640,423
mistral7b,correct,late50p_entropy_mean,0.4553575824649046,0.5446424175350955,lower,3640,423
mistral7b,correct,late50p_margin_mean,0.542343754478094,0.542343754478094,higher,3640,423
mistral7b,correct,late50p_surprisal_mean,0.4596727197637257,0.5403272802362743,lower,3640,423
mistral7b,correct,margin_diff_std,0.48543236984959487,0.5145676301504052,lower,3640,423
mistral7b,correct,margin_early_late_delta,0.5469010303566088,0.5469010303566088,higher,3640,423
mistral7b,correct,margin_mean,0.5427622610672762,0.5427622610672762,higher,3640,423
mistral7b,correct,margin_min,0.5481833727589321,0.5481833727589321,higher,3640,423
mistral7b,correct,margin_range,0.45181662724106786,0.5481833727589321,lower,3640,423
mistral7b,correct,margin_slope,0.5394017156198123,0.5394017156198123,higher,3640,423
mistral7b,correct,margin_std,0.4560369667347888,0.5439630332652112,lower,3640,423
mistral7b,correct,max_compound_severity,0.4890100684087417,0.5109899315912583,lower,3640,423
mistral7b,correct,n_compound_signals,0.4890100684087417,0.5109899315912583,lower,3640,423
mistral7b,correct,n_warning_signals,0.5445946511991923,0.5445946511991923,higher,3640,423
mistral7b,correct,perplexity_max,0.42061051256217885,0.5793894874378211,lower,3640,423
mistral7b,correct,perplexity_mean,0.4416144727588587,0.5583855272411413,lower,3640,423
mistral7b,correct,risk_score,0.48881165439806706,0.5111883456019329,lower,3640,423
mistral7b,correct,risk_score_is_one,0.4890100684087417,0.5109899315912583,lower,3640,423
mistral7b,correct,surprisal_diff_std,0.4685443980743553,0.5314556019256447,lower,3640,423
mistral7b,correct,surprisal_early_late_delta,0.44851119679656903,0.551488803203431,lower,3640,423
mistral7b,correct,surprisal_max,0.4433017267162995,0.5566982732837005,lower,3640,423
mistral7b,correct,surprisal_mean,0.46541019157240165,0.5345898084275984,lower,3640,423
mistral7b,correct,surprisal_p90,0.466064590374275,0.5339354096257249,lower,3640,423
mistral7b,correct,surprisal_range,0.4433017267162995,0.5566982732837005,lower,3640,423
mistral7b,correct,surprisal_slope,0.4592123257722898,0.5407876742277102,lower,3640,423
mistral7b,correct,surprisal_std,0.4699016968807113,0.5300983031192887,lower,3640,423
mistral7b,correct,surprisal_volatility,0.5328947316616074,0.5328947316616074,higher,3514,423
mistral7b,correct,topk_mass_mean,0.5845085689132276,0.5845085689132276,higher,3640,423
mistral7b,correct,topk_mass_std,0.4077253597356243,0.5922746402643757,lower,3640,423
mistral7b,correct,warning_density_per_100t,0.5846118176854491,0.5846118176854491,higher,3640,423
mistral7b,incorrect,attn_entropy_norm_mean,0.42751599953596514,0.5724840004640348,lower,3640,1772
mistral7b,incorrect,attn_entropy_norm_std,0.4523355213866909,0.5476644786133091,lower,3640,1772
mistral7b,incorrect,collapsed_rate_mean,0.7085738600934837,0.7085738600934837,higher,3640,1772
mistral7b,incorrect,collapsed_rate_mean_zscore,0.7085738600934837,0.7085738600934837,higher,3640,1772
mistral7b,incorrect,compound_density_per_100t,0.616051165887636,0.616051165887636,higher,3640,1772
mistral7b,incorrect,concentration_max_mean,0.16829904631164777,0.8317009536883522,lower,3640,1772
mistral7b,incorrect,concentration_min_mean,0.4974414639333723,0.5025585360666277,lower,3640,1772
mistral7b,incorrect,cs_confident_repetition_risk,0.4937041100922753,0.5062958899077248,lower,3640,1772
mistral7b,incorrect,early10_entropy_mean,0.499333403019127,0.500666596980873,lower,3640,1772
mistral7b,incorrect,early10_entropy_slope,0.15373285246107665,0.8462671475389234,lower,3640,1772
mistral7b,incorrect,early10_margin_mean,0.45547878369690786,0.5445212163030921,lower,3640,1772
mistral7b,incorrect,early10_margin_slope,0.8396594841962287,0.8396594841962287,higher,3640,1772
mistral7b,incorrect,early10_surprisal_mean,0.548921239746521,0.548921239746521,higher,3640,1772
mistral7b,incorrect,early10_surprisal_slope,0.22422340620936676,0.7757765937906332,lower,3640,1772
mistral7b,incorrect,early25p_entropy_mean,0.46646048936345047,0.5335395106365495,lower,3640,1772
mistral7b,incorrect,early25p_entropy_slope,0.3822432944542998,0.6177567055457003,lower,3640,1772
mistral7b,incorrect,early25p_margin_mean,0.5613580391626104,0.5613580391626104,higher,3640,1772
mistral7b,incorrect,early25p_margin_slope,0.6269177691523146,0.6269177691523146,higher,3640,1772
mistral7b,incorrect,early25p_surprisal_mean,0.48026824599649076,0.5197317540035092,lower,3640,1772
mistral7b,incorrect,early25p_surprisal_slope,0.3827792305721647,0.6172207694278353,lower,3640,1772
mistral7b,incorrect,early50p_entropy_mean,0.47622304609896515,0.5237769539010348,lower,3640,1772
mistral7b,incorrect,early50p_entropy_slope,0.4326360927296368,0.5673639072703631,lower,3640,1772
mistral7b,incorrect,early50p_margin_mean,0.5607290543839212,0.5607290543839212,higher,3640,1772
mistral7b,incorrect,early50p_margin_slope,0.5614453478086436,0.5614453478086436,higher,3640,1772
mistral7b,incorrect,early50p_surprisal_mean,0.48742211706246585,0.5125778829375341,lower,3640,1772
mistral7b,incorrect,early50p_surprisal_slope,0.44055217733866325,0.5594478226613367,lower,3640,1772
mistral7b,incorrect,entropy_diff_std,0.4961439184845394,0.5038560815154606,lower,3640,1772
mistral7b,incorrect,entropy_early_late_delta,0.4193201647323823,0.5806798352676177,lower,3640,1772
mistral7b,incorrect,entropy_max,0.6165780388242517,0.6165780388242517,higher,3640,1772
mistral7b,incorrect,entropy_mean,0.42752687535346406,0.572473124646536,lower,3640,1772
mistral7b,incorrect,entropy_p90,0.389005485037292,0.6109945149627081,lower,3640,1772
mistral7b,incorrect,entropy_range,0.6165780388242517,0.6165780388242517,higher,3640,1772
mistral7b,incorrect,entropy_range_approx,0.6311943822777345,0.6311943822777345,higher,3640,1772
mistral7b,incorrect,entropy_slope,0.3757540566799271,0.6242459433200729,lower,3640,1772
mistral7b,incorrect,entropy_std,0.5246823657078223,0.5246823657078223,higher,3640,1772
mistral7b,incorrect,failure_risk,0.5003981757628782,0.5003981757628782,higher,3640,1772
mistral7b,incorrect,focused_head_mean,0.27935201879341265,0.7206479812065874,lower,3640,1772
mistral7b,incorrect,focused_head_mean_zscore,0.27935201879341265,0.7206479812065874,lower,3640,1772
mistral7b,incorrect,focused_head_rate,0.27935201879341265,0.7206479812065874,lower,3640,1772
mistral7b,incorrect,hidden_max_abs_last_layer_mean,0.8965205238760448,0.8965205238760448,higher,3640,1772
mistral7b,incorrect,hidden_max_abs_last_layer_mean_zscore,0.8965205238760448,0.8965205238760448,higher,3640,1772
mistral7b,incorrect,hidden_std_last_layer_mean,0.5329845418380614,0.5329845418380614,higher,3640,1772
mistral7b,incorrect,hidden_std_last_layer_mean_zscore,0.5329845418380614,0.5329845418380614,higher,3640,1772
mistral7b,incorrect,high_entropy_frac,0.5495074765203185,0.5495074765203185,higher,3640,1772
mistral7b,incorrect,high_entropy_steps,0.5497799761698755,0.5497799761698755,higher,3640,1772
mistral7b,incorrect,l2_norm_cross_layer_max,0.8749465272306302,0.8749465272306302,higher,3640,1772
mistral7b,incorrect,l2_norm_cross_layer_max_zscore,0.8749465272306302,0.8749465272306302,higher,3640,1772
mistral7b,incorrect,l2_norm_last_layer_mean,0.5336168497832088,0.5336168497832088,higher,3640,1772
mistral7b,incorrect,l2_norm_last_layer_mean_zscore,0.5336168497832088,0.5336168497832088,higher,3640,1772
mistral7b,incorrect,l2_norm_slope,0.3177684272601157,0.6822315727398842,lower,3640,1772
mistral7b,incorrect,late50p_entropy_mean,0.3846059147529256,0.6153940852470744,lower,3640,1772
mistral7b,incorrect,late50p_margin_mean,0.6237542657373079,0.6237542657373079,higher,3640,1772
mistral7b,incorrect,late50p_surprisal_mean,0.39841216085575765,0.6015878391442424,lower,3640,1772
mistral7b,incorrect,margin_diff_std,0.3918282128373316,0.6081717871626684,lower,3640,1772
mistral7b,incorrect,margin_early_late_delta,0.5574294521971568,0.5574294521971568,higher,3640,1772
mistral7b,incorrect,margin_mean,0.6059078044866373,0.6059078044866373,higher,3640,1772
mistral7b,incorrect,margin_min,0.5965387408703554,0.5965387408703554,higher,3640,1772
mistral7b,incorrect,margin_range,0.4034612591296446,0.5965387408703554,lower,3640,1772
mistral7b,incorrect,margin_slope,0.6089747850213407,0.6089747850213407,higher,3640,1772
mistral7b,incorrect,margin_std,0.41221160957265285,0.5877883904273471,lower,3640,1772
mistral7b,incorrect,max_compound_severity,0.4937041100922753,0.5062958899077248,lower,3640,1772
mistral7b,incorrect,n_compound_signals,0.4937041100922753,0.5062958899077248,lower,3640,1772
mistral7b,incorrect,n_warning_signals,0.5458808445434815,0.5458808445434815,higher,3640,1772
mistral7b,incorrect,perplexity_max,0.6165780388242517,0.6165780388242517,higher,3640,1772
mistral7b,incorrect,perplexity_mean,0.4901552704211599,0.5098447295788401,lower,3640,1772
mistral7b,incorrect,risk_score,0.4937663439368526,0.5062336560631474,lower,3640,1772
mistral7b,incorrect,risk_score_is_one,0.4937041100922753,0.5062958899077248,lower,3640,1772
mistral7b,incorrect,surprisal_diff_std,0.4854025381741194,0.5145974618258806,lower,3640,1772
mistral7b,incorrect,surprisal_early_late_delta,0.4374864052281263,0.5625135947718737,lower,3640,1772
mistral7b,incorrect,surprisal_max,0.5113194602210933,0.5113194602210933,higher,3640,1772
mistral7b,incorrect,surprisal_mean,0.4445164128170301,0.55548358718297,lower,3640,1772
mistral7b,incorrect,surprisal_p90,0.41473917977001273,0.5852608202299873,lower,3640,1772
mistral7b,incorrect,surprisal_range,0.5113194602210933,0.5113194602210933,higher,3640,1772
mistral7b,incorrect,surprisal_slope,0.38515287774131024,0.6148471222586898,lower,3640,1772
mistral7b,incorrect,surprisal_std,0.5025192622812148,0.5025192622812148,higher,3640,1772
mistral7b,incorrect,surprisal_volatility,0.5983092693141145,0.5983092693141145,higher,3514,1772
mistral7b,incorrect,topk_mass_mean,0.28291883377400534,0.7170811662259946,lower,3640,1772
mistral7b,incorrect,topk_mass_std,0.7026007704912486,0.7026007704912486,higher,3640,1772
mistral7b,incorrect,warning_density_per_100t,0.6399306847898066,0.6399306847898066,higher,3640,1772
mistral7b,format_failure,attn_entropy_norm_mean,0.5388036667165861,0.5388036667165861,higher,3640,1445
mistral7b,format_failure,attn_entropy_norm_std,0.5526038259334284,0.5526038259334284,higher,3640,1445
mistral7b,format_failure,collapsed_rate_mean,0.2959826910799158,0.7040173089200842,lower,3640,1445
mistral7b,format_failure,collapsed_rate_mean_zscore,0.2959826910799158,0.7040173089200842,lower,3640,1445
mistral7b,format_failure,compound_density_per_100t,0.3561081728685042,0.6438918271314957,lower,3640,1445
mistral7b,format_failure,concentration_max_mean,0.802194039615042,0.802194039615042,higher,3640,1445
mistral7b,format_failure,concentration_min_mean,0.4741152824522546,0.5258847175477455,lower,3640,1445
mistral7b,format_failure,cs_confident_repetition_risk,0.5112854789510606,0.5112854789510606,higher,3640,1445
mistral7b,format_failure,early10_entropy_mean,0.5097552632201212,0.5097552632201212,higher,3640,1445
mistral7b,format_failure,early10_entropy_slope,0.8241360121698418,0.8241360121698418,higher,3640,1445
mistral7b,format_failure,early10_margin_mean,0.5320982730490025,0.5320982730490025,higher,3640,1445
mistral7b,format_failure,early10_margin_slope,0.1854229887050626,0.8145770112949374,lower,3640,1445
mistral7b,format_failure,early10_surprisal_mean,0.4404878971553783,0.5595121028446217,lower,3640,1445
mistral7b,format_failure,early10_surprisal_slope,0.7655790527386086,0.7655790527386086,higher,3640,1445
mistral7b,format_failure,early25p_entropy_mean,0.5227728953031031,0.5227728953031031,higher,3640,1445
mistral7b,format_failure,early25p_entropy_slope,0.6280981469366522,0.6280981469366522,higher,3640,1445
mistral7b,format_failure,early25p_margin_mean,0.44963655997036367,0.5503634400296363,lower,3640,1445
mistral7b,format_failure,early25p_margin_slope,0.3711127050310946,0.6288872949689054,lower,3640,1445
mistral7b,format_failure,early25p_surprisal_mean,0.5003028272812542,0.5003028272812542,higher,3640,1445
mistral7b,format_failure,early25p_surprisal_slope,0.6366151445168715,0.6366151445168715,higher,3640,1445
mistral7b,format_failure,early50p_entropy_mean,0.5390319300707017,0.5390319300707017,higher,3640,1445
mistral7b,format_failure,early50p_entropy_slope,0.613663957878475,0.613663957878475,higher,3640,1445
mistral7b,format_failure,early50p_margin_mean,0.4239370699371803,0.5760629300628197,lower,3640,1445
mistral7b,format_failure,early50p_margin_slope,0.3956270542519567,0.6043729457480433,lower,3640,1445
mistral7b,format_failure,early50p_surprisal_mean,0.520010719549779,0.520010719549779,higher,3640,1445
mistral7b,format_failure,early50p_surprisal_slope,0.6081093394077448,0.6081093394077448,higher,3640,1445
mistral7b,format_failure,entropy_diff_std,0.5161775346611912,0.5161775346611912,higher,3640,1445
mistral7b,format_failure,entropy_early_late_delta,0.6049735558165381,0.6049735558165381,higher,3640,1445
mistral7b,format_failure,entropy_max,0.4123985780832499,0.58760142191675,lower,3640,1445
mistral7b,format_failure,entropy_mean,0.596127720282807,0.596127720282807,higher,3640,1445
mistral7b,format_failure,entropy_p90,0.6319124149726887,0.6319124149726887,higher,3640,1445
mistral7b,format_failure,entropy_range,0.4123985780832499,0.58760142191675,lower,3640,1445
mistral7b,format_failure,entropy_range_approx,0.39474111499081743,0.6052588850091826,lower,3640,1445
mistral7b,format_failure,entropy_slope,0.648797597559726,0.648797597559726,higher,3640,1445
mistral7b,format_failure,entropy_std,0.49973153833421347,0.5002684616657865,lower,3640,1445
mistral7b,format_failure,failure_risk,0.5001442410007015,0.5001442410007015,higher,3640,1445
mistral7b,format_failure,focused_head_mean,0.6859228665337231,0.6859228665337231,higher,3640,1445
mistral7b,format_failure,focused_head_mean_zscore,0.6859228665337231,0.6859228665337231,higher,3640,1445
mistral7b,format_failure,focused_head_rate,0.6859228665337231,0.6859228665337231,higher,3640,1445
mistral7b,format_failure,hidden_max_abs_last_layer_mean,0.11806480598403102,0.881935194015969,lower,3640,1445
mistral7b,format_failure,hidden_max_abs_last_layer_mean_zscore,0.11806480598403102,0.881935194015969,lower,3640,1445
mistral7b,format_failure,hidden_std_last_layer_mean,0.4807289293849658,0.5192710706150342,lower,3640,1445
mistral7b,format_failure,hidden_std_last_layer_mean_zscore,0.4807289293849658,0.5192710706150342,lower,3640,1445
mistral7b,format_failure,high_entropy_frac,0.45415090919122575,0.5458490908087743,lower,3640,1445
mistral7b,format_failure,high_entropy_steps,0.4541211151484579,0.5458788848515421,lower,3640,1445
mistral7b,format_failure,l2_norm_cross_layer_max,0.14824695951005354,0.8517530404899465,lower,3640,1445
mistral7b,format_failure,l2_norm_cross_layer_max_zscore,0.14824695951005354,0.8517530404899465,lower,3640,1445
mistral7b,format_failure,l2_norm_last_layer_mean,0.48029289593366487,0.5197071040663351,lower,3640,1445
mistral7b,format_failure,l2_norm_last_layer_mean_zscore,0.48029289593366487,0.5197071040663351,lower,3640,1445
mistral7b,format_failure,l2_norm_slope,0.6950467797999542,0.6950467797999542,higher,3640,1445
mistral7b,format_failure,late50p_entropy_mean,0.6395794153116158,0.6395794153116158,higher,3640,1445
mistral7b,format_failure,late50p_margin_mean,0.3526820155906393,0.6473179844093607,lower,3640,1445
mistral7b,format_failure,late50p_surprisal_mean,0.6233197499822655,0.6233197499822655,higher,3640,1445
mistral7b,format_failure,margin_diff_std,0.6191391255684908,0.6191391255684908,higher,3640,1445
mistral7b,format_failure,margin_early_late_delta,0.4199440376445366,0.5800559623554634,lower,3640,1445
mistral7b,format_failure,margin_mean,0.37112720795138365,0.6288727920486163,lower,3640,1445
mistral7b,format_failure,margin_min,0.3785790290925428,0.6214209709074572,lower,3640,1445
mistral7b,format_failure,margin_range,0.6214209709074572,0.6214209709074572,higher,3640,1445
mistral7b,format_failure,margin_slope,0.369368255945015,0.630631744054985,lower,3640,1445
mistral7b,format_failure,margin_std,0.6104783599088838,0.6104783599088838,higher,3640,1445
mistral7b,format_failure,max_compound_severity,0.5112854789510606,0.5112854789510606,higher,3640,1445
mistral7b,format_failure,n_compound_signals,0.5112854789510606,0.5112854789510606,higher,3640,1445
mistral7b,format_failure,n_warning_signals,0.43298578871452104,0.567014211285479,lower,3640,1445
mistral7b,format_failure,perplexity_max,0.4123985780832499,0.58760142191675,lower,3640,1445
mistral7b,format_failure,perplexity_mean,0.5353232811280749,0.5353232811280749,higher,3640,1445
mistral7b,format_failure,risk_score,0.5113056569271149,0.5113056569271149,higher,3640,1445
mistral7b,format_failure,risk_score_is_one,0.5112854789510606,0.5112854789510606,higher,3640,1445
mistral7b,format_failure,surprisal_diff_std,0.5287294968905423,0.5287294968905423,higher,3640,1445
mistral7b,format_failure,surprisal_early_late_delta,0.5873301227230808,0.5873301227230808,higher,3640,1445
mistral7b,format_failure,surprisal_max,0.5125122368389939,0.5125122368389939,higher,3640,1445
mistral7b,format_failure,surprisal_mean,0.5727433377209922,0.5727433377209922,higher,3640,1445
mistral7b,format_failure,surprisal_p90,0.6035383972696675,0.6035383972696675,higher,3640,1445
mistral7b,format_failure,surprisal_range,0.5125122368389939,0.5125122368389939,higher,3640,1445
mistral7b,format_failure,surprisal_slope,0.6373547934516163,0.6373547934516163,higher,3640,1445
mistral7b,format_failure,surprisal_std,0.510283989248922,0.510283989248922,higher,3640,1445
mistral7b,format_failure,surprisal_volatility,0.384367408023838,0.615632591976162,lower,3514,1445
mistral7b,format_failure,topk_mass_mean,0.6902912407090668,0.6902912407090668,higher,3640,1445
mistral7b,format_failure,topk_mass_std,0.3281525328877364,0.6718474671122636,lower,3640,1445
mistral7b,format_failure,warning_density_per_100t,0.31766581803564253,0.6823341819643575,lower,3640,1445
mixtral,correct,attention_collapse_detected,0.49966865473823724,0.5003313452617628,lower,3620,602
mixtral,correct,attn_entropy_norm_mean,0.6809277227003429,0.6809277227003429,higher,3620,602
mixtral,correct,attn_entropy_norm_std,0.2958065560127606,0.7041934439872394,lower,3620,602
mixtral,correct,collapsed_rate_mean,0.3317855876920096,0.6682144123079904,lower,3620,602
mixtral,correct,collapsed_rate_mean_zscore,0.3317855876920096,0.6682144123079904,lower,3620,602
mixtral,correct,compound_density_per_100t,0.5399923273206827,0.5399923273206827,higher,3620,602
mixtral,correct,concentration_max_mean,0.42392103635110706,0.576078963648893,lower,3620,602
mixtral,correct,concentration_min_mean,0.4523292140842652,0.5476707859157348,lower,3620,602
mixtral,correct,cs_confident_repetition_risk,0.504917339814931,0.504917339814931,higher,3620,602
mixtral,correct,early10_entropy_mean,0.5544127263000073,0.5544127263000073,higher,3620,602
mixtral,correct,early10_entropy_slope,0.6628985775270855,0.6628985775270855,higher,3620,602
mixtral,correct,early10_margin_mean,0.4723857849580259,0.527614215041974,lower,3620,602
mixtral,correct,early10_margin_slope,0.33755330695781016,0.6624466930421898,lower,3620,602
mixtral,correct,early10_surprisal_mean,0.5644505062647371,0.5644505062647371,higher,3620,602
mixtral,correct,early10_surprisal_slope,0.634070989346314,0.634070989346314,higher,3620,602
mixtral,correct,early25p_entropy_mean,0.621926800217521,0.621926800217521,higher,3620,602
mixtral,correct,early25p_entropy_slope,0.5210481369453948,0.5210481369453948,higher,3617,602
mixtral,correct,early25p_margin_mean,0.3756833308014592,0.6243166691985408,lower,3620,602
mixtral,correct,early25p_margin_slope,0.4487363845225699,0.5512636154774301,lower,3617,602
mixtral,correct,early25p_surprisal_mean,0.6323812385928065,0.6323812385928065,higher,3620,602
mixtral,correct,early25p_surprisal_slope,0.517146273064357,0.517146273064357,higher,3617,602
mixtral,correct,early50p_entropy_mean,0.6024533859963145,0.6024533859963145,higher,3620,602
mixtral,correct,early50p_entropy_slope,0.4435050824620384,0.5564949175379617,lower,3620,602
mixtral,correct,early50p_margin_mean,0.3885430495652882,0.6114569504347118,lower,3620,602
mixtral,correct,early50p_margin_slope,0.5446270329297747,0.5446270329297747,higher,3620,602
mixtral,correct,early50p_surprisal_mean,0.6059792958748065,0.6059792958748065,higher,3620,602
mixtral,correct,early50p_surprisal_slope,0.4278140679731137,0.5721859320268863,lower,3620,602
mixtral,correct,entropy_diff_std,0.5710966757593972,0.5710966757593972,higher,3620,602
mixtral,correct,entropy_early_late_delta,0.4146525172417211,0.585347482758279,lower,3619,602
mixtral,correct,entropy_max,0.5222708598904909,0.5222708598904909,higher,3620,602
mixtral,correct,entropy_mean,0.5734590243698385,0.5734590243698385,higher,3620,602
mixtral,correct,entropy_p90,0.5864662523199672,0.5864662523199672,higher,3620,602
mixtral,correct,entropy_range,0.5222708598904909,0.5222708598904909,higher,3620,602
mixtral,correct,entropy_range_approx,0.5134387473607964,0.5134387473607964,higher,3620,602
mixtral,correct,entropy_slope,0.42492883232168455,0.5750711676783155,lower,3620,602
mixtral,correct,entropy_std,0.5556065599756941,0.5556065599756941,higher,3620,602
mixtral,correct,failure_risk,0.4960238568588469,0.5039761431411531,lower,3620,602
mixtral,correct,focused_head_mean,0.3233307794429437,0.6766692205570564,lower,3620,602
mixtral,correct,focused_head_mean_zscore,0.3233307794429437,0.6766692205570564,lower,3620,602
mixtral,correct,focused_head_rate,0.3233307794429437,0.6766692205570564,lower,3620,602
mixtral,correct,hidden_max_abs_last_layer_mean,0.35886288030400104,0.641137119695999,lower,3620,602
mixtral,correct,hidden_max_abs_last_layer_mean_zscore,0.35886288030400104,0.641137119695999,lower,3620,602
mixtral,correct,hidden_std_last_layer_mean,0.4764783392667252,0.5235216607332748,lower,3620,602
mixtral,correct,hidden_std_last_layer_mean_zscore,0.4764783392667252,0.5235216607332748,lower,3620,602
mixtral,correct,high_entropy_frac,0.4998200167764179,0.500179983223582,lower,3620,602
mixtral,correct,high_entropy_steps,0.4996378319231895,0.5003621680768104,lower,3620,602
mixtral,correct,l2_norm_cross_layer_max,0.5516738990200547,0.5516738990200547,higher,3620,602
mixtral,correct,l2_norm_cross_layer_max_zscore,0.5516738990200547,0.5516738990200547,higher,3620,602
mixtral,correct,l2_norm_last_layer_mean,0.47656585404516416,0.5234341459548358,lower,3620,602
mixtral,correct,l2_norm_last_layer_mean_zscore,0.47656585404516416,0.5234341459548358,lower,3620,602
mixtral,correct,l2_norm_slope,0.4836253795059102,0.5163746204940898,lower,3620,602
mixtral,correct,late50p_entropy_mean,0.5224329548731972,0.5224329548731972,higher,3620,602
mixtral,correct,late50p_margin_mean,0.4697496086603304,0.5302503913396697,lower,3620,602
mixtral,correct,late50p_surprisal_mean,0.5180764802106519,0.5180764802106519,higher,3620,602
mixtral,correct,margin_diff_std,0.5993215678245036,0.5993215678245036,higher,3620,602
mixtral,correct,margin_early_late_delta,0.5808706367131107,0.5808706367131107,higher,3619,602
mixtral,correct,margin_mean,0.4170101208914839,0.5829898791085161,lower,3620,602
mixtral,correct,margin_min,0.46529268464517437,0.5347073153548256,lower,3620,602
mixtral,correct,margin_range,0.5347073153548256,0.5347073153548256,higher,3620,602
mixtral,correct,margin_slope,0.5786267995570321,0.5786267995570321,higher,3620,602
mixtral,correct,margin_std,0.5825858800684267,0.5825858800684267,higher,3620,602
mixtral,correct,max_compound_severity,0.504917339814931,0.504917339814931,higher,3620,602
mixtral,correct,n_compound_signals,0.504917339814931,0.504917339814931,higher,3620,602
mixtral,correct,n_warning_signals,0.5442012927969283,0.5442012927969283,higher,3620,602
mixtral,correct,perplexity_max,0.5222708598904909,0.5222708598904909,higher,3620,602
mixtral,correct,perplexity_mean,0.5632385091444687,0.5632385091444687,higher,3620,602
mixtral,correct,repetition_detected,0.4990059642147117,0.5009940357852882,lower,3620,602
mixtral,correct,risk_score,0.5048122119993219,0.5048122119993219,higher,3620,602
mixtral,correct,risk_score_is_one,0.504917339814931,0.504917339814931,higher,3620,602
mixtral,correct,surprisal_diff_std,0.5569902842083709,0.5569902842083709,higher,3620,602
mixtral,correct,surprisal_early_late_delta,0.40300533962033525,0.5969946603796648,lower,3619,602
mixtral,correct,surprisal_max,0.5084735221010592,0.5084735221010592,higher,3620,602
mixtral,correct,surprisal_mean,0.5735856180744987,0.5735856180744987,higher,3620,602
mixtral,correct,surprisal_p90,0.5817341245990282,0.5817341245990282,higher,3620,602
mixtral,correct,surprisal_range,0.5084735221010592,0.5084735221010592,higher,3620,602
mixtral,correct,surprisal_slope,0.4138865588308466,0.5861134411691534,lower,3620,602
mixtral,correct,surprisal_std,0.5518692936511606,0.5518692936511606,higher,3620,602
mixtral,correct,surprisal_volatility,0.44257933232704033,0.5574206676729596,lower,3340,602
mixtral,correct,topk_mass_mean,0.49880616632431335,0.5011938336756867,lower,3620,602
mixtral,correct,topk_mass_std,0.5038019391953924,0.5038019391953924,higher,3620,602
mixtral,correct,warning_density_per_100t,0.5523170500804696,0.5523170500804696,higher,3620,602
mixtral,incorrect,attention_collapse_detected,0.5000103818569112,0.5000103818569112,higher,3620,1776
mixtral,incorrect,attn_entropy_norm_mean,0.13894802476011803,0.861051975239882,lower,3620,1776
mixtral,incorrect,attn_entropy_norm_std,0.8820196620155948,0.8820196620155948,higher,3620,1776
mixtral,incorrect,collapsed_rate_mean,0.8910161517265639,0.8910161517265639,higher,3620,1776
mixtral,incorrect,collapsed_rate_mean_zscore,0.8910161517265639,0.8910161517265639,higher,3620,1776
mixtral,incorrect,compound_density_per_100t,0.4907838118758672,0.5092161881241328,lower,3620,1776
mixtral,incorrect,concentration_max_mean,0.7664869994723573,0.7664869994723573,higher,3620,1776
mixtral,incorrect,concentration_min_mean,0.6366279850892107,0.6366279850892107,higher,3620,1776
mixtral,incorrect,cs_confident_repetition_risk,0.4803056174395654,0.5196943825604345,lower,3620,1776
mixtral,incorrect,early10_entropy_mean,0.4301359046139415,0.5698640953860585,lower,3620,1776
mixtral,incorrect,early10_entropy_slope,0.12446808250767036,0.8755319174923296,lower,3620,1776
mixtral,incorrect,early10_margin_mean,0.5401310678900157,0.5401310678900157,higher,3620,1776
mixtral,incorrect,early10_margin_slope,0.8566668620898555,0.8566668620898555,higher,3620,1776
mixtral,incorrect,early10_surprisal_mean,0.4240971754020832,0.5759028245979168,lower,3620,1776
mixtral,incorrect,early10_surprisal_slope,0.16837249736178694,0.8316275026382131,lower,3620,1776
mixtral,incorrect,early25p_entropy_mean,0.279149048044791,0.720850951955209,lower,3620,1776
mixtral,incorrect,early25p_entropy_slope,0.44604022900263707,0.5539597709973629,lower,3617,1776
mixtral,incorrect,early25p_margin_mean,0.7404418212952649,0.7404418212952649,higher,3620,1776
mixtral,incorrect,early25p_margin_slope,0.5775372061996366,0.5775372061996366,higher,3617,1776
mixtral,incorrect,early25p_surprisal_mean,0.28215978654902196,0.717840213450978,lower,3620,1776
mixtral,incorrect,early25p_surprisal_slope,0.4561580397139363,0.5438419602860637,lower,3617,1776
mixtral,incorrect,early50p_entropy_mean,0.32624863203767757,0.6737513679623224,lower,3620,1776
mixtral,incorrect,early50p_entropy_slope,0.5768513904359891,0.5768513904359891,higher,3620,1776
mixtral,incorrect,early50p_margin_mean,0.7015814621562995,0.7015814621562995,higher,3620,1776
mixtral,incorrect,early50p_margin_slope,0.42592300814914696,0.574076991850853,lower,3620,1776
mixtral,incorrect,early50p_surprisal_mean,0.32633748851888766,0.6736625114811123,lower,3620,1776
mixtral,incorrect,early50p_surprisal_slope,0.5908604849426433,0.5908604849426433,higher,3620,1776
mixtral,incorrect,entropy_diff_std,0.416891097985187,0.583108902014813,lower,3620,1776
mixtral,incorrect,entropy_early_late_delta,0.7001140790817948,0.7001140790817948,higher,3619,1776
mixtral,incorrect,entropy_max,0.5350080795274668,0.5350080795274668,higher,3620,1776
mixtral,incorrect,entropy_mean,0.39450170751011315,0.6054982924898868,lower,3620,1776
mixtral,incorrect,entropy_p90,0.3565673184030017,0.6434326815969983,lower,3620,1776
mixtral,incorrect,entropy_range,0.5350080795274668,0.5350080795274668,higher,3620,1776
mixtral,incorrect,entropy_range_approx,0.5505306350276524,0.5505306350276524,higher,3620,1776
mixtral,incorrect,entropy_slope,0.6279573024760118,0.6279573024760118,higher,3620,1776
mixtral,incorrect,entropy_std,0.4400063023978425,0.5599936976021576,lower,3620,1776
mixtral,incorrect,failure_risk,0.5051014612768951,0.5051014612768951,higher,3620,1776
mixtral,incorrect,focused_head_mean,0.8973916805905688,0.8973916805905688,higher,3620,1776
mixtral,incorrect,focused_head_mean_zscore,0.8973916805905688,0.8973916805905688,higher,3620,1776
mixtral,incorrect,focused_head_rate,0.8973916805905688,0.8973916805905688,higher,3620,1776
mixtral,incorrect,hidden_max_abs_last_layer_mean,0.8406265878134099,0.8406265878134099,higher,3620,1776
mixtral,incorrect,hidden_max_abs_last_layer_mean_zscore,0.8406265878134099,0.8406265878134099,higher,3620,1776
mixtral,incorrect,hidden_std_last_layer_mean,0.5681950592132262,0.5681950592132262,higher,3620,1776
mixtral,incorrect,hidden_std_last_layer_mean_zscore,0.5681950592132262,0.5681950592132262,higher,3620,1776
mixtral,incorrect,high_entropy_frac,0.5186827622090637,0.5186827622090637,higher,3620,1776
mixtral,incorrect,high_entropy_steps,0.518783832639581,0.518783832639581,higher,3620,1776
mixtral,incorrect,l2_norm_cross_layer_max,0.3562938786128862,0.6437061213871138,lower,3620,1776
mixtral,incorrect,l2_norm_cross_layer_max_zscore,0.3562938786128862,0.6437061213871138,lower,3620,1776
mixtral,incorrect,l2_norm_last_layer_mean,0.5679736813820329,0.5679736813820329,higher,3620,1776
mixtral,incorrect,l2_norm_last_layer_mean_zscore,0.5679736813820329,0.5679736813820329,higher,3620,1776
mixtral,incorrect,l2_norm_slope,0.5571279997459498,0.5571279997459498,higher,3620,1776
mixtral,incorrect,late50p_entropy_mean,0.48682756102089075,0.5131724389791092,lower,3620,1776
mixtral,incorrect,late50p_margin_mean,0.5288041566512283,0.5288041566512283,higher,3620,1776
mixtral,incorrect,late50p_surprisal_mean,0.4864138134881085,0.5135861865118915,lower,3620,1776
mixtral,incorrect,margin_diff_std,0.3428180756678587,0.6571819243321413,lower,3620,1776
mixtral,incorrect,margin_early_late_delta,0.29003185904298223,0.7099681409570178,lower,3619,1776
mixtral,incorrect,margin_mean,0.6333708301577066,0.6333708301577066,higher,3620,1776
mixtral,incorrect,margin_min,0.5741005037032695,0.5741005037032695,higher,3620,1776
mixtral,incorrect,margin_range,0.4258994962967306,0.5741005037032694,lower,3620,1776
mixtral,incorrect,margin_slope,0.35376788122178576,0.6462321187782143,lower,3620,1776
mixtral,incorrect,margin_std,0.36066570909304096,0.639334290906959,lower,3620,1776
mixtral,incorrect,max_compound_severity,0.4803056174395654,0.5196943825604345,lower,3620,1776
mixtral,incorrect,n_compound_signals,0.4803056174395654,0.5196943825604345,lower,3620,1776
mixtral,incorrect,n_warning_signals,0.5632731429911473,0.5632731429911473,higher,3620,1776
mixtral,incorrect,perplexity_max,0.5350080795274668,0.5350080795274668,higher,3620,1776
mixtral,incorrect,perplexity_mean,0.42879328623634483,0.5712067137636552,lower,3620,1776
mixtral,incorrect,repetition_detected,0.5016891891891891,0.5016891891891891,higher,3620,1776
mixtral,incorrect,risk_score,0.4804618033163315,0.5195381966836685,lower,3620,1776
mixtral,incorrect,risk_score_is_one,0.4803056174395654,0.5196943825604345,lower,3620,1776
mixtral,incorrect,surprisal_diff_std,0.4209217012565711,0.5790782987434289,lower,3620,1776
mixtral,incorrect,surprisal_early_late_delta,0.6993017162577662,0.6993017162577662,higher,3619,1776
mixtral,incorrect,surprisal_max,0.5019473615426706,0.5019473615426706,higher,3620,1776
mixtral,incorrect,surprisal_mean,0.39476522346641657,0.6052347765335835,lower,3620,1776
mixtral,incorrect,surprisal_p90,0.3670783378280667,0.6329216621719334,lower,3620,1776
mixtral,incorrect,surprisal_range,0.5019473615426706,0.5019473615426706,higher,3620,1776
mixtral,incorrect,surprisal_slope,0.6417367747356901,0.6417367747356901,higher,3620,1776
mixtral,incorrect,surprisal_std,0.43744015164839456,0.5625598483516054,lower,3620,1776
mixtral,incorrect,surprisal_volatility,0.589435795115431,0.589435795115431,higher,3340,1776
mixtral,incorrect,topk_mass_mean,0.39604112314592255,0.6039588768540775,lower,3620,1776
mixtral,incorrect,topk_mass_std,0.6003652276191592,0.6003652276191592,higher,3620,1776
mixtral,incorrect,warning_density_per_100t,0.5496355052177991,0.5496355052177991,higher,3620,1776
mixtral,format_failure,attention_collapse_detected,0.5001923157662361,0.5001923157662361,higher,3620,1242
mixtral,format_failure,attn_entropy_norm_mean,0.7890522895733706,0.7890522895733706,higher,3620,1242
mixtral,format_failure,attn_entropy_norm_std,0.20200976747398658,0.7979902325260134,lower,3620,1242
mixtral,format_failure,collapsed_rate_mean,0.16990149911494118,0.8300985008850588,lower,3620,1242
mixtral,format_failure,collapsed_rate_mean_zscore,0.16990149911494118,0.8300985008850588,lower,3620,1242
mixtral,format_failure,compound_density_per_100t,0.4856179633760356,0.5143820366239644,lower,3620,1242
mixtral,format_failure,concentration_max_mean,0.25130761177676747,0.7486923882232326,lower,3620,1242
mixtral,format_failure,concentration_min_mean,0.37782565356887954,0.6221743464311205,lower,3620,1242
mixtral,format_failure,cs_confident_repetition_risk,0.5188130866815914,0.5188130866815914,higher,3620,1242
mixtral,format_failure,early10_entropy_mean,0.543996294535659,0.543996294535659,higher,3620,1242
mixtral,format_failure,early10_entropy_slope,0.8161989465971621,0.8161989465971621,higher,3620,1242
mixtral,format_failure,early10_margin_mean,0.4724878414451311,0.5275121585548689,lower,3620,1242
mixtral,format_failure,early10_margin_slope,0.204441478447768,0.7955585215522321,lower,3620,1242
mixtral,format_failure,early10_surprisal_mean,0.5445175447506598,0.5445175447506598,higher,3620,1242
mixtral,format_failure,early10_surprisal_slope,0.7852491437208224,0.7852491437208224,higher,3620,1242
mixtral,format_failure,early25p_entropy_mean,0.669885754954501,0.669885754954501,higher,3620,1242
mixtral,format_failure,early25p_entropy_slope,0.5468753815349302,0.5468753815349302,higher,3617,1242
mixtral,format_failure,early25p_margin_mean,0.30986116020580495,0.690138839794195,lower,3620,1242
mixtral,format_failure,early25p_margin_slope,0.44558074025237604,0.554419259747624,lower,3617,1242
mixtral,format_failure,early25p_surprisal_mean,0.6601162494633442,0.6601162494633442,higher,3620,1242
mixtral,format_failure,early25p_surprisal_slope,0.5380583636526425,0.5380583636526425,higher,3617,1242
mixtral,format_failure,early50p_entropy_mean,0.6296387714002077,0.6296387714002077,higher,3620,1242
mixtral,format_failure,early50p_entropy_slope,0.44953674924055587,0.5504632507594441,lower,3620,1242
mixtral,format_failure,early50p_margin_mean,0.3450405556029573,0.6549594443970427,lower,3620,1242
mixtral,format_failure,early50p_margin_slope,0.5546874259347291,0.5546874259347291,higher,3620,1242
mixtral,format_failure,early50p_surprisal_mean,0.627371273712737,0.627371273712737,higher,3620,1242
mixtral,format_failure,early50p_surprisal_slope,0.44365520491786625,0.5563447950821337,lower,3620,1242
mixtral,format_failure,entropy_diff_std,0.5484195571590899,0.5484195571590899,higher,3620,1242
mixtral,format_failure,entropy_early_late_delta,0.3305728918524563,0.6694271081475437,lower,3619,1242
mixtral,format_failure,entropy_max,0.44748154378095506,0.5525184562190449,lower,3620,1242
mixtral,format_failure,entropy_mean,0.5717926944386884,0.5717926944386884,higher,3620,1242
mixtral,format_failure,entropy_p90,0.6058545930286889,0.6058545930286889,higher,3620,1242
mixtral,format_failure,entropy_range,0.44748154378095506,0.5525184562190449,lower,3620,1242
mixtral,format_failure,entropy_range_approx,0.43570254168308803,0.564297458316912,lower,3620,1242
mixtral,format_failure,entropy_slope,0.4042954809857944,0.5957045190142056,lower,3620,1242
mixtral,format_failure,entropy_std,0.5323171747459603,0.5323171747459603,higher,3620,1242
mixtral,format_failure,failure_risk,0.49678920702250506,0.5032107929774949,lower,3620,1242
mixtral,format_failure,focused_head_mean,0.16803302278400095,0.831966977215999,lower,3620,1242
mixtral,format_failure,focused_head_mean_zscore,0.16803302278400095,0.831966977215999,lower,3620,1242
mixtral,format_failure,focused_head_rate,0.16803302278400095,0.831966977215999,lower,3620,1242
mixtral,format_failure,hidden_max_abs_last_layer_mean,0.2091190177269089,0.7908809822730911,lower,3620,1242
mixtral,format_failure,hidden_max_abs_last_layer_mean_zscore,0.2091190177269089,0.7908809822730911,lower,3620,1242
mixtral,format_failure,hidden_std_last_layer_mean,0.4388517123552045,0.5611482876447955,lower,3620,1242
mixtral,format_failure,hidden_std_last_layer_mean_zscore,0.4388517123552045,0.5611482876447955,lower,3620,1242
mixtral,format_failure,high_entropy_frac,0.479394449116905,0.520605550883095,lower,3620,1242
mixtral,format_failure,high_entropy_steps,0.479394449116905,0.520605550883095,lower,3620,1242
mixtral,format_failure,l2_norm_cross_layer_max,0.6275603729300662,0.6275603729300662,higher,3620,1242
mixtral,format_failure,l2_norm_cross_layer_max_zscore,0.6275603729300662,0.6275603729300662,higher,3620,1242
mixtral,format_failure,l2_norm_last_layer_mean,0.4390433509532497,0.5609566490467504,lower,3620,1242
mixtral,format_failure,l2_norm_last_layer_mean_zscore,0.4390433509532497,0.5609566490467504,lower,3620,1242
mixtral,format_failure,l2_norm_slope,0.4467268398321165,0.5532731601678835,lower,3620,1242
mixtral,format_failure,late50p_entropy_mean,0.500806507315448,0.500806507315448,higher,3620,1242
mixtral,format_failure,late50p_margin_mean,0.48666926699252,0.51333073300748,lower,3620,1242
mixtral,format_failure,late50p_surprisal_mean,0.5039451818806044,0.5039451818806044,higher,3620,1242
mixtral,format_failure,margin_diff_std,0.6131923875460644,0.6131923875460644,higher,3620,1242
mixtral,format_failure,margin_early_late_delta,0.6831118451505169,0.6831118451505169,higher,3619,1242
mixtral,format_failure,margin_mean,0.40316393293867975,0.5968360670613202,lower,3620,1242
mixtral,format_failure,margin_min,0.43918437122901965,0.5608156287709803,lower,3620,1242
mixtral,format_failure,margin_range,0.5608156287709803,0.5608156287709803,higher,3620,1242
mixtral,format_failure,margin_slope,0.6137811852881148,0.6137811852881148,higher,3620,1242
mixtral,format_failure,margin_std,0.6036971351722513,0.6036971351722513,higher,3620,1242
mixtral,format_failure,max_compound_severity,0.5188130866815914,0.5188130866815914,higher,3620,1242
mixtral,format_failure,n_compound_signals,0.5188130866815914,0.5188130866815914,higher,3620,1242
mixtral,format_failure,n_warning_signals,0.4026494544055886,0.5973505455944115,lower,3620,1242
mixtral,format_failure,perplexity_max,0.44748154378095506,0.5525184562190449,lower,3620,1242
mixtral,format_failure,perplexity_mean,0.5400558528323913,0.5400558528323913,higher,3620,1242
mixtral,format_failure,repetition_detected,0.4987384356602187,0.5012615643397813,lower,3620,1242
mixtral,format_failure,risk_score,0.5187045704789882,0.5187045704789882,higher,3620,1242
mixtral,format_failure,risk_score_is_one,0.5188130866815914,0.5188130866815914,higher,3620,1242
mixtral,format_failure,surprisal_diff_std,0.5526278188818871,0.5526278188818871,higher,3620,1242
mixtral,format_failure,surprisal_early_late_delta,0.33864209185869126,0.6613579081413088,lower,3619,1242
mixtral,format_failure,surprisal_max,0.4926281777810282,0.5073718222189718,lower,3620,1242
mixtral,format_failure,surprisal_mean,0.5714226220223222,0.5714226220223222,higher,3620,1242
mixtral,format_failure,surprisal_p90,0.5971104894707117,0.5971104894707117,higher,3620,1242
mixtral,format_failure,surprisal_range,0.4926281777810282,0.5073718222189718,lower,3620,1242
mixtral,format_failure,surprisal_slope,0.3958088706324344,0.6041911293675656,lower,3620,1242
mixtral,format_failure,surprisal_std,0.5374616214927767,0.5374616214927767,higher,3620,1242
mixtral,format_failure,surprisal_volatility,0.4401212626361916,0.5598787373638083,lower,3340,1242
mixtral,format_failure,topk_mass_mean,0.6160085607602703,0.6160085607602703,higher,3620,1242
mixtral,format_failure,topk_mass_std,0.386371854723045,0.613628145276955,lower,3620,1242
mixtral,format_failure,warning_density_per_100t,0.41277904408229493,0.5872209559177051,lower,3620,1242
qwen,correct,attention_collapse_detected,0.4998341625207297,0.5001658374792703,lower,3640,625
qwen,correct,attn_entropy_norm_mean,0.5972574461028193,0.5972574461028193,higher,3640,625
qwen,correct,attn_entropy_norm_std,0.5617570812603648,0.5617570812603648,higher,3640,625
qwen,correct,collapsed_rate_mean,0.5209666334991707,0.5209666334991707,higher,3640,625
qwen,correct,collapsed_rate_mean_zscore,0.5209666334991707,0.5209666334991707,higher,3640,625
qwen,correct,compound_density_per_100t,0.6685598673300166,0.6685598673300166,higher,3640,625
qwen,correct,concentration_max_mean,0.4742346932006634,0.5257653067993366,lower,3640,625
qwen,correct,concentration_min_mean,0.5644746932006633,0.5644746932006633,higher,3640,625
qwen,correct,cs_confident_repetition_risk,0.523575456053068,0.523575456053068,higher,3640,625
qwen,correct,cs_degenerating_generation,0.4998341625207297,0.5001658374792703,lower,3640,625
qwen,correct,early10_entropy_mean,0.4234597678275289,0.5765402321724711,lower,3640,625
qwen,correct,early10_entropy_slope,0.5454667993366501,0.5454667993366501,higher,3640,625
qwen,correct,early10_margin_mean,0.5322327031509121,0.5322327031509121,higher,3640,625
qwen,correct,early10_margin_slope,0.4830885572139303,0.5169114427860697,lower,3640,625
qwen,correct,early10_surprisal_mean,0.4243804975124378,0.5756195024875622,lower,3640,625
qwen,correct,early10_surprisal_slope,0.5297024212271974,0.5297024212271974,higher,3640,625
qwen,correct,early25p_entropy_mean,0.4821038805970149,0.5178961194029851,lower,3640,625
qwen,correct,early25p_entropy_slope,0.45587820445008637,0.5441217955499136,lower,3635,625
qwen,correct,early25p_margin_mean,0.4946602985074627,0.5053397014925374,lower,3640,625
qwen,correct,early25p_margin_slope,0.5492503048040972,0.5492503048040972,higher,3635,625
qwen,correct,early25p_surprisal_mean,0.4674157213930348,0.5325842786069652,lower,3640,625
qwen,correct,early25p_surprisal_slope,0.4634841485841168,0.5365158514158832,lower,3635,625
qwen,correct,early50p_entropy_mean,0.4369239137645108,0.5630760862354892,lower,3640,625
qwen,correct,early50p_entropy_slope,0.40331595356550587,0.5966840464344941,lower,3640,625
qwen,correct,early50p_margin_mean,0.5377950248756218,0.5377950248756218,higher,3640,625
qwen,correct,early50p_margin_slope,0.5977889220563848,0.5977889220563848,higher,3640,625
qwen,correct,early50p_surprisal_mean,0.43259940298507465,0.5674005970149254,lower,3640,625
qwen,correct,early50p_surprisal_slope,0.422465008291874,0.577534991708126,lower,3640,625
qwen,correct,entropy_diff_std,0.3960819900497513,0.6039180099502487,lower,3640,625
qwen,correct,entropy_early_late_delta,0.4546275599992523,0.5453724400007477,lower,3636,625
qwen,correct,entropy_max,0.30764550580431177,0.6923544941956883,lower,3640,625
qwen,correct,entropy_mean,0.38732895522388056,0.6126710447761194,lower,3640,625
qwen,correct,entropy_p90,0.3773468656716418,0.6226531343283582,lower,3640,625
qwen,correct,entropy_range,0.30764550580431177,0.6923544941956883,lower,3640,625
qwen,correct,entropy_range_approx,0.3126882918739635,0.6873117081260365,lower,3640,625
qwen,correct,entropy_slope,0.40997094527363187,0.5900290547263681,lower,3640,625
qwen,correct,entropy_std,0.35405903814262024,0.6459409618573797,lower,3640,625
qwen,correct,failure_risk,0.5321233830845771,0.5321233830845771,higher,3640,625
qwen,correct,failure_risk_is_zero,0.46817645107794353,0.5318235489220564,lower,3640,625
qwen,correct,focused_head_mean,0.4942397346600331,0.5057602653399669,lower,3640,625
qwen,correct,focused_head_mean_zscore,0.4942397346600331,0.5057602653399669,lower,3640,625
qwen,correct,focused_head_rate,0.4942397346600331,0.5057602653399669,lower,3640,625
qwen,correct,hidden_max_abs_last_layer_mean,0.5048193698175788,0.5048193698175788,higher,3640,625
qwen,correct,hidden_max_abs_last_layer_mean_zscore,0.5048193698175788,0.5048193698175788,higher,3640,625
qwen,correct,hidden_std_last_layer_mean,0.4709099834162521,0.5290900165837479,lower,3640,625
qwen,correct,hidden_std_last_layer_mean_zscore,0.4709099834162521,0.5290900165837479,lower,3640,625
qwen,correct,high_entropy_frac,0.49511323383084577,0.5048867661691543,lower,3640,625
qwen,correct,high_entropy_steps,0.49507980099502485,0.5049201990049752,lower,3640,625
qwen,correct,l2_norm_cross_layer_max,0.43660922056384743,0.5633907794361526,lower,3640,625
qwen,correct,l2_norm_cross_layer_max_zscore,0.43660922056384743,0.5633907794361526,lower,3640,625
qwen,correct,l2_norm_last_layer_mean,0.47049180762852405,0.529508192371476,lower,3640,625
qwen,correct,l2_norm_last_layer_mean_zscore,0.47049180762852405,0.529508192371476,lower,3640,625
qwen,correct,l2_norm_slope,0.3343681592039801,0.6656318407960199,lower,3640,625
qwen,correct,late50p_entropy_mean,0.4012184411276949,0.5987815588723051,lower,3640,625
qwen,correct,late50p_margin_mean,0.587737048092869,0.587737048092869,higher,3640,625
qwen,correct,late50p_surprisal_mean,0.3949065339966833,0.6050934660033167,lower,3640,625
qwen,correct,margin_diff_std,0.4677126368159204,0.5322873631840797,lower,3640,625
qwen,correct,margin_early_late_delta,0.5506306364046648,0.5506306364046648,higher,3636,625
qwen,correct,margin_mean,0.5899611276948591,0.5899611276948591,higher,3640,625
qwen,correct,margin_min,0.5647341956882256,0.5647341956882256,higher,3640,625
qwen,correct,margin_p90,0.5001658374792703,0.5001658374792703,higher,3640,625
qwen,correct,margin_range,0.4352658043117743,0.5647341956882257,lower,3640,625
qwen,correct,margin_slope,0.6050425207296849,0.6050425207296849,higher,3640,625
qwen,correct,margin_std,0.4098595024875622,0.5901404975124378,lower,3640,625
qwen,correct,max_compound_severity,0.5232530679933665,0.5232530679933665,higher,3640,625
qwen,correct,n_compound_signals,0.5234096185737976,0.5234096185737976,higher,3640,625
qwen,correct,n_warning_signals,0.5321700829187397,0.5321700829187397,higher,3640,625
qwen,correct,perplexity_max,0.30764550580431177,0.6923544941956883,lower,3640,625
qwen,correct,perplexity_mean,0.3680673963515755,0.6319326036484245,lower,3640,625
qwen,correct,risk_score,0.43187290215588725,0.5681270978441127,lower,3640,625
qwen,correct,risk_score_is_zero,0.49960995024875626,0.5003900497512437,lower,3640,625
qwen,correct,surprisal_diff_std,0.38373572139303486,0.6162642786069652,lower,3640,625
qwen,correct,surprisal_early_late_delta,0.45717093544622567,0.5428290645537743,lower,3636,625
qwen,correct,surprisal_max,0.339261824212272,0.660738175787728,lower,3640,625
qwen,correct,surprisal_mean,0.381200663349917,0.618799336650083,lower,3640,625
qwen,correct,surprisal_p90,0.3848806633499171,0.6151193366500829,lower,3640,625
qwen,correct,surprisal_range,0.339261824212272,0.660738175787728,lower,3640,625
qwen,correct,surprisal_slope,0.40660218905472634,0.5933978109452737,lower,3640,625
qwen,correct,surprisal_std,0.3598742288557214,0.6401257711442786,lower,3640,625
qwen,correct,surprisal_volatility,0.5649956954922436,0.5649956954922436,higher,3496,625
qwen,correct,topk_mass_mean,0.6730499502487562,0.6730499502487562,higher,3640,625
qwen,correct,topk_mass_std,0.3279402985074627,0.6720597014925374,lower,3640,625
qwen,correct,warning_density_per_100t,0.5643380431177446,0.5643380431177446,higher,3640,625
qwen,incorrect,attention_collapse_detected,0.500170998632011,0.500170998632011,higher,3640,2924
qwen,incorrect,attn_entropy_norm_mean,0.38035970851897993,0.6196402914810201,lower,3640,2924
qwen,incorrect,attn_entropy_norm_std,0.47251841817667695,0.527481581823323,lower,3640,2924
qwen,incorrect,collapsed_rate_mean,0.5103162805982469,0.5103162805982469,higher,3640,2924
qwen,incorrect,collapsed_rate_mean_zscore,0.5103162805982469,0.5103162805982469,higher,3640,2924
qwen,incorrect,compound_density_per_100t,0.37202997348088257,0.6279700265191175,lower,3640,2924
qwen,incorrect,concentration_max_mean,0.5632136088162691,0.5632136088162691,higher,3640,2924
qwen,incorrect,concentration_min_mean,0.4833070944370992,0.5166929055629008,lower,3640,2924
qwen,incorrect,cs_confident_repetition_risk,0.47560737949850596,0.524392620501494,lower,3640,2924
qwen,incorrect,cs_degenerating_generation,0.500170998632011,0.500170998632011,higher,3640,2924
qwen,incorrect,early10_entropy_mean,0.5818400408103998,0.5818400408103998,higher,3640,2924
qwen,incorrect,early10_entropy_slope,0.44979661671086524,0.5502033832891348,lower,3640,2924
qwen,incorrect,early10_margin_mean,0.46870390679332663,0.5312960932066734,lower,3640,2924
qwen,incorrect,early10_margin_slope,0.5172842360277877,0.5172842360277877,higher,3640,2924
qwen,incorrect,early10_surprisal_mean,0.584190077876025,0.584190077876025,higher,3640,2924
qwen,incorrect,early10_surprisal_slope,0.46967592415685255,0.5303240758431474,lower,3640,2924
qwen,incorrect,early25p_entropy_mean,0.5185545456977125,0.5185545456977125,higher,3640,2924
qwen,incorrect,early25p_entropy_slope,0.5250812521382142,0.5250812521382142,higher,3635,2924
qwen,incorrect,early25p_margin_mean,0.5091539197854015,0.5091539197854015,higher,3640,2924
qwen,incorrect,early25p_margin_slope,0.46570424606088096,0.5342957539391191,lower,3635,2924
qwen,incorrect,early25p_surprisal_mean,0.5316564799883836,0.5316564799883836,higher,3640,2924
qwen,incorrect,early25p_surprisal_slope,0.5183235343863277,0.5183235343863277,higher,3635,2924
qwen,incorrect,early50p_entropy_mean,0.5633810250747044,0.5633810250747044,higher,3640,2924
qwen,incorrect,early50p_entropy_slope,0.5804140173023867,0.5804140173023867,higher,3640,2924
qwen,incorrect,early50p_margin_mean,0.4644081632263143,0.5355918367736857,lower,3640,2924
qwen,incorrect,early50p_margin_slope,0.4143074746463481,0.5856925253536519,lower,3640,2924
qwen,incorrect,early50p_surprisal_mean,0.5671683104188798,0.5671683104188798,higher,3640,2924
qwen,incorrect,early50p_surprisal_slope,0.5623163436480219,0.5623163436480219,higher,3640,2924
qwen,incorrect,entropy_diff_std,0.6105014176646364,0.6105014176646364,higher,3640,2924
qwen,incorrect,entropy_early_late_delta,0.5501078828448025,0.5501078828448025,higher,3636,2924
qwen,incorrect,entropy_max,0.6825021112121605,0.6825021112121605,higher,3640,2924
qwen,incorrect,entropy_mean,0.6147830705622511,0.6147830705622511,higher,3640,2924
qwen,incorrect,entropy_p90,0.6229597188362157,0.6229597188362157,higher,3640,2924
qwen,incorrect,entropy_range,0.6825021112121605,0.6825021112121605,higher,3640,2924
qwen,incorrect,entropy_range_approx,0.6753504994306414,0.6753504994306414,higher,3640,2924
qwen,incorrect,entropy_slope,0.5794685095033206,0.5794685095033206,higher,3640,2924
qwen,incorrect,entropy_std,0.6481593286918509,0.6481593286918509,higher,3640,2924
qwen,incorrect,failure_risk,0.47275676543191003,0.52724323456809,lower,3640,2924
qwen,incorrect,failure_risk_is_zero,0.5279262737965135,0.5279262737965135,higher,3640,2924
qwen,incorrect,focused_head_mean,0.5390994581540554,0.5390994581540554,higher,3640,2924
qwen,incorrect,focused_head_mean_zscore,0.5390994581540554,0.5390994581540554,higher,3640,2924
qwen,incorrect,focused_head_rate,0.5390994581540554,0.5390994581540554,higher,3640,2924
qwen,incorrect,hidden_max_abs_last_layer_mean,0.4908353330938716,0.5091646669061284,lower,3640,2924
qwen,incorrect,hidden_max_abs_last_layer_mean_zscore,0.4908353330938716,0.5091646669061284,lower,3640,2924
qwen,incorrect,hidden_std_last_layer_mean,0.5315769512950042,0.5315769512950042,higher,3640,2924
qwen,incorrect,hidden_std_last_layer_mean_zscore,0.5315769512950042,0.5315769512950042,higher,3640,2924
qwen,incorrect,high_entropy_frac,0.5046866999365681,0.5046866999365681,higher,3640,2924
qwen,incorrect,high_entropy_steps,0.504713448325933,0.504713448325933,higher,3640,2924
qwen,incorrect,l2_norm_cross_layer_max,0.5419634464153337,0.5419634464153337,higher,3640,2924
qwen,incorrect,l2_norm_cross_layer_max_zscore,0.5419634464153337,0.5419634464153337,higher,3640,2924
qwen,incorrect,l2_norm_last_layer_mean,0.5319146497107353,0.5319146497107353,higher,3640,2924
qwen,incorrect,l2_norm_last_layer_mean_zscore,0.5319146497107353,0.5319146497107353,higher,3640,2924
qwen,incorrect,l2_norm_slope,0.6418605606462411,0.6418605606462411,higher,3640,2924
qwen,incorrect,late50p_entropy_mean,0.6008774904661098,0.6008774904661098,higher,3640,2924
qwen,incorrect,late50p_margin_mean,0.40998808741373644,0.5900119125862635,lower,3640,2924
qwen,incorrect,late50p_surprisal_mean,0.606344192542549,0.606344192542549,higher,3640,2924
qwen,incorrect,margin_diff_std,0.5361389846311397,0.5361389846311397,higher,3640,2924
qwen,incorrect,margin_early_late_delta,0.4412999162298836,0.5587000837701164,lower,3636,2924
qwen,incorrect,margin_mean,0.4089991134819525,0.5910008865180475,lower,3640,2924
qwen,incorrect,margin_min,0.4511068101399322,0.5488931898600677,lower,3640,2924
qwen,incorrect,margin_p90,0.4998290013679891,0.5001709986320109,lower,3640,2924
qwen,incorrect,margin_range,0.5488931898600677,0.5488931898600677,higher,3640,2924
qwen,incorrect,margin_slope,0.40475997141743536,0.5952400285825646,lower,3640,2924
qwen,incorrect,margin_std,0.5907353132236395,0.5907353132236395,higher,3640,2924
qwen,incorrect,max_compound_severity,0.4759398237663261,0.5240601762336738,lower,3640,2924
qwen,incorrect,n_compound_signals,0.4757783781305169,0.5242216218694831,lower,3640,2924
qwen,incorrect,n_warning_signals,0.47193735718270674,0.5280626428172932,lower,3640,2924
qwen,incorrect,perplexity_max,0.6825021112121605,0.6825021112121605,higher,3640,2924
qwen,incorrect,perplexity_mean,0.6344593768389517,0.6344593768389517,higher,3640,2924
qwen,incorrect,risk_score,0.5706112102499828,0.5706112102499828,higher,3640,2924
qwen,incorrect,risk_score_is_zero,0.5006553355394385,0.5006553355394385,higher,3640,2924
qwen,incorrect,surprisal_diff_std,0.6206892104639699,0.6206892104639699,higher,3640,2924
qwen,incorrect,surprisal_early_late_delta,0.5483930931923331,0.5483930931923331,higher,3636,2924
qwen,incorrect,surprisal_max,0.6547434924989874,0.6547434924989874,higher,3640,2924
qwen,incorrect,surprisal_mean,0.6205368401745524,0.6205368401745524,higher,3640,2924
qwen,incorrect,surprisal_p90,0.6139708270601991,0.6139708270601991,higher,3640,2924
qwen,incorrect,surprisal_range,0.6547434924989874,0.6547434924989874,higher,3640,2924
qwen,incorrect,surprisal_slope,0.5834640501646937,0.5834640501646937,higher,3640,2924
qwen,incorrect,surprisal_std,0.6428000978226811,0.6428000978226811,higher,3640,2924
qwen,incorrect,surprisal_volatility,0.4311797663387769,0.5688202336612231,lower,3496,2924
qwen,incorrect,topk_mass_mean,0.3236321064738744,0.6763678935261256,lower,3640,2924
qwen,incorrect,topk_mass_std,0.6749676631078572,0.6749676631078572,higher,3640,2924
qwen,incorrect,warning_density_per_100t,0.4481284247491383,0.5518715752508617,lower,3640,2924
qwen,format_failure,attention_collapse_detected,0.4998591152437306,0.5001408847562694,lower,3640,91
qwen,format_failure,attn_entropy_norm_mean,0.7080991704829406,0.7080991704829406,higher,3640,91
qwen,format_failure,attn_entropy_norm_std,0.31781433556581484,0.6821856644341852,lower,3640,91
qwen,format_failure,collapsed_rate_mean,0.310790224146099,0.689209775853901,lower,3640,91
qwen,format_failure,collapsed_rate_mean_zscore,0.310790224146099,0.689209775853901,lower,3640,91
qwen,format_failure,compound_density_per_100t,0.3460671478422958,0.6539328521577041,lower,3640,91
qwen,format_failure,concentration_max_mean,0.24055065813307572,0.7594493418669243,lower,3640,91
qwen,format_failure,concentration_min_mean,0.23202016355017202,0.767979836449828,lower,3640,91
qwen,format_failure,cs_confident_repetition_risk,0.5205691744153282,0.5205691744153282,higher,3640,91
qwen,format_failure,cs_degenerating_generation,0.4998591152437306,0.5001408847562694,lower,3640,91
qwen,format_failure,early10_entropy_mean,0.4160621007620162,0.5839378992379838,lower,3640,91
qwen,format_failure,early10_entropy_slope,0.5601577909270217,0.5601577909270217,higher,3640,91
qwen,format_failure,early10_margin_mean,0.5148083812496324,0.5148083812496324,higher,3640,91
qwen,format_failure,early10_margin_slope,0.4866283336274883,0.5133716663725116,lower,3640,91
qwen,format_failure,early10_surprisal_mean,0.3954557699274521,0.6045442300725479,lower,3640,91
qwen,format_failure,early10_surprisal_slope,0.5232707557306036,0.5232707557306036,higher,3640,91
qwen,format_failure,early25p_entropy_mean,0.48413885353868447,0.5158611464613155,lower,3640,91
qwen,format_failure,early25p_entropy_slope,0.5942127849577059,0.5942127849577059,higher,3635,91
qwen,format_failure,early25p_margin_mean,0.47181530782545156,0.5281846921745484,lower,3640,91
qwen,format_failure,early25p_margin_slope,0.43548607149058616,0.5645139285094138,lower,3635,91
qwen,format_failure,early25p_surprisal_mean,0.48490675286955925,0.5150932471304408,lower,3640,91
qwen,format_failure,early25p_surprisal_slope,0.5936794582392777,0.5936794582392777,higher,3635,91
qwen,format_failure,early50p_entropy_mean,0.45716329317343685,0.5428367068265632,lower,3640,91
qwen,format_failure,early50p_entropy_slope,0.5428398031948327,0.5428398031948327,higher,3640,91
qwen,format_failure,early50p_margin_mean,0.5102009852643834,0.5102009852643834,higher,3640,91
qwen,format_failure,early50p_margin_slope,0.4849315238157166,0.5150684761842834,lower,3640,91
qwen,format_failure,early50p_surprisal_mean,0.45784449419276135,0.5421555058072387,lower,3640,91
qwen,format_failure,early50p_surprisal_slope,0.5484287479215628,0.5484287479215628,higher,3640,91
qwen,format_failure,entropy_diff_std,0.39000616177285663,0.6099938382271434,lower,3640,91
qwen,format_failure,entropy_early_late_delta,0.43996342162773755,0.5600365783722625,lower,3636,91
qwen,format_failure,entropy_max,0.4392631882065525,0.5607368117934475,lower,3640,91
qwen,format_failure,entropy_mean,0.4133218148433702,0.5866781851566298,lower,3640,91
qwen,format_failure,entropy_p90,0.4185593217714942,0.5814406782285058,lower,3640,91
qwen,format_failure,entropy_range,0.4392631882065525,0.5607368117934475,lower,3640,91
qwen,format_failure,entropy_range_approx,0.4562003226415737,0.5437996773584264,lower,3640,91
qwen,format_failure,entropy_slope,0.5101390578989903,0.5101390578989903,higher,3640,91
qwen,format_failure,entropy_std,0.3910806015624274,0.6089193984375726,lower,3640,91
qwen,format_failure,failure_risk,0.48917354834514604,0.510826451654854,lower,3640,91
qwen,format_failure,failure_risk_is_zero,0.5046491969568893,0.5046491969568893,higher,3640,91
qwen,format_failure,focused_head_mean,0.2801470155654433,0.7198529844345567,lower,3640,91
qwen,format_failure,focused_head_mean_zscore,0.2801470155654433,0.7198529844345567,lower,3640,91
qwen,format_failure,focused_head_rate,0.2801470155654433,0.7198529844345567,lower,3640,91
qwen,format_failure,hidden_max_abs_last_layer_mean,0.531290349549014,0.531290349549014,higher,3640,91
qwen,format_failure,hidden_max_abs_last_layer_mean_zscore,0.531290349549014,0.531290349549014,higher,3640,91
qwen,format_failure,hidden_std_last_layer_mean,0.4650342613149037,0.5349657386850963,lower,3640,91
qwen,format_failure,hidden_std_last_layer_mean_zscore,0.4650342613149037,0.5349657386850963,lower,3640,91
qwen,format_failure,high_entropy_frac,0.4981313417492623,0.5018686582507377,lower,3640,91
qwen,format_failure,high_entropy_steps,0.4981530163271499,0.5018469836728501,lower,3640,91
qwen,format_failure,l2_norm_cross_layer_max,0.5978390445846067,0.5978390445846067,higher,3640,91
qwen,format_failure,l2_norm_cross_layer_max_zscore,0.5978390445846067,0.5978390445846067,higher,3640,91
qwen,format_failure,l2_norm_last_layer_mean,0.4652850671447459,0.5347149328552541,lower,3640,91
qwen,format_failure,l2_norm_last_layer_mean_zscore,0.4652850671447459,0.5347149328552541,lower,3640,91
qwen,format_failure,l2_norm_slope,0.5468031545799931,0.5468031545799931,higher,3640,91
qwen,format_failure,late50p_entropy_mean,0.42242358937202557,0.5775764106279744,lower,3640,91
qwen,format_failure,late50p_margin_mean,0.5715818416579196,0.5715818416579196,higher,3640,91
qwen,format_failure,late50p_surprisal_mean,0.42381385872510124,0.5761861412748988,lower,3640,91
qwen,format_failure,margin_diff_std,0.45411646679609485,0.5458835332039051,lower,3640,91
qwen,format_failure,margin_early_late_delta,0.5849687688897844,0.5849687688897844,higher,3636,91
qwen,format_failure,margin_mean,0.5650159927421127,0.5650159927421127,higher,3640,91
qwen,format_failure,margin_min,0.43924460999693454,0.5607553900030655,lower,3640,91
qwen,format_failure,margin_p90,0.5001408847562694,0.5001408847562694,higher,3640,91
qwen,format_failure,margin_range,0.5607553900030654,0.5607553900030654,higher,3640,91
qwen,format_failure,margin_slope,0.5045005712799457,0.5045005712799457,higher,3640,91
qwen,format_failure,margin_std,0.4377521604909601,0.5622478395090399,lower,3640,91
qwen,format_failure,max_compound_severity,0.5202951458234636,0.5202951458234636,higher,3640,91
qwen,format_failure,n_compound_signals,0.5204282896590589,0.5204282896590589,higher,3640,91
qwen,format_failure,n_warning_signals,0.494212887704012,0.505787112295988,lower,3640,91
qwen,format_failure,perplexity_max,0.4392631882065525,0.5607368117934475,lower,3640,91
qwen,format_failure,perplexity_mean,0.39815580305859255,0.6018441969414074,lower,3640,91
qwen,format_failure,risk_score,0.43976479986623684,0.5602352001337632,lower,3640,91
qwen,format_failure,risk_score_is_zero,0.4980276134122288,0.5019723865877712,lower,3640,91
qwen,format_failure,surprisal_diff_std,0.3960007307429116,0.6039992692570884,lower,3640,91
qwen,format_failure,surprisal_early_late_delta,0.4362683860568204,0.5637316139431796,lower,3636,91
qwen,format_failure,surprisal_max,0.43473629779631473,0.5652637022036853,lower,3640,91
qwen,format_failure,surprisal_mean,0.4117798234450813,0.5882201765549187,lower,3640,91
qwen,format_failure,surprisal_p90,0.4328722840979815,0.5671277159020185,lower,3640,91
qwen,format_failure,surprisal_range,0.43473629779631473,0.5652637022036853,lower,3640,91
qwen,format_failure,surprisal_slope,0.5038936830990931,0.5038936830990931,higher,3640,91
qwen,format_failure,surprisal_std,0.39189185004907745,0.6081081499509225,lower,3640,91
qwen,format_failure,surprisal_volatility,0.5669847684592403,0.5669847684592403,higher,3496,91
qwen,format_failure,topk_mass_mean,0.6336082908356788,0.6336082908356788,higher,3640,91
qwen,format_failure,topk_mass_std,0.36969088955564017,0.6303091104443599,lower,3640,91
qwen,format_failure,warning_density_per_100t,0.46086345325567646,0.5391365467443235,lower,3640,91
